frame,hips_roll,hips_pitch,hips_yaw,neck_roll,neck_pitch,neck_yaw,head_roll,head_pitch,head_yaw,L_shoulder_roll,L_shoulder_pitch,L_shoulder_yaw,L_elbow_roll,L_elbow_pitch,L_elbow_yaw,L_wrist_roll,L_wrist_pitch,L_wrist_yaw,R_shoulder_roll,R_shoulder_pitch,R_shoulder_yaw,R_elbow_roll,R_elbow_pitch,R_elbow_yaw,R_wrist_roll,R_wrist_pitch,R_wrist_yaw,L_hip_roll,L_hip_pitch,L_hip_yaw,L_knee_roll,L_knee_pitch,L_knee_yaw,L_ankle_roll,L_ankle_pitch,L_ankle_yaw,R_hip_roll,R_hip_pitch,R_hip_yaw,R_knee_roll,R_knee_pitch,R_knee_yaw,R_ankle_roll,R_ankle_pitch,R_ankle_yaw
0,174.60591104178494,14.723919520012606,1.7235695710792212,5.117430613789204,35.75781938579817,81.28710831159056,173.85935683618726,3.0936459247645955,-85.0487314884526,23.495113174289436,-46.97488097470828,156.75932201479205,81.627450135134,11.852535177339506,44.39981824242868,-1.089882405996882e-16,-6.54230643214133e-16,1.9645241962997862e-15,16.20033699106905,68.25789387372348,-144.29988326528732,114.40452441407818,-34.0162300566139,143.91066054448603,3.0123638210005154e-15,-4.2313200881165635e-16,7.913771245906279e-16,1.9556823607579568,-11.013198554296855,100.13424688876228,5.727132158319027,-4.552732663025848,-140.27314422664813,1.1358603473697752e-16,-1.7085942346274716e-16,1.3430593085744056e-15,-15.391398690708048,-16.069505869371188,45.15762917212444,11.728045731035829,14.300669557219052,126.5643994297665,1.5274438427023315e-16,3.9398375312005895e-17,-8.849361697568013e-17
1,175.24033478645657,13.555317570995442,1.4846093306741954,5.1461866126613645,37.989173711649364,81.67569841724922,173.00632135945284,0.5059440812690138,-85.50198776625471,-1.0332077623732765,-17.686881291255002,158.2219822588886,57.29850051522754,7.146959231329057,22.628019205081795,1.021131390622554e-15,-7.10090044919748e-16,4.095972997093033e-16,10.492603244970756,70.21433084566273,-140.49666814368055,112.11778857490445,-34.220731138814344,141.23739648011556,-5.924330465647235e-16,-2.5219058220206147e-15,3.955386680321362e-15,1.8354583545783922,-9.627983921968674,100.84661754802939,5.38046940336051,-4.019369730405826,-137.7932946817814,-8.212909791667983e-16,6.522523088133208e-16,-1.5444025312206285e-15,-11.869785856562661,-15.677333462762768,52.123487032353026,5.380010079962359,18.965022589078995,127.89142082616104,1.4752118243354685e-15,-6.386607902016091e-16,1.8721042903442894e-16
2,174.48914178840712,13.282362692866197,1.378540954030382,3.8663416471847984,37.827150271201795,83.71143556265984,174.43634159414756,1.4384825871699825,-85.50849097577314,-17.362071826954693,-8.565477597679235,158.41815945390888,51.49505982965657,13.930873968943766,23.28218133685157,1.025134374882698e-16,-4.757847019317004e-16,1.6328048176812372e-16,5.689216969963445,70.46107312514314,-135.38263466647908,109.14991420856398,-35.69082973577335,138.22316898274536,1.988264019390135e-15,-8.845373474838011e-17,-2.5873805927878864e-16,1.8067226195821302,-9.615916266515413,100.69360134359455,5.586272445562493,-3.6637459210208942,-138.94650972723477,6.914326201414607e-16,-1.5690481147829878e-15,-1.357656867007332e-15,-10.549388523999664,-15.080064701110796,54.404602875648955,-2.219825433698156,15.544924554617102,144.44431477120105,-1.8110278670599006e-15,-6.903787888134314e-16,9.921630546660075e-16
3,174.62743840498766,12.292424823349087,1.7952768750148995,4.694757633654996,38.93541701532974,82.55497576739347,167.5740056439206,-0.11361375465407182,-86.15332826682848,-26.328434428326815,-4.638904547819044,160.47010621780458,1.8756735215595854,-0.7425177111168895,-176.44033037322885,8.535788118057224e-16,-2.627169736118562e-16,-1.4069647161162483e-16,-6.104920024938699,73.78412055354592,-124.13993839120677,105.64291948012206,-37.60579765355339,132.4584861948615,3.331033933471643e-17,9.783739775511845e-17,-1.3859580237797222e-15,1.5169982377730094,-8.422541351347135,100.24860261475511,5.62852703477904,-2.3981242332918584,-140.71956693557038,6.790499446952729e-16,-2.1988751060224443e-16,3.133603099460088e-15,-7.3105915320289085,-13.209634650182545,60.689618816789796,-5.948708787387612,17.126327853506556,142.52794453205172,8.488652794243929e-16,-5.043997960491433e-16,1.5795009820621551e-15
4,173.50329581261718,12.387550272853192,3.017002052754387,5.7884360685863205,37.983888655267066,80.6464929796314,161.07437799314,1.1309891879462124,-86.15923308023886,-25.890157133117043,-4.278314708455448,161.3533896053576,50.371063719238684,21.21336951233786,25.485939365878558,3.826801540999038e-15,-7.205082893482432e-16,5.526778978906686e-16,-12.496649652138563,73.77471470474299,-116.78530529003623,103.27661555491196,-38.85579637406101,130.09058845356017,-1.678559870939212e-15,8.794027370450187e-16,1.111164625944861e-15,1.2761501581409946,-8.492977187121795,98.57760919295266,7.0803091804972595,-0.9912131133342974,-146.67837320591926,-5.17904897072437e-16,4.052500967886427e-16,-1.0977593727783843e-16,-8.033341548020521,-12.931273950107752,57.76130381066635,2.460931539439108,13.896668875130318,133.23872586488665,3.425222001231262e-15,7.97331395536295e-16,1.2568319441275449e-15
5,174.3049923771948,13.03056268902631,3.5390732928926716,7.779392113748757,38.04553897069893,77.50098507868512,153.7721892584078,-1.3668758089991984,-88.36444878624003,-26.521966324370094,-3.5995311477002554,163.79794437235464,35.65990905087738,6.047993770297557,13.969335860658237,-1.1909081253422225e-16,1.7567617985071112e-15,-1.231379539101685e-17,-3.4969973103437333,72.96048233537451,-126.43792837141675,108.14089819008872,-36.347836877833394,136.50512970882045,3.604465132542746e-15,1.2354106987446623e-15,6.221244568350893e-16,1.8759215707955847,-10.6148415394829,100.08210140220169,8.493776595082986,-1.528282378372961,-146.22597992347366,-3.8793989413271544e-16,1.0028468497579206e-15,-3.529223505516237e-16,-8.922868481821475,-13.755787918640971,56.56389185503026,6.7917790698745755,14.215324976048354,124.43694498481186,8.186060427046209e-16,3.1296908034608953e-15,-5.397532658397965e-16
6,174.39973577638324,13.216849549665026,3.2466851735143596,8.170817855578685,37.76077523169225,76.80415080498796,152.22450494527638,-1.8283127120282416,-89.66722938391456,-18.896741252126507,-6.787244903816215,161.64741323354232,39.18267937370682,5.021559877588853,14.6794125618366,1.8630617333444993e-16,-1.774171987589057e-16,-8.179879896211303e-16,-6.808377134515565,74.30475726183909,-122.67850568414165,108.2940089868556,-36.3366832881824,136.07675977877673,-3.655228719475517e-15,2.1017754233791452e-16,-2.018833102978182e-15,3.2378015961826594,-13.260895865555371,103.85370825957767,9.894667021637705,-2.9163787733057656,-142.17122840815793,-1.1012799122334474e-16,-1.1000603885174007e-15,-1.0596171178315622e-15,-9.300054991716106,-13.991414663833101,55.889883182499716,8.392751616958922,11.596160419095993,126.15622939008283,-9.50784715609207e-16,-4.391708365304083e-16,-1.2311174278039497e-15
7,174.83145370830078,13.188100858813039,2.4237345725209924,8.022024772412507,38.486533813669446,77.24003384441059,152.80109823809366,-2.9482646377116573,-90.68823763641515,-3.204498965036782,-31.218503663300673,144.47855194246233,60.24260343995275,11.861069725220457,39.43140417763061,-7.858168698730328e-16,7.213533295797274e-16,8.582107280153053e-17,-1.1705310313531951,73.69378549146408,-129.16261314571986,110.14798978550837,-34.86846548719536,138.56290276286035,1.0853585032057958e-15,-2.520856150636031e-16,-5.5421404218454827e-17,5.573071598420063,-15.955691899929773,109.54283245923642,11.688007522368729,-4.68668635770029,-138.02197359729624,-8.678231175806938e-17,-1.094976323437339e-15,-2.1972309188282357e-15,-8.927691555728442,-14.068116753347116,57.12683201212281,7.0943236789297,12.951725646929468,126.80231021237708,-9.700700238981968e-16,1.2618321812370976e-15,-4.2740534294575057e-16
8,174.97096634459967,12.78012703679907,1.8792633536052414,8.341111836707075,40.31609521312697,77.23188503262372,154.7087267244147,-3.462124913744989,-91.13393158655062,-81.02541388230571,-28.533485845090198,29.6512712895578,34.1909109690593,13.212790152310596,136.4295903815464,3.1786796768898183e-16,1.731496560472637e-16,-7.882570007317646e-16,-5.7734423394316385,74.06451163281157,-126.31670076499239,108.833973938328,-34.80181899463721,137.35935168083307,1.3929347431831984e-15,1.4639575034656125e-17,2.519059534433568e-16,5.277624617966186,-14.638662074115086,110.07802339843713,11.698744170703367,-4.710226693238049,-129.2816138879183,-3.2966333220067127e-16,1.6871458191220112e-15,1.390955765090878e-15,-8.63914314460364,-13.73737336422973,57.3888559263467,8.648743432781734,12.812998548323534,120.81373930677971,6.638464259571584e-16,1.121448631374192e-16,2.426437649454852e-16
9,175.4907101962924,12.459799441847577,1.4772175506507903,8.676156961413032,42.2310525077164,77.20865136007947,158.96646438034614,-5.456490548637106,-92.08669934580772,-24.04253427186351,-47.3280765224749,114.97695488008448,60.22955121586219,26.679681892987674,68.33425689682491,-1.7149876984881086e-16,-2.1177432004255027e-15,3.652441710384787e-17,0.5481834456052168,71.61288390008868,-134.99712835263082,110.40505980126918,-32.40272008773518,141.14701544461448,3.499054162891609e-15,-1.4442104450487958e-15,-1.7057106191128372e-16,5.019572758590916,-13.826792085351899,110.17943095317827,12.131737892868761,-2.803365751524638,-132.44670849698306,-9.156778314890713e-16,9.659354180161114e-16,3.692087748326203e-15,-8.44363164930972,-13.959106707673852,58.39309140334711,5.743730617716552,15.849142013751216,124.23190453715674,-1.0678129307781038e-15,-9.980041954951046e-16,3.5360555973634366e-16
10,176.35060753796094,11.48373462689521,-0.6450906505892466,8.003376992957124,44.788890098438536,78.71340313721953,162.16269851649312,-6.987376530986518,-91.98077390791036,-25.440468861106336,-10.26301896346307,153.80419766337397,15.37090781115138,-2.776434328244876,-158.2739244733278,-2.018829293307071e-15,-8.197447300445284e-16,1.8633719984266573e-15,-11.434517822334337,75.12611880752003,-124.82366417748892,109.23462930873256,-33.88903882452423,137.73920247737843,1.506348543617977e-16,1.3986856091026984e-15,-2.2005547922236244e-16,4.670813084004898,-12.124314076823769,111.25582518639155,11.456403573601039,-2.304438384068304,-123.48985592855932,1.6945887512449992e-17,4.491423076325505e-16,4.800688954677982e-16,-7.47179077551189,-14.216884176481424,61.89688244931124,3.8705982686007068,19.74937193646816,122.512278668926,7.444009697953737e-16,-5.243154048664921e-16,1.888525221931581e-16
11,177.35341873516944,2.791235984209649,-20.178696896246862,-7.124826187010139,66.15331127110932,97.78203385965855,147.49432173369846,-13.845686646745097,-97.9698642484428,-45.83016183222157,-4.718529140858656,167.60354478213404,44.98810878371149,13.828634259258772,28.277402862683864,-2.6088446058506993e-16,-1.430757014326244e-17,-1.372418044273315e-16,-138.97810079881268,46.08859619913925,-12.699917850943288,72.95604352309056,-37.205287704051635,81.61390885288442,-5.600502782429357e-15,3.061718162990728e-16,-1.6866337053780954e-15,2.929339395054854,-3.520163201045849,129.80816842832326,5.554272075650724,1.2606802980133867,-127.7476962885864,-9.24753983205946e-16,-8.265052697357622e-17,-7.309641985035407e-16,-0.8548236129615491,-8.464253240775726,84.21181250819548,-7.243417746274269,16.69897249724465,134.46604370362587,-1.434746193986279e-16,4.8832672529174e-16,-1.791781045416203e-15
12,173.38505842601663,-3.5190940706160494,-36.394892582375576,84.5471856615686,57.91008855200962,4.6236438775647875,107.84905118559344,-34.24093229360404,-149.49546330058322,-59.255244192759754,17.790795205854835,-149.96083134155452,35.45643032139482,1.2953340584332182,24.83905104235329,-1.2299707384007214e-15,3.921921907730198e-16,-3.67021581143386e-16,-157.47610431096942,-15.969545107772845,5.604587916389356,56.821849126894286,-29.466902063613418,62.54914495709361,3.409494664259711e-15,-9.384465207862974e-17,1.9340616434537027e-15,-0.29262465588844283,0.20262974667859954,145.29938533672495,-2.136943008797627,-3.4725466012120085,-117.17427348172652,2.6347056801005687e-16,7.484316323843211e-16,8.507047715104198e-16,0.18656079250881422,-1.1442397433530191,99.26085688241162,-6.643428774210299,11.85496057726827,123.70468008652091,8.176058927081598e-16,9.628196615360666e-16,-7.920361458109474e-17
13,169.17849572549218,-5.974793841375152,-47.43660283340917,64.70221963270305,-46.153004582673546,-18.822798121135442,73.32422484712278,1.7886610759874744,86.5035345960426,-112.92771247975242,22.683298092192025,-24.570115251451416,42.76111123111449,-1.273385094475368,28.059440117947776,-1.8909045400819105e-17,2.198303565461414e-16,3.144691158514003e-16,-14.65644800158368,-42.11940838742742,157.36101630373932,53.013639592921784,-26.857390906025522,61.23915102850592,1.1386787309947822e-15,3.8039766998308456e-16,9.202835486312606e-16,-0.8569883069570345,0.37652790965545185,156.28287420832984,-3.7776141418274123,-3.939065343680728,-125.84965828740943,-2.554826515349324e-16,-9.215705237622828e-16,1.6858688026969107e-15,-1.0157883275897286,2.9542454670791134,108.9846842382771,-6.138056380400659,4.848634413272984,121.9219581212287,-2.992691287362087e-16,-2.0704167553508746e-16,-2.1961747495809955e-16
14,173.44969898685636,-2.9681514354129637,-35.37977383413162,62.30812367110334,79.95050164682586,27.328953024778826,116.57404486801572,-23.418105340872792,-127.46309540237745,-35.95920971250537,-22.76688319372142,161.64373211521672,54.8045137420344,2.9786697548612002,60.431386181131955,3.667969462679173e-16,-5.307894875495415e-17,-8.851073178994213e-16,-157.79723928116624,6.2301087273169635,-1.965838959665717,58.290894325663416,-28.298641121689187,61.79547408739498,-3.887106776481322e-15,-5.7023928570397e-16,-1.2924891667975237e-16,0.2978797003693541,-0.21441442297597463,144.25389061952424,-1.8405303278851817,-3.2260091170857623,-124.41110596530345,6.656113245502999e-16,1.9177862937813945e-16,6.118054218825797e-16,0.2035816456451609,-1.6791873946398381,96.91370820666079,-4.630655831757418,10.41860492605207,121.49403540378083,2.3903260355283016e-15,1.690338670582413e-16,-1.8232217863693548e-17
15,176.7129198959069,3.5130424932112394,-19.071696238256735,-5.674368265950925,63.26384789917221,96.34839881731453,143.63739880949504,-14.729775018844176,-101.85685523387562,-75.07406202689549,-49.68702437725109,74.84542493276,47.08210209631946,16.725097711553868,102.33965260907043,-5.61151868746175e-16,1.40476385697267e-16,1.5272096096789051e-15,-135.95376842513076,49.96659664794327,-13.533710934985239,75.46669365881766,-36.51042195610579,84.27923338736544,-2.2071786540341243e-16,2.2906006225649615e-16,4.867446478559661e-16,3.1826850649970226,-4.163525720748842,127.447843977092,3.41478586683815,-2.526628248389775,-125.8463649609211,1.0945637782418485e-16,-1.8599037758672078e-16,1.0478777947552088e-15,-1.456411381060607,-9.179623475560232,80.94480433202658,0.18291623006993488,16.763275778890318,119.07441686525131,-2.903982115185016e-15,-2.004368572256285e-16,6.863757712625901e-17
16,175.73527364631715,11.485892001888521,-0.5279942599860249,7.369221691751014,42.82813416085739,79.22829972066329,163.68306854704713,-11.97919022544256,-96.77515015765526,-77.72894541352782,-22.543822913230656,29.25233840592166,7.333371051050628,-84.14717323341303,-123.15121219933883,-2.6805881764196334e-16,7.601135709278975e-16,2.6557249476716074e-16,-13.511185163430845,75.91104356130388,-120.58592857072722,108.184558595608,-35.30308536268958,135.40563628188352,7.305321038961868e-16,1.6740609610760955e-15,9.103370789983035e-16,4.225925695054514,-12.117310621637523,109.39222315575279,9.729970734748168,-6.961037000172681,-114.02794081414527,1.2323302080754183e-16,-2.6375082640050065e-16,-1.2236224902193614e-15,-7.588072322595809,-14.272855389513175,61.615650375150864,3.3218967794267793,19.45182891653485,124.31528028063974,-4.488686687580678e-15,-9.480964712219538e-16,-1.8707830472640668e-16
17,175.88381988276342,11.53696336465584,-0.2647036459719582,7.497052622229669,43.22400551805866,79.12272105996254,162.9126688074077,-12.413340395990064,-96.43364938343109,-75.60932447194597,-20.513964375313144,29.41121768472932,-16.457522292531735,9.232410932002033,173.2935916817114,2.726820489340662e-15,1.4571599114802367e-16,-1.4812762020535347e-15,-12.746622296778531,75.16291489853495,-121.8604549581153,108.3447961574794,-34.84419293916853,136.47030259665388,-2.8881915179750306e-15,1.5608997849842193e-15,-4.629043532899798e-16,4.3643000245929375,-12.3739761431667,109.6031377604695,10.584899500306967,-5.5576776782348425,-114.48002840725833,2.589104850056906e-16,1.4785276675535528e-15,-9.267768313556531e-16,-7.311085016205117,-14.213009647844332,62.41082720931312,2.5313508475917503,20.223112894404277,124.60969173909716,-1.774855356040402e-15,-3.554455384457903e-16,-4.579613112362542e-16
18,175.96415988994826,11.479868490372825,-0.661961315443181,7.489806026867454,43.464115718513554,79.1801082395282,159.55712466520905,-11.944258823117666,-96.80416004926201,-75.99422930993477,-23.20635070759087,32.21879292100369,-16.970559093376092,6.173246559365491,175.81626851934575,2.2536383229125005e-15,1.3960570889007322e-15,-2.3813837733561604e-15,-14.301941087884664,75.4721524721737,-120.48300766673796,108.50085457197046,-34.986301499579085,136.44176721265157,-1.8728371424781662e-16,-1.469642289525518e-15,2.9437645149316e-15,4.257504649295788,-11.923440193564758,109.81530567732744,10.408932548421614,-3.6851538790509832,-121.34011386555068,-1.6555264307462538e-16,-4.977277876037565e-16,8.630703324129695e-16,-7.532652341853387,-13.979885462418531,61.305393896518844,3.6480408043348165,18.097717881746885,124.83014060880332,2.373697565924059e-15,-2.0182507582779145e-15,-1.3652001627692263e-16
19,176.8129230991412,3.283498816862011,-19.142075960491454,-4.460843770147408,64.51605573340981,94.93937213277889,142.01957792428274,-13.48646344765494,-101.22391418858481,-71.65464438139124,-47.39929220132158,80.45488936110848,43.80154471648913,14.20753593847488,105.88570800570233,1.3091806182340736e-16,-1.933961698337812e-16,1.302016333255349e-15,-136.11346161822644,49.440745930090735,-14.251018740391169,75.38985514764467,-37.59989063065588,85.55991534327582,1.9149900289529177e-15,8.570260576987531e-16,1.2614039192385605e-15,3.068607027334455,-3.9773507468648126,127.69969927986729,4.147404775705626,-1.4255008160518767,-121.53535674543669,-4.242574761500543e-18,1.843179454286251e-16,-1.7104908688282607e-15,-1.7422934262438645,-9.011908161231853,79.01041487165772,1.8726292306153904,16.394330130155534,114.42612407271314,5.183897544871463e-18,6.045019930600098e-16,4.541591277002406e-16
20,176.5431713517542,2.8871324939720173,-20.06402667752964,-0.9852345281912828,65.81267978653091,91.08002988726766,138.33939677080656,-12.54713808667036,-103.23795773199996,-39.50610791235296,-47.23044581605035,123.96273566935638,55.13593025510625,10.389533288115153,75.70002325861479,9.46966209392293e-16,1.4650043711340102e-16,1.6192541904758591e-15,-138.73994210958503,46.309802231598496,-12.523557989761919,74.55011305880457,-36.91728137324868,83.77793039268205,5.179139697299608e-16,-8.557976178562674e-17,1.8637364891204817e-15,3.196532489665712,-3.992262323621849,128.73528418622269,4.761335220995133,-0.4125495179286533,-130.41923509570998,-2.4500472772315985e-16,-7.849471596116327e-17,3.1523858596053608e-15,-1.9880425862677036,-9.139865400401979,77.67314562939596,3.92594425813347,14.916346983247642,110.2538918302724,9.627036761523423e-16,-1.0731479036481714e-16,2.810484136510891e-16
21,176.54457539034362,2.9900792036632975,-19.775089624604973,-3.0945638158002433,65.20741925598536,93.4080349098631,142.07070515944443,-11.504889744353179,-100.76478328498251,-37.36543849568076,-46.757334097824675,125.98879434834409,56.03479852864091,10.423022012618562,72.29969330306146,6.911274652268883e-16,-4.1667249594810246e-16,1.0941308214643542e-15,-137.7846497258723,49.11726102111154,-13.377646178806856,76.15869632443277,-36.95960866037832,85.82164919127187,-2.008560260174263e-15,6.030764561178256e-16,1.9168754725943554e-15,3.4644730808275583,-4.354762539178192,128.56528508352702,3.9104481962613895,-2.0824867953563095,-128.44213143076033,-5.8045672560496966e-18,7.561704258770602e-18,-1.5425238051732754e-15,-1.7371901409084896,-8.462221679973442,78.35445208698799,2.699213301255759,11.772802334328407,117.01221506549747,1.1939883568654766e-16,-1.304434395301572e-16,-2.3863516336080113e-16
22,175.66174875505533,11.356268135760645,-1.1640044695622915,8.044810487236262,43.02063065582228,78.2960652490475,155.37552940964608,-7.883990734021533,-96.61674725241681,-71.0249246256736,-47.23015531685579,54.76951186468974,44.20496454403045,24.249463810302107,110.47859614606055,1.3622319410427383e-15,-1.1312196299984599e-15,-1.779746653825179e-15,-2.857190950679498,73.26933135900467,-131.99343573978388,109.90031459022116,-32.13587780642596,140.13291861089635,1.1764609902056825e-15,7.634040492674756e-16,2.1852823953538694e-15,5.430627974800356,-13.457956386162328,112.21922646380936,11.223998334345877,-4.836108631705547,-124.12213065124314,1.205012788277645e-16,-8.910320990535827e-16,1.4949434746909564e-15,-7.797870499899917,-13.544116843753411,59.68301098222173,8.811601801478327,11.236721038341296,121.38962825685603,4.996463280846296e-16,6.176260761481305e-16,-2.742764624073184e-16
23,175.62819594442408,11.735675666288568,0.00039897814959353724,7.893431770983714,41.95109260199391,78.28309135339974,157.9174417884037,-10.04075000512712,-97.49462523881738,-76.98113962556756,-30.354616781523312,36.398705317644456,96.9371194272662,-56.13881980987017,-32.6785403319378,4.832198788130996e-16,3.2051052882757376e-15,2.1418910532508674e-16,-1.435018034654666,72.33239761365903,-132.49192884945637,110.26543210911734,-32.5215876886955,140.8963528735763,3.89470515476058e-15,-1.5204475094472053e-15,-8.093285170810101e-16,5.005966621500353,-13.648191416213125,110.36608163627216,11.753852468708162,-5.710631864058807,-115.90703480035688,8.237586482658323e-17,-7.263205463952801e-16,7.455058176396194e-16,-8.04149503842997,-14.026299117506893,59.761460269499146,4.771996083234214,12.285426728913853,133.34506513374777,-9.962446232420676e-16,-5.368775990995674e-16,1.202830707185974e-15
24,175.87322922580228,11.689271881387405,-0.13190041859153911,7.779871163677108,42.02823907326235,78.46594852386389,155.65942545775275,-10.749662079818556,-98.06746840773233,-74.42178348627358,-21.77046624733522,30.875663896733723,-21.040059970455044,8.964346853272488,174.63680072245035,-2.8206182745933706e-15,1.2359106290567757e-16,1.5043924139561593e-15,-7.189421871232508,73.95393123913641,-126.50286977424949,111.64886025925327,-34.67927516189256,140.55448427925964,-1.475607590922416e-15,2.8845162513528216e-15,-1.104960970225965e-15,4.7357104059819095,-13.15837657674995,109.99711139868243,11.66733885241377,-5.265660153146688,-113.66490465296616,3.384140017625619e-17,7.921458794756834e-16,-2.3322650739993815e-16,-7.976555619339603,-14.481628657323585,60.73641294401242,2.5441928378770555,15.857762875671849,132.26775762364815,2.9438107677208833e-15,-8.121290633321373e-16,-2.3200900195777687e-15
25,175.8730628027755,11.525713192573777,-0.13189013235880573,7.850848865569788,42.13662976979406,78.3859842247648,151.45777941876864,-8.846169246329689,-96.97386955380901,-73.9130132665453,-22.082150464237706,31.84368070447596,-21.259699125137413,5.10901374358532,176.9151194442166,1.6478791130092865e-15,-2.590801055977541e-15,1.2878252393403673e-15,-13.946241648069252,75.3085282857525,-119.59141378039484,111.35092933796975,-36.38187955014434,138.87888572314552,-6.25553864216077e-15,2.7648753639945287e-15,1.5953279868271269e-15,4.109019786288591,-12.292665539544123,108.64557263444976,10.055145579230027,-5.419934067951777,-118.17300415055361,-2.2580406415036584e-16,-1.3004108298966724e-15,-1.591065757522698e-16,-7.8019671563006145,-13.899629579053979,60.300384802044015,1.2832829620383466,16.373254935640745,132.77711572714492,1.2933190264076009e-15,1.8596466455954375e-16,-1.3543027182860508e-15
26,176.2979953256441,10.723477683689348,-2.4540579330336145,7.116607772069243,43.6665481306298,79.7503688027581,143.8564242713315,-7.918557523859421,-98.46517790357602,-74.42727645269429,-33.499327259513976,43.36516146528328,28.979630732833485,17.938926918493987,130.95793914982565,6.218619269320126e-16,3.203929128112567e-16,-6.189193476330964e-16,-31.219704216255828,77.56922136787512,-103.20646732419449,108.68757237768747,-37.26659409842291,134.5509243155732,-5.500907423330907e-16,1.4514904806779318e-15,1.874911311210761e-15,4.500539488946116,-11.35897276473993,111.78361137109101,10.115252708673856,-6.1146379971842535,-108.92779590350874,1.127178362291125e-16,-3.010569984662781e-17,-1.6402803695482825e-16,-6.928917623836998,-13.285871845454476,62.12971939271178,2.5461651294841037,14.512923969657106,131.283822104808,-1.1210707471405446e-16,-1.4586376378598468e-15,-1.1021647333809958e-15
27,176.52562103977115,10.223091849657491,-3.904128066899289,6.573287933961645,44.598828588615554,80.67998007842127,139.9606473719603,-6.621333814352043,-97.00437321421843,-67.92413665619348,-45.13572939117036,59.15128981757695,42.70760322299303,17.55662223073465,111.50982090601481,-3.2528698689255744e-16,1.462784125851997e-16,-2.9549185255507083e-16,-48.90668605146261,78.63955706577772,-85.99459479813275,105.13678820519443,-37.22111754039287,129.46035263501807,1.2488614338607769e-15,-1.6252493879767544e-15,-1.8718583658333246e-15,5.723129439050982,-11.934384241473634,115.85704853725484,10.513239702145283,-5.489384004227748,-116.28004706668601,-1.9141872196358688e-16,7.125413671841916e-16,9.597780593288452e-16,-6.2620504583509025,-12.85428666864856,63.745971761252456,2.8259532325917833,13.48561166853022,130.97393769803662,-8.743568139233358e-16,5.453622731664829e-16,6.829956063045099e-16
28,177.0548493846074,10.113263784790895,-4.599513633360431,5.8999230536476315,45.05196644243283,81.6929176571953,142.17645114470577,-7.6769102892182115,-97.12100289485683,-67.52661090019038,-46.45908797955484,60.65510041147803,44.19244736307868,18.05662660777543,109.22688585719939,3.442230387189741e-16,4.925899320173151e-17,-8.934934753008088e-16,-55.92423498677958,79.43569822940336,-79.25184179688038,105.68968593497529,-37.51327196082909,128.78285944104525,-5.239807797007084e-15,1.4436061035623695e-15,-2.4663019887805393e-15,5.660079216570421,-11.142802633452234,117.15073979490936,9.929351727411186,-4.523911689215296,-119.47321615134923,2.0608362333208703e-16,-1.9739398907316556e-16,-1.8418607280691274e-15,-6.432265720692838,-13.277687012184966,63.85501075905885,4.37077166399559,11.447809804248392,132.64118567707527,2.8844096312113775e-15,-8.264861873519212e-16,7.54645589128536e-16
29,176.428348789409,11.280482164761196,-2.1272470584755814,6.08775515995147,42.48025261503357,81.02563405182157,152.4537388967608,-7.061283926910373,-92.73593168820808,-76.93402796644037,-31.176288465058015,37.39934570529719,27.912969392636004,20.12955695376843,131.57785631238468,8.659951271087027e-16,7.618290438248095e-16,1.192100855120129e-15,-28.204131146638503,78.48865142204104,-104.91482230876758,108.75640780968257,-37.412924529999316,133.41254574086477,-2.86952481423628e-15,1.0230854585067393e-16,-9.7532417032297e-16,6.426449650400582,-12.889575587835758,116.79043802986766,11.667113099773365,-3.9352754575603037,-124.60754682072194,3.2810617349303627e-16,-6.781926113468997e-16,-3.635042657683597e-15,-7.954944719721557,-14.474256356723723,60.79135419333224,9.202734583319891,13.29098206574888,119.03439080941702,-8.855799667220486e-16,-7.583451885311145e-16,-4.738600608111045e-16
30,175.69978106200145,11.808591624527446,-0.6691766588231189,5.787573587953301,41.324033836944366,81.27333530381591,157.96961510307284,-8.940955377365782,-93.82919057554095,-74.86833339835806,-21.01547712657071,28.711858932218576,-43.52703315266162,-39.563737967967754,-174.99810259212998,7.017403924725601e-16,5.725729214923522e-16,1.4054690398531657e-15,-21.495717421959093,76.9803034542122,-110.64694629703467,108.71109684914344,-38.75113754192092,133.7388412207103,-1.9382673218861904e-15,2.7974977974664452e-15,2.571469369627523e-16,5.67097103739989,-12.981892615596331,113.84742198373192,11.754855176178003,-4.502421381681529,-118.01978572707867,-5.941713536098013e-18,4.866693667313779e-16,-9.514973818868262e-16,-8.170931805400784,-14.741666886856192,60.56535336186553,9.566842146705723,14.146803089409929,117.47722284346021,3.708691329562734e-15,-1.3104480116945872e-15,-9.155320685784365e-17
31,175.09088239820625,11.99658746588944,-0.1354543097934154,4.594879365129542,40.79469448141527,82.98731917168841,164.18660757143437,-8.31343578353414,-91.7847982820095,-70.97215880139439,-15.386014184386989,24.712192947247267,-16.053698628640465,8.415115059226341,172.85264795540263,4.405530224905732e-15,-2.8111611516533774e-15,3.1355191947679386e-16,-9.769901431346684,74.3753439414802,-122.20249437979504,107.95464497957639,-38.095264741063346,134.54550639581785,3.1658727521519812e-15,-1.4499322584420148e-15,-1.0637122173160726e-15,5.740664582092016,-13.510678939756618,113.28233371057645,12.834862451076098,-4.122664912264381,-113.89079190173307,-6.930875388942926e-17,2.2787062746577043e-18,-1.1063093796419488e-16,-7.92328751276969,-14.692687139592506,61.24529193464509,8.759619542287359,15.034927437996886,118.117983254098,-2.599380662392945e-15,-3.404292222655036e-16,-2.9352947830958246e-16
32,174.8672874403736,11.919887646864781,-0.13536927058592296,4.414709490586885,40.64758455555502,83.24087067338236,162.0284530011935,-8.042257362306016,-92.63665741134635,-71.79986804571931,-20.020500098342257,29.71767799761158,-19.554356597628622,2.3916669490055003,178.37988514936293,1.3047276997618626e-15,2.0127904139050004e-17,-2.1790699303636303e-15,-9.333236632040418,74.01616091149907,-122.52742452307149,107.14031739952858,-38.25488703451527,133.8202525940417,3.4899970675646176e-15,2.8437601599820406e-17,-1.5817561796658843e-15,5.211921273696428,-13.241737747607777,111.71357419226355,12.148332215585386,-2.9711768048795877,-124.82489693161669,-5.667502682181248e-16,3.5780376325557574e-16,-2.209846757124235e-15,-7.4059737932478065,-14.324219754081144,62.283495965143565,6.690203279990107,14.685759431002188,123.14381831001397,-7.58538926002357e-16,2.830885621829364e-16,1.7745799717630322e-16
33,175.5232187133742,11.281754786541926,-1.2071432835969043,4.960728319781296,42.04275158747853,82.61504818547577,161.00320252054917,-6.881234988479194,-91.78828106826154,-73.20981890959342,-29.301146299426964,39.24089772455831,39.11916171604236,-62.331759853267506,-92.77592328935403,2.6803058820240995e-15,-1.842151154129639e-15,2.517372976159966e-15,-11.537184253790638,74.73260050900883,-121.65514491752616,107.11191993099746,-36.85591706389671,134.1287682374218,-1.0969901716857268e-15,1.1069369851429644e-15,-1.1516555673194322e-15,4.935283737223006,-12.121961394498932,112.35278237682164,11.047802337187864,-3.2776360761933354,-121.75089048013899,-2.6303135202513207e-16,1.1613764499529985e-15,-2.42087684026887e-16,-8.17568134304686,-14.250021715489613,59.729786198179795,10.089324976802637,14.199961653461454,114.22075716139032,1.0351948692961267e-15,-1.131489085845437e-15,-1.8425575236959864e-16
34,175.65066769867224,11.124482023012135,-1.593613297687678,5.854433980845823,42.04032894620972,81.29457800572168,154.83343281084493,-6.065537681543117,-91.82195403518728,-70.92304413689227,-42.31863111437282,51.05402758444623,35.80236041887993,25.513938811828737,119.4982062766793,-1.7466374760564958e-15,-3.147576764725737e-16,-3.786253841856356e-16,-24.740992330808677,76.90973369778804,-108.06983256620352,105.77369960690966,-37.94647629455428,131.13379824403333,-3.8154903795553156e-16,-2.0858693955514698e-16,-3.0822579971295538e-15,4.953210371539029,-12.227912916801916,112.25365790391884,10.430549468646033,-3.938389406744356,-124.95015490227462,4.4283443685711266e-16,-5.730958002335156e-16,2.065665088010043e-15,-8.698379235419443,-14.192817108337115,58.03641147599751,13.279235167745577,13.870006490507258,103.60433755503887,-1.6326002670564224e-15,-3.67695659464942e-16,3.2755457106772976e-15
35,175.88742577958502,10.752892996443828,-1.726727254449075,6.480761419685472,42.53705393064734,80.46202478329941,154.48088931505094,-7.147010886279508,-93.32541089434862,-69.37904874169901,-47.734173668661974,56.095169732850685,42.27526659362231,27.526566959201322,112.23173091203506,3.33751955189522e-15,-2.8842528713855507e-16,-1.2809898173406053e-15,-26.624060269217104,77.2155190456604,-106.70233318932011,106.22875085312602,-37.21020989535365,131.90726767153856,-4.554779093965145e-15,-6.245867398280529e-16,-8.502462646500231e-16,4.528527950675735,-11.45021925258682,111.75066704508384,9.492055786887937,-5.234311560623849,-118.28142315813169,-1.4421677412264226e-16,5.951746653210978e-17,4.113519013053333e-16,-8.861776158855813,-13.744738307597231,56.7268694956288,14.165725258742325,12.946585915291957,99.47672001811834,-1.5549845946002776e-16,-6.935590164032413e-18,2.1239767184976233e-16
36,175.28316107583728,11.5182503793145,-0.8034039552752091,6.154660615274823,41.29924446805525,80.72059848901733,158.93668979699777,-8.55522289040251,-93.57961345369446,-74.0252384088231,-45.77995851544519,48.527883482772125,41.7122390666148,24.669404366617176,117.36490410073537,-1.0476018559877063e-15,7.698502777998002e-16,3.152355757605648e-16,-14.594896739845328,75.45482300284452,-117.84253379645529,107.9470885187495,-36.96269584319465,134.83010424745964,-1.3100728828050927e-17,-1.0285068843041233e-16,1.0140510736475035e-15,4.45221530227466,-12.33985081696433,110.01859465727335,9.712755208852428,-4.205790928105605,-128.960725982636,2.736437305784877e-16,-9.110681627338168e-16,1.8529805809580427e-15,-9.249527945360937,-14.12173642275973,56.2779825800675,12.628328876311095,13.953202494645362,106.94277498062743,-1.27095433544083e-15,1.8257711985840024e-15,3.835821896573526e-16
37,175.33776369280034,10.944087315959191,-0.27057951372108646,6.317446799123791,42.312757328802846,80.66085867480963,163.50411970807914,-10.691632319917016,-94.0845800858972,-73.85542873760585,-45.86585961570663,49.883987530328504,-20.49458596635101,-52.76874634561532,-167.0741153946054,-1.4440727238340228e-16,-3.6088176021658367e-16,5.330754422977865e-16,-14.885951943220546,74.66029871571774,-118.67396304662634,106.40928827424135,-36.1960454467396,134.2848849002417,-2.6866095774245125e-15,1.257038952896732e-15,-1.2562061434612312e-15,4.024551399780439,-11.725412644665004,109.09638388197658,9.088500691990966,-4.235831217364852,-127.97044393980454,-4.3893540849834235e-16,-3.2189658634197663e-16,-1.7816041136446633e-15,-7.492465424130914,-13.249660874246851,60.151509939001414,5.852303690326922,17.5718409895165,118.57071543984108,-2.466033080041059e-15,-6.983041509905209e-16,1.392660118327549e-16
38,174.23319139541346,11.084841415920971,0.548750472874206,4.873655127820513,41.63081041558601,82.68602795316568,165.95100906018908,-8.13314023583247,-92.2538040269234,-76.70847189410242,-46.491459746707605,46.17219187432193,-6.730666924702062,22.86923668417338,168.48075618364476,-5.180325774981955e-15,8.017900287735278e-16,-3.247483410135535e-16,-9.162472030660494,72.08858944796812,-124.00798829830832,104.53141720071942,-36.593602125453046,133.53844691836755,1.8264606634927767e-15,-1.2429852828059235e-16,-8.59686382745705e-16,4.065481460049818,-12.946769659485478,107.60089909386849,9.571156681588791,-5.351022585952956,-126.78423764974724,-5.739130966564428e-16,5.884229733331258e-16,9.175344785529774e-16,-7.217734617048329,-12.512690121957833,59.69203517509205,0.4435867154154095,17.158008863947746,130.14583434886686,1.0597261245577118e-15,7.887231650459803e-16,1.425791426798865e-16
39,175.26954625273206,10.584336182684998,0.01017750148607581,4.020999884130238,39.34251875879963,83.67269194337797,134.03059895429217,0.18178866381702974,-71.93582943057609,0.1987725515771083,-29.638021357203606,149.23148369268733,8.288299671199894,-9.526093543339508,-168.74651875584217,1.6903634058638547e-15,5.880418845204439e-16,3.3963163832538207e-15,-2.5120410677351304,72.19556217114837,-128.3624688957496,105.19436737889731,-35.06704513307874,134.35923247469378,-2.287360490397665e-15,1.0586210697814946e-15,-1.7492182582571098e-15,4.118046126253127,-12.821566572468829,107.9749506938439,9.787650700130136,-5.781383702461992,-122.47580399330184,1.6403609768156774e-16,-1.5156271426583725e-16,5.251313330582291e-16,-6.6354552937972855,-12.710182905875309,62.13322044798709,0.2049918032193004,19.579983955408082,126.86808431529856,6.560002007533398e-16,3.96059763566528e-16,2.6223663842409416e-16
40,175.92088382766917,10.870716027774977,-0.6485225131796185,3.3315590744805235,36.437800414643434,84.40238765895663,103.84428715631937,-17.329125866555607,-57.95409991781094,-6.9866440753685195,-10.243655340202626,162.60562717331382,15.270449707146152,-1.8211677100056802,-173.62691412081097,8.510123697573241e-16,7.669893147515831e-16,-1.6509338607937862e-15,8.800010310524357,70.55426112733826,-137.04964257999717,108.42558806810703,-33.52176164886495,138.476516077534,1.2106180924276357e-15,4.2599068972719456e-16,-1.0363731061807165e-15,4.333310518839494,-13.435411598024823,108.06249206155985,9.940989814555408,-5.41135304295201,-127.66607451626444,3.35680333656446e-16,2.0508868702008733e-16,2.7132615677287393e-16,-7.612900024675992,-14.083055313214798,61.22046238940662,3.582450712558695,18.95301971668123,124.07313032481173,3.2205956784859673e-16,-1.6097706668840008e-15,-1.1568735524210592e-15
41,177.8790046805296,10.836084468183701,-2.4450171901670963,3.3138730994129255,35.17536687550542,84.26040976640347,93.3683077565178,-30.695507327636598,-55.368809730920454,-14.055136959404186,-3.6561609369851813,170.69026557866303,11.398244467766746,-0.6389393239197393,-176.43769853395588,1.93784926384142e-16,7.27720459716671e-16,-7.74400720977241e-16,9.789669460338612,74.36795747032885,-136.18013533148107,111.51389068382835,-33.3750558060034,139.16542075694275,-2.611647007369743e-15,1.5784970032079408e-15,1.1218248171906142e-15,4.082966870380493,-11.90004360458624,109.0943496037387,9.163696762916848,-4.108094230595097,-129.733747490826,-9.146758530881172e-17,3.1912433856321135e-17,-2.4792051140871246e-15,-7.467931491976252,-15.720388194299948,64.18214574521565,9.206863280602446,18.202115760215655,114.64794326357287,-3.396301812724462e-15,-1.241383659577783e-15,5.282904948937978e-16
42,177.42668584355138,11.377558254832591,-2.039673629333063,3.9191729763573377,36.71513630423235,83.46268468628487,106.18062559063722,-13.683576666257323,-61.22958008392696,-16.48125446881541,-2.508733787062388,173.29193225443734,13.138752101821247,-0.6809603973490195,-174.78678658591804,1.2591831165462677e-15,2.0240385985406696e-16,3.7978435561071154e-16,5.658839088008211,75.03871899334233,-133.53890476023088,111.40015133065071,-33.98050509271711,138.58931638244903,-2.442133476685856e-15,-1.2887122079390657e-16,-1.187032862848108e-15,4.364341736047829,-12.179509312090312,109.8874725156126,10.851832796220805,-3.1824240691318337,-123.12860350022201,-1.3109306419710905e-16,6.903073233934878e-16,1.200824972031705e-15,-7.137388461631801,-15.459750741685648,64.83783785187923,12.571396698079466,13.749830639354148,108.01449868095195,-8.063435904782408e-17,-8.358866461031636e-16,1.1276208873228745e-15
43,177.15042832868698,10.984950422566808,-1.6441742444341223,4.824276756289657,39.526408243863024,82.44594145748239,134.25462474051264,-0.433343220098124,-77.33060466351276,-10.88436826938927,-3.4670299071140307,173.7450248157836,-4.409939113410543,37.9691358642879,-42.922381460517215,2.97030107404944e-15,5.0467811216002266e-15,-5.710608455829877e-16,-8.229702157133126,77.0204851100172,-122.20703716303876,109.26456433579806,-35.07401631526611,135.48063968082437,3.2640617619666402e-15,-2.1255574156986226e-15,-1.0865202476408798e-15,4.393512638343988,-11.382530663068625,111.27103058180005,12.812633427814477,1.4143702973363828,-113.74331429854143,4.1986195998179553e-16,1.1239780778303014e-16,9.692513813480764e-16,-7.43382998603952,-15.111028187868465,63.41163773022131,16.697788600415628,2.26935097185008,92.63676520042998,6.07972671264598e-16,-5.574644070679751e-16,-1.1094074309097405e-15
44,176.9872727274699,11.02952340094946,-0.894594440668529,5.554974452386026,41.5578272048746,81.65928509914168,164.26142294393858,-10.563197042950268,-95.82438477849307,-10.643000283056844,-4.3046079767890255,172.93976131614204,82.42763872885891,18.122639192471276,-165.835269456623,9.762039444691341e-16,-3.0653383892736746e-16,4.677952293386799e-16,-2.422821539191366,75.14182991999077,-130.39654185557038,109.835347196284,-33.587493377842044,137.65463277124667,1.171857875608828e-15,-1.5079714715325038e-15,-2.8524225092057743e-15,5.034740486063134,-11.804680496193086,113.29889471879304,14.002588324660305,1.8544983926202212,-122.54462065026273,-4.589431089822754e-16,4.123129957343042e-16,-1.2912719168294606e-15,-7.861924000720869,-14.681039456120086,61.416490901602714,16.580525544077098,0.8317006983459272,92.21675120262586,-1.3418935355989055e-16,1.3272504933543432e-15,-2.2804780715478296e-16
45,177.363104680757,10.714539406855613,-0.7717033623274177,5.6860135250320365,41.519652247677435,81.4578059776106,162.12547520107546,-9.724492513310853,-95.0666897395812,-6.789759407107722,-5.992500838421826,171.5345572788678,70.22221415128253,6.948793204929222,-170.10050955725345,1.6915098450345412e-15,3.5012412117815065e-16,-2.8980854294903307e-16,-3.1580454265156725,75.4636664432563,-129.59158531193455,109.57453216312896,-33.43000355047989,137.34074806115896,7.901746028483717e-16,1.1812687528753161e-15,2.69969154023538e-15,4.679942407844038,-11.031057778011265,113.16296769112185,13.140971780165644,1.9857307821035315,-120.50582937506351,-1.6754189843700073e-15,1.4207172400191879e-15,1.8874663156783353e-15,-9.079084386639456,-14.65521198631786,57.722886356427026,17.10898406970741,2.5033124717518587,91.78797321941273,7.304786654372608e-16,-1.1107259196389738e-16,1.9823238645551624e-16
46,177.84820993155145,11.310843233430672,-1.0301544820699362,5.745365368491097,40.95537521208407,81.27336757987239,159.21758418575925,-9.688306519095656,-95.93185201178257,-17.57989949140204,-2.3690358964460443,174.62210641977651,49.4978378902276,2.9048383352098113,-173.983744440759,-1.798793781337035e-15,5.317542648671028e-16,2.815366468568709e-16,2.2133657460363465,75.0711351054532,-134.48226936007433,111.67985390073548,-32.83317386994608,139.54544353584626,1.1878747207435247e-15,-5.844910617478882e-16,-7.444905575861539e-16,5.682289231604563,-12.197914917926083,115.21685397817069,12.52953394316553,-1.3180234823065131,-124.59056853083541,-4.56092026828794e-16,1.1818614475264089e-15,-1.5180106046602905e-15,-8.994000277743991,-15.08660587835959,58.69596476585362,15.238372897388256,10.316700025311778,102.49184940843672,2.2360640434212392e-15,-2.4010014960793462e-15,1.171156715605143e-15
47,178.7585312839562,2.6049843140720346,-19.317223579346702,-13.104200357325054,61.20621471979362,104.8757876685593,146.86669496521264,-13.51906525377133,-99.15267500636995,-36.40704584011621,-0.07158519942598257,179.8506977519254,42.244842786403126,1.7057347855145475,-174.30832433521556,1.99481715318489e-15,-1.3965136183414547e-16,-8.399516227008825e-16,-136.54141724539954,44.79672401177207,-11.042942673956496,69.99891931756548,-35.762238703007334,74.70199528823088,2.966049178261531e-17,-1.2478257135000796e-15,2.0105971520882163e-15,3.920648285135159,-4.253692960937402,132.73776160463515,4.519466675166513,-2.2238574301648613,-119.60414442394384,6.015000998026737e-17,3.971713471206636e-17,-9.985187911707632e-16,-1.5386032539837156,-10.083972324669832,81.27844624988849,4.014626661262823,16.521645748972436,110.86024792223638,-3.8957402449948e-15,-3.7087038690171165e-16,3.7954882921010927e-16
48,178.92418676082906,2.4902018261703267,-18.89154262476562,-12.600001182562,61.04022326950604,104.33086545179192,149.3629547004986,-15.477006615508353,-100.64115364152487,-24.85893104245595,-2.258274563388472,177.0003829351136,78.02778609754805,6.913779600093101,-172.12330685261745,-7.888038700611012e-15,8.802578132472796e-17,-3.334743206476885e-16,-136.8555786638317,41.66797004661127,-10.062847830629362,67.024227630587,-36.381402840532495,70.49114644341327,-3.04966716080372e-15,6.896395168937561e-16,-4.467694179855631e-16,4.985377334635335,-5.1874514606075115,133.97351519043826,4.966215546934542,-3.4315913986172664,-122.97298277895868,-2.483264283274486e-16,-1.9760204587518622e-16,-8.234868745034516e-17,-1.2315710185181798,-10.108462397830388,83.01669158749728,0.9533596924448496,17.2755545714273,118.6852340610789,-1.5159957468395054e-16,-1.0139208464212799e-16,1.2818872671009055e-16
49,179.06501560715748,3.1088111714236866,-17.700584080723264,-11.119581127368944,58.88260921470342,102.92999236846101,155.32619369312368,-17.346676699574633,-100.25438115125515,7.079394444166481,-45.00164551890808,162.99282263980058,24.283228099226157,-41.00394226598628,29.339420704681313,-1.8953954467425425e-15,2.850701486429809e-16,4.378309397277787e-17,-134.819962721288,41.69541236120198,-9.905414375249979,66.39547161234928,-37.13564555664068,69.56787999538216,-9.590517674657691e-16,8.637285287157134e-16,1.6378384588643003e-15,4.312516491602825,-4.99278016569985,130.9083248197948,5.158072810239723,-1.519350549802785,-133.38891656268558,-9.3516066019825e-17,-2.154809110434274e-17,2.495079775616154e-16,-1.5300746516330208,-10.936660269766797,81.98600374959375,-0.049314761559609496,17.734750222754702,122.76335584661125,7.972760924113165e-16,-4.189326116695104e-16,-2.3749730730082855e-16
50,177.68744003555926,11.960357182381664,1.9406021330349454,6.509878748645272,37.81131054040185,79.45611641531772,170.93944226122176,-13.669336616494677,-97.21074825382954,-75.111242441491,-4.3991043395843725,5.848593523750839,57.397604665195324,-2.6037644330046414,173.01580342258117,2.702750135907152e-15,4.667703947458665e-16,1.0529347852505965e-15,-4.453048324859986,77.36286729473747,-124.48461430938471,112.59532393254594,-36.81570683042529,137.37254478191295,-3.678203028093474e-15,7.802757564324613e-17,2.3673011487915265e-16,5.161573613745299,-13.456092344711102,111.21551808519251,10.945646936431292,-2.918920038740876,-139.80782740034368,7.343606073627562e-16,-8.868705288002836e-16,5.4363369865308365e-16,-9.655913783568169,-16.419826408876624,58.956237454731806,9.36364870197883,17.846762006669557,118.93809773345613,-1.2045798230338255e-15,-1.318616835236771e-15,8.141084116331123e-18
51,177.56260400811186,12.363417601395804,2.462477065238918,6.577416620189325,36.58021340959582,79.04965912515661,172.02820732674678,-12.736223388073832,-96.44369248675333,-82.17190470053966,-7.003350136576601,6.9308515096823715,70.49489871952922,-4.221452996453047,171.0227409538336,4.299705871747679e-15,3.542609131025762e-16,7.6772864458420325e-16,3.7580327509081104,75.8387406740935,-131.7200243493544,113.36760279518602,-35.26143008467353,139.4754850063074,-1.8906329749703688e-15,1.4073035785942759e-15,-1.3586101215208264e-15,4.664747207622272,-13.284213611096407,109.54997637017678,10.953672707777637,-1.7836325083549176,-150.20801923562098,6.777515311630843e-16,-3.898422852249641e-16,-9.650623388711492e-16,-10.060775241325675,-16.47452633823374,57.96879925529407,7.877307468697039,18.094328227169488,122.88226741216721,-5.289657642401925e-16,-2.6437560050627694e-17,-6.960334798495689e-16
52,177.59163205990075,11.697175556410672,2.457498237221097,6.857884433413877,37.1098739640214,78.72673747002752,172.37453241396153,-13.127662723237126,-96.64871986075012,-97.60862254848863,-17.246447398802477,9.72868748053781,103.83945505100809,-13.176045178507668,165.98386671283612,8.490006916099455e-16,-7.471961109609857e-16,6.734903104119768e-16,-1.5316916425820257,76.71223726519183,-126.86000396517902,111.48829534919746,-35.89173997338389,137.03505750689968,-1.6986724436461449e-15,-4.3514390774281897e-16,-1.5534261905521383e-15,3.8440354581135603,-11.969266640485445,107.95195869910101,8.734429098388398,-2.8264065169357644,-143.61430042256947,-5.676471889112351e-16,6.740633498515444e-16,-2.9459888854444085e-15,-9.872628765993106,-16.237707028160195,58.1021111077647,8.047050109272714,18.485302889210644,121.24196788997628,-1.313317686306483e-16,3.1218724739442497e-16,-1.8470474875491325e-16
53,177.55192999684493,11.986603827626544,2.590398269509721,6.674786686683063,36.19599580039073,78.7911317391681,170.91283320119618,-12.632399626964153,-97.51056028899966,-3.0974993198576,-76.80365118677736,124.33650857719722,100.27477542853978,63.855970571022276,-113.40365705158298,4.824860395146841e-15,9.10489034993714e-16,-4.85439494877261e-16,8.805184310173969,74.09875757829278,-136.6454200275165,112.85370774456048,-34.30878808616136,140.03078617640773,7.010841549278943e-16,3.9018904202303247e-16,3.5488052608259594e-16,3.4608370959217525,-11.518204138108208,106.84991001054331,7.169350079032395,-7.70087379325927,-122.34690427639528,-1.3024685368656572e-16,2.4374555240682503e-15,2.467981575541103e-15,-10.839606293668146,-16.816702553624964,56.501923527577304,6.242167935808339,18.93691478549477,126.87111502156284,-2.4372664957598625e-15,-2.929258564715884e-16,-1.6037209396289356e-15
54,177.52708717735672,11.9422103849107,2.7201733034539983,6.693429971363379,36.038897417314956,78.7191101476523,170.07107608938736,-12.620328698749494,-97.85368452679559,26.80649032818013,-61.36929758671694,156.2533755030683,98.04799824493956,33.849304712175595,-123.79524030972175,-5.538213546922842e-16,4.598900309605654e-16,-1.8851575196815552e-17,5.8002464413959895,75.00032661314087,-133.362815417614,112.55411427783982,-35.5590069140601,138.78025096247455,-1.031828655289819e-16,7.292268863988578e-17,2.948539538267088e-15,1.9857972569585605,-8.864635081665138,102.68036934633251,4.674799984386129,-8.25811611763434,-118.22091528994069,7.262544025207029e-16,-6.198962278245584e-17,-2.61207782922551e-15,-11.109080344324145,-17.06879037757306,56.21853724309571,5.113084907483998,19.44216259666231,129.14924654402387,2.886538490116438e-15,-1.5106127437818615e-15,-7.227540967997138e-16
55,177.46160114283623,12.704263768928525,2.8572837477685322,6.325145664046468,34.902781659695854,79.03631898005746,170.6777379910044,-11.967298037244632,-97.33764293745844,32.58545866256924,-49.616371807828365,162.88183645703538,98.66491107327442,24.83365263294305,-134.91437397624895,1.2526828927793863e-15,7.591781079341567e-16,2.973699182540129e-16,16.82815277036015,71.18802044336712,-143.7395864877192,115.05476369098479,-32.789715837830435,143.7473106363355,-1.9781329921184267e-15,5.870377660057099e-17,-3.63845783624102e-16,1.65327381790361,-8.421347862180784,101.14912383744223,3.8103939904397577,-4.978686295663323,-133.87929807613077,2.1520065941567658e-16,-2.9482875223119893e-16,4.118397915834041e-16,-11.243423941269757,-17.1792828786637,56.05757553005592,5.1685305609993355,18.19180377925732,131.16790847680076,3.3215022835759395e-16,-6.835863034296591e-16,-3.4946210607468733e-16
56,177.78393391179395,12.173102320698472,2.463221938832126,6.3707788643278676,35.56294774650197,79.1329045791075,170.77654030583182,-11.826072824202402,-96.81470029315476,31.35290109159931,-48.15995050590645,162.77662367141374,101.1752466434716,26.863932958621618,-137.215453041544,-6.579990498520877e-16,5.036946507205603e-16,-1.5887744127563139e-15,5.942582460664033,75.67597514077546,-132.89858725187202,112.97398752853005,-35.50581596855235,138.80821798407172,-2.343870723909603e-15,1.6105238139776206e-15,-1.9236939675960875e-16,1.2450996583488236,-6.951543639506403,100.18064647888934,5.218442508262948,-0.9024355053039048,-153.92209808872107,-9.56778610688993e-16,-6.645747108079095e-16,-1.8133764656993348e-15,-9.12012715264318,-16.006840346003013,59.79335719758343,2.952248702112122,14.771980163052314,137.23221880254087,1.7030877938121063e-15,1.8216141268995655e-16,1.2690432990870151e-16
57,177.80523520558773,12.321338700045011,2.334126024794432,6.255158470358544,35.56987175285341,79.32887102404794,168.69354644873835,-10.696088595141905,-96.3853348789731,31.566121771786186,-45.785734858692635,163.5498244077973,104.24052985712144,27.586090606362884,-140.86475321220527,-3.019648783892006e-15,-1.8674454504065261e-16,1.418434661013675e-15,8.203203158575791,75.09587054331676,-135.22760234736282,112.76484547564566,-34.761012351242286,139.1309740487268,-1.3621102966877033e-15,8.476928510409504e-16,3.485399738364263e-15,1.5016936316206038,-7.587434191332913,101.22967522485531,6.24402143346971,-0.6440168296238775,-156.6262214648967,-3.631610222965344e-17,2.4943677773209077e-16,-3.296755027055227e-15,-8.875489806066131,-15.84506614937178,60.23354047439705,2.7526876693873725,12.686600290375349,141.34451342307082,1.2790100669714039e-15,2.9911717452265724e-16,-2.3847078713960267e-15
58,177.84617611520417,11.986071661710659,2.2011908405901335,6.353891911024477,36.09925067314203,79.29761777848152,168.3051648943276,-10.144816615034388,-95.83499327711002,30.96168306137588,-45.29015785966326,163.62829810038698,104.98425705338842,27.94859014294562,-141.57541121130657,-1.3307686036926705e-15,-8.385777497363973e-17,1.1447503804557178e-16,-0.841658502210986,77.0991859787919,-126.43472186089747,111.0246325393592,-36.44324876056141,135.85275756161838,2.260744779916778e-15,6.635280203311782e-16,-1.3236297748457237e-15,1.4141709118451824,-7.161727721561647,101.20067618809169,5.717499210619102,-0.754635113177996,-154.50174799609442,-1.2268852192810933e-15,5.167593998882769e-16,-3.7388652211565955e-15,-9.261249736845759,-15.972706563219976,59.35046985285293,2.196941723300619,11.475243775980136,145.60785125107836,2.7166467294277034e-15,1.4429632550159355e-16,-3.249648438663623e-15
59,177.60365314100727,12.039812749481987,2.3305889810990568,6.358264772395343,36.095430235781464,79.28940635245513,167.1401233499609,-9.846815786889763,-96.0593201493921,31.532494772030866,-45.0832385440138,164.11656500878544,106.42026085180488,28.189137775480788,-142.57189758105886,1.8599623688817525e-15,5.390904611017695e-16,2.8236919709573505e-16,5.816167382247198,75.16025567515358,-133.3613350862023,111.33232218502665,-35.01291768049427,137.70224919376824,3.740097829636608e-15,1.8798834582794923e-15,4.683891971809813e-16,1.4978735709316866,-7.569079870897,101.2281386651848,5.3676944798948565,-1.2933317594320608,-151.16167503361183,2.7045857128941994e-16,-1.5988503089782047e-16,-4.878106508501098e-15,-10.021570693958177,-16.355135670349128,57.8891972295458,3.872967956067938,13.514144723674672,139.37235171402935,1.0215979914029793e-15,-4.664007943390797e-16,7.562258650374671e-17
60,177.63536486395066,11.921790311491455,2.199557227653146,6.46156085202187,36.353387768453594,79.18318492933982,167.82164999064128,-10.605894253850844,-96.53671837977618,31.131389166333168,-44.53129457526449,164.1624898864729,106.09580430778178,27.874674280088808,-142.76661010621314,-2.6722432748197425e-15,6.729455160722988e-16,-1.0567701412723308e-16,8.373101127667034,74.32938315588633,-136.30282114450574,111.85061484344256,-34.199400411571595,138.9266283790036,-1.424199066178932e-15,-3.609343626809776e-16,2.039752682354955e-15,1.482840673217705,-7.4873780975725985,101.23578900140726,5.2540158477829975,-1.310593139105761,-151.15506640796846,1.7388621632453123e-16,1.863669722823289e-17,1.9783424655940352e-15,-10.203533731605336,-16.599016720231518,57.78637859038815,4.343355670636306,14.091168301510656,137.8710521096704,8.131197836763156e-16,-2.6037442485438054e-16,2.084824263480222e-15
61,177.67245184297252,11.629053809082311,2.069560034639634,6.392027486526598,36.64768686636472,79.37017554266356,168.8528284786855,-9.7584416746354,-95.30291706777278,29.9193781621066,-46.66628603127651,162.8757713672141,105.06077252014308,29.094913148894953,-140.5566353601428,4.125056106034623e-15,-1.3660121207141963e-15,-6.888535912412801e-16,3.2207580558905344,76.30154670574123,-131.16215357488906,110.9382121420737,-35.37127536013166,136.4473360844093,2.0607480288957053e-15,-1.0492054497515285e-15,1.301340913881183e-15,1.4955437514951675,-7.401601476090812,101.45672655457297,5.932582846253202,-0.8702414222335885,-151.73035439819887,-3.890679010828282e-16,5.164368322148816e-16,1.8821937071303737e-15,-9.248763637223757,-16.21535034732845,59.75224252363528,5.065835711867185,16.607154850659093,130.11695620845626,-1.226360936533947e-15,3.70124804344358e-16,-5.818988108871607e-16
62,177.6368375670654,11.85860965116592,2.2033267907602734,6.310852653927885,36.501550326610435,79.46789153472855,169.18458057941956,-9.266339407560647,-94.79669381839346,29.376331451160436,-47.28024986620923,162.16069201972797,104.70485741392407,29.45939127526346,-140.14110696555593,2.6771422830088444e-15,-6.889330269716567e-16,-1.8243556401536642e-16,1.9321333680491424,77.10504437339576,-129.61739002848577,111.08182051930451,-36.11213159153058,135.64760995870276,-3.3310958191983615e-15,9.780132792268288e-16,7.345004652573006e-16,1.4854137253908346,-7.42542679080705,101.34575200998876,5.915545709671111,-0.8612531042736844,-152.53192653734826,6.582981627357731e-16,-2.215882864027323e-16,1.1917841244408915e-15,-8.933321583199916,-15.94416226893333,60.2205334558099,6.290481202831793,18.496679160851425,123.66010781202912,1.0885947273986098e-16,-2.5491143728915747e-16,-2.957445723819881e-16
63,177.63582146772495,11.878154521309998,2.204395863348965,6.346852399144372,36.44670961253782,79.39527496030854,171.30520446030732,-7.856918668892732,-92.60693169860603,28.739647310958688,-48.60310188008949,161.25550204882967,103.72326764730057,30.07040050467256,-138.51665181130926,-2.0076343722809738e-15,-1.0485118908821072e-15,-3.5409132922427285e-16,1.4284090519057036,77.6449586149644,-129.00295531619864,111.32388941421239,-36.36910265203772,135.36008678313377,-5.837942926882731e-15,1.3799103213345262e-15,7.885720583592966e-16,1.481148144563808,-7.4239399500925485,101.31619350141303,6.034384124837094,-0.7728075192098754,-153.2836933483319,-9.852960532288045e-16,2.518052379847391e-16,2.685288789058174e-16,-8.441982912893373,-15.39730359597102,60.79555859453825,7.6624681922927245,19.224779393125363,117.79815418238357,1.5975692917896104e-15,-7.872536988792914e-16,4.411533602367938e-16
64,177.592787059278,12.274899514412974,2.336826545658722,6.563721696528572,36.133521135850344,78.95859355719139,170.87356332761564,-7.531876780346871,-92.04969043993434,29.380640413492607,-47.65208461638797,161.80630270396847,104.17731710476289,29.741013516899827,-139.40137567847958,-2.792286124579013e-16,1.468979097910983e-15,7.25454566406114e-16,7.662284733458051,75.74753558179879,-135.20262837980175,113.36935700746118,-35.07814270663962,139.05118160122018,-3.868448385720084e-15,1.3207711405295648e-15,5.502077689251416e-16,1.5286357832524664,-7.773467534367621,101.16106615352594,5.178021518737499,-1.172809533995075,-156.87058086694168,7.783885516717691e-16,-4.735081660655116e-16,-2.0752481264629054e-15,-8.59187702708912,-15.791494583993456,60.9609523042485,5.107181616283609,19.471827315100214,124.31552920284194,2.096632552560493e-16,-1.190671984914947e-15,6.553710861377573e-16
65,177.6472679424131,12.306035655328426,2.074880180468776,6.772454980345204,36.094740220158776,78.60305110788325,172.07018269360427,-6.1734504620029504,-90.24137731634754,29.588997044559974,-46.65318918893035,162.23942377115216,104.69778596174231,29.842240775663253,-140.10195368266022,-2.956459540383685e-15,2.605115401822492e-15,4.1916108453955105e-16,11.524808567036054,74.01026215781162,-139.2851136409948,114.15853946348408,-33.159155027076864,141.74174432233923,-1.5172299424632736e-15,-9.542915818374664e-17,4.130319929481916e-15,1.5314739345662407,-7.757344475889436,101.20378949512924,5.228442046444272,-1.0925628218473504,-157.81940341117775,-1.009284842903652e-15,2.497485787423701e-16,4.542680945526044e-15,-8.767558076711728,-16.16422929003953,61.01362005037904,4.420851369843207,19.462793709147235,126.62745896065887,-1.4999515265733805e-15,7.087486215163948e-16,3.8753942191486507e-16
66,177.21992442366727,12.382618501644833,2.0739984870944355,6.737041946950974,36.0571097013357,78.65167734460637,168.6421849338341,-4.987043601446723,-90.05901804629684,31.209541078371576,-45.03362368964633,163.89975733505136,107.02538434179237,29.39734530169957,-142.3939910367045,1.4318030560738994e-15,1.554930148774561e-15,1.094174798333614e-15,6.931729118391502,74.32972136441393,-134.61318842818633,112.68947513520676,-33.732595890087225,140.51737674675968,-1.3476113379376878e-15,2.3774751613447694e-15,6.50587647744552e-16,1.5602695822655277,-7.898626073855134,101.21144395462538,3.938559643947431,-1.7549429772038254,-156.92534705378503,-6.007846818351595e-16,-4.0457270973067366e-16,-6.507913242512489e-16,-8.890418621703798,-16.424148492562782,61.047150199916075,5.143467593431181,20.29913327617525,124.63072449413977,2.389197896676412e-15,4.856940051183311e-16,-4.867667225702365e-16
67,176.9932995786337,12.012341055730026,2.1995512052000055,7.2316764781800424,36.2844106326084,77.89801121845215,166.50023622525964,-5.329660700295699,-91.1051272686861,32.06153106919958,-45.038868598063445,164.77556817046593,107.26199897374424,29.457482853015883,-141.75000199051132,3.2403169333789515e-15,-1.1807612822311164e-15,3.669582498292085e-16,-1.0714271791764713,75.8903957773298,-126.66619959043709,110.54114544117456,-34.66421556876349,137.6250917969881,-1.5874986883290462e-15,6.518325365660152e-16,2.443088176821018e-16,1.479293454317981,-7.694537166651783,100.91683509245573,4.747463522196685,-1.4250945220220204,-155.24423660001239,6.454176102752349e-17,-9.120605200147315e-17,3.8056179676247225e-15,-9.045827545235426,-16.09429032296435,60.13161686160589,7.752842211728633,20.43501882078269,118.30810427553743,-4.886618037371829e-17,-2.049175222287998e-16,-4.21671509852363e-16
68,177.00441387590223,12.440532247413467,2.0737791903317495,7.076794408422354,35.81490246770583,78.02212174039713,164.59181341598332,-5.765559421443821,-91.32220190534431,32.66740940231969,-43.70147498114489,165.20774951779046,107.71449480849788,29.13241058536506,-142.7969569960112,2.220045747373388e-15,7.127221599702397e-16,-2.419971867355461e-16,2.950049459111872,75.60173463967298,-130.2647427747615,112.65130051981325,-34.53755013914243,139.66958192341198,2.8011228165055706e-15,-1.1509505901972982e-15,-1.0684372470180375e-15,1.5651501211361516,-8.12935455446003,100.93627014841553,4.500989889350241,-1.4737507222086528,-158.71328008200365,-2.0558036399641179e-16,-1.20853308846544e-15,-3.766223521917135e-15,-9.824363161816182,-16.73319509148443,58.9750179878138,7.0166952273031145,20.245132901995923,122.24933032588113,1.297930653997499e-16,4.712350193996261e-16,4.950327093844521e-16
69,177.47615599326775,12.707107032703705,1.8175553184189497,7.129875378234844,35.3824153593139,77.8099069509654,165.29096199884657,-6.223690898909922,-90.6609953578511,31.73495802144737,-44.6150852230076,163.95856722299408,106.06943541647114,30.148201788393713,-140.89910516279102,7.775898295233396e-16,6.178035121892587e-16,-6.911761325949075e-16,5.7954047661639905,76.27056774372717,-132.6234609449636,114.43020987325183,-34.08722019510351,140.93139497668577,-5.875222562896597e-15,7.989682307595496e-16,1.4142353157384905e-15,1.647482427668695,-8.500741379005602,101.01052946717195,5.408127737499039,-1.4277727596386711,-156.305857002845,-2.9117491562715385e-16,5.202847861085359e-16,2.662396173659902e-15,-10.104317298467139,-17.221437116485227,58.955827202584814,5.043534178530555,18.510464902674915,129.85848033463844,2.885009691308373e-16,-1.8348757432428454e-15,9.078774568171714e-17
70,177.7665861013794,13.022062836793621,1.4310303966820666,6.8970108595179624,35.13869747398091,78.13133073575199,164.00450448048548,-6.360243622204758,-90.06621395215878,30.97716260750767,-43.85406797259994,163.38664242399074,105.38592785176759,30.121793192016543,-141.1860636254324,-3.254810829191278e-16,-1.0436775031529938e-16,3.152164767624973e-16,12.564757591286071,75.37913581904355,-139.22322788291012,115.83459485285303,-32.74336538252432,142.83134309783736,1.7283980783307372e-15,-2.504142314788121e-15,2.342513817670497e-15,1.7473942132415583,-8.606783398288057,101.52209926977054,5.029024288136321,-1.8180971239295094,-154.1828535150433,-1.2851077518006492e-16,2.929430468582215e-16,4.5595633486391775e-15,-9.736183576076366,-17.386419937849453,60.13500604193812,5.6236536892144295,19.58029110394511,127.11434187334393,-1.7721877790137748e-16,3.494797477749177e-16,-9.980499596095514e-16
71,177.56439574199254,12.65541831358652,1.4287586987755363,7.138777988592249,35.797463284569574,77.91427449797067,164.53180319035937,-6.5381808010546845,-90.55365704075987,30.625821548016617,-43.94706297848166,163.61205786401717,105.5208197747553,30.05450527369465,-141.1096861936556,-8.502230808118825e-16,-1.5447693097669944e-16,2.131537735678201e-16,3.070783907976576,77.31130831699383,-130.17642326622843,113.20938132196424,-34.11346565180942,139.15383141420264,1.8111845671056993e-15,-2.391336214195828e-15,9.902232991052617e-17,1.6789025404906397,-8.220053873941033,101.58544132938253,5.4255440083072255,-1.708635081736834,-150.05606047932196,9.419291956793548e-16,-8.675883782786853e-17,-2.950378684868311e-15,-8.930966654573082,-16.74915457389107,61.39577190590305,7.089117679241159,20.300260515598097,121.12491025787958,-1.6176564985159793e-15,8.86612656188089e-16,1.424132254072272e-15
72,177.56789289032596,12.518202521798232,1.4275253989779604,7.434407084039353,36.268034171044654,77.56080003942074,163.75756686251518,-8.717754440022377,-92.65038495846294,30.192097610036438,-43.197250490423194,163.88141353246482,105.82024030978411,29.909619954791026,-141.7260297737089,1.5827499418041733e-15,8.400707026668012e-16,8.841127242063107e-16,2.1899065275618823,77.33263135748122,-129.8020913879797,113.11124154658239,-33.976951184987406,139.1862986717968,5.000092225431471e-15,-3.586641104681904e-16,1.100952976538519e-16,1.6577988938084127,-7.934514668158253,101.84128244747681,5.363582097613141,-1.1811688922365198,-156.70628139583025,-1.072846395312102e-15,7.057382073133198e-16,6.966681054070896e-16,-8.749759936952184,-16.574284508790058,61.65101963544763,7.976465607640941,22.610188509694247,116.19058900296088,3.042265612709322e-16,2.5876813808254474e-16,-5.5159443404544295e-16
73,177.3006808867715,12.525679178080024,1.6853645602580776,7.895635733703321,36.61634838097431,76.91051138607499,167.47868612563735,-9.559775866564761,-92.59184009729722,30.835920472582682,-41.98111882648233,165.00552262766772,106.64117249938404,28.97102928089206,-142.94816000486827,-3.335856423551047e-15,3.671829576831919e-16,7.511723477540833e-16,7.387076370169938,75.28797889383402,-135.68312413242614,114.11341017977148,-33.07344755437958,141.55818667644212,2.45710616458004e-16,1.9730921296568915e-15,-3.928668014267316e-15,1.6490784568857728,-8.032266029042937,101.64217143666907,5.908441177700809,-0.8145374909470338,-160.4322750368535,-4.756707254051523e-16,8.051048086075621e-16,2.795000964360327e-15,-8.787251993996001,-16.443356914321907,61.3614667021963,5.3516571031733156,22.39418069147311,121.68879519434437,-1.196492151210947e-15,-6.238473534174968e-16,-5.580176935000814e-16
74,177.48996500536822,12.359033184264005,1.8126916187181306,8.608689207052128,36.74552799927706,75.79933985905532,166.64686443879683,-11.122692244244487,-93.79438877997461,30.959976222715998,-41.58155049058212,165.3930893221855,106.8596750828288,29.33807155945095,-142.67726290759703,-1.5542274753471935e-15,-5.312441004799697e-17,9.273397368388814e-17,9.23279089022489,74.80912981223753,-137.8498282583701,114.7595073977651,-32.36520974871104,142.69027054583665,-1.6291002986197328e-15,2.6030754947011955e-17,-5.191430717199953e-15,1.6047912155603405,-7.922041882911671,101.49013341759144,6.044834497063283,-0.614026568358263,-163.2330192002016,-4.3601261764163715e-16,7.34985874007302e-16,-2.1509722650149106e-15,-8.514710108600498,-16.199981472398527,61.78087299197409,2.4798978308050166,22.241845066719186,126.72286784671788,-1.8279371496274316e-15,1.3516640571108224e-16,1.7757565397980361e-15
75,177.40825900365044,12.07374275533507,2.208089170370074,9.075459642116028,36.929430289790666,75.11193089450379,170.3760714137521,-11.933386826463591,-94.21616195324518,30.81896009198662,-42.59955845406687,165.2110762254455,106.85882321327557,30.03493161359171,-141.70821983848444,-3.0632429024318347e-16,1.612834994958777e-16,-6.207311837817582e-16,8.203075854627581,74.79094134159067,-137.09624716088274,114.02160155629865,-32.54746131951912,141.9537753434928,-5.4365302669357116e-15,2.0900387153057023e-15,1.416606258775265e-15,1.4834201397877067,-7.746242591949033,100.87567913546518,6.923601216246644,-0.30858077566782977,-162.22649024455427,2.2606539746799483e-15,-5.951999046855591e-16,1.2265885908566571e-15,-8.251076414801984,-15.652882087787917,61.74359823675674,1.0888930159168846,17.452881403318557,134.74868801780278,8.043224772923331e-16,-1.003506357209046e-15,-4.337642115003039e-15
76,177.6405595889823,12.255197132347469,2.081305845525291,8.813114722472355,36.28418037591439,75.31909651532365,169.33883480830139,-12.525031970343958,-95.47147655584854,31.109190955720592,-43.43206612926805,164.70271940459097,106.11247734566406,30.534900858360025,-140.54133833614796,-1.922678028673451e-15,-1.2725774395802958e-15,2.759672404548221e-16,3.388834916749057,76.92116491675162,-131.33005317740063,113.68177617432552,-33.88605972596552,139.97363310930172,-1.492289468745421e-16,1.717107771484787e-17,-1.6705926297070456e-16,1.5210152490798665,-7.861178061758175,100.98664277867732,6.985190889394104,-0.34263892379371647,-161.44848089301257,8.690994002169232e-16,-4.334587260703682e-16,2.5435933770695857e-16,-8.618451001373055,-15.930846630961154,61.09267730890016,3.1777879078528777,16.966253850475876,132.32265193260116,-7.578341305097e-16,-6.815031818173818e-17,-1.7133939300368837e-15
77,177.367570194618,12.379633565614563,2.3445940651523554,8.607755847051951,36.035697435412665,75.57010261863239,169.44325219821738,-11.619169047801671,-95.40219534123727,31.713552498863724,-44.460290533272996,164.67134471001074,106.43227266439666,30.709127356866645,-140.20356561792968,2.8610633498431727e-15,-7.385634676613278e-16,-5.2633899157310436e-17,3.5413700000828547,76.53610544532559,-131.24494054482344,113.47715181593809,-34.25242600323321,139.81820031657625,-1.4677376241000514e-15,2.148280176420222e-15,3.2696878198194026e-15,1.522258378251603,-8.045396253515198,100.75113870653914,6.636453954558605,-0.564573678939303,-160.00008648276815,-9.709380339445436e-17,2.9147344049265646e-16,-2.1317867882781949e-16,-8.620879938721137,-15.978694601474944,61.15651878038565,3.659277253218053,15.771294545693843,133.45924833296368,-2.5245760205032925e-15,-2.339202080474616e-16,1.0892604170337994e-15
78,177.18275925221386,12.394373255489272,2.2137909717733355,8.326777941576033,36.08745793764862,76.04556863508056,170.43560709133865,-10.932296667945314,-94.64130514886459,31.983611589379496,-44.297952609476326,164.91166450554118,106.50707928023057,30.16233848659923,-140.5889047665356,1.6191208072182152e-15,-5.227846817367321e-16,-1.2975052611786653e-16,4.32986526551826,76.00278859664002,-132.09560045255466,113.68970886895266,-34.36823380694571,140.25275227828206,3.3635590071554937e-15,-1.697364970246e-16,8.252336771156026e-16,1.5487520527813208,-8.14899276339529,100.79905673956594,6.209691540412641,-0.8201024258607611,-158.53029529874436,6.213250801064827e-16,-1.194414254224959e-15,-2.0108589983470468e-16,-8.259919110566175,-15.981874269683573,62.19949304276538,3.615795383358474,18.117443722729146,129.3920645460329,-9.962897672020109e-16,-8.480286215003455e-16,-1.6412800026512046e-15
79,177.19924525350945,11.97614445649174,2.2094504436690623,8.620520393970184,36.80550197016871,75.7994236951696,170.48584782648956,-12.133926682666713,-94.90039669848014,31.11891917278098,-44.997009831550564,164.6490751697289,106.14470184278882,30.583072944284055,-139.71418571934908,3.488240231887688e-15,8.961330776695989e-16,1.563794473875494e-17,-0.7161914549216312,76.92296160493827,-127.67160396128196,112.68123517334021,-34.95178942947705,138.68997576981542,-2.440121995621636e-16,1.3776394966662567e-17,1.075275521512898e-15,1.473233031189124,-7.862834313381635,100.64718909863699,5.402019410889626,-1.2057007946375953,-155.11094941387043,-9.927815153922911e-16,7.870713828701772e-16,-4.545923150945988e-15,-7.667303488965171,-15.51922060737983,63.29063867297855,1.9959176275518482,17.701361964182528,131.9243878829512,-5.976644246599969e-16,-1.4391213704235986e-16,-2.7442187914961785e-15
80,177.48488718465336,11.919858417470323,1.825729380097237,8.239557952235089,36.819112427906404,76.41595574061584,170.67667053985002,-13.28722405747682,-95.88899568401847,29.99747009066563,-46.28123861261517,163.41122220323228,103.7036451082038,30.52604161229955,-137.4692558602364,-5.581996124080193e-16,1.8996810243536695e-16,3.3686577334556054e-16,-6.921491924168874,78.4845290175096,-121.19428046343153,112.30999732589228,-36.04130401515675,136.9405663615878,3.592955488334507e-15,-1.782248573417685e-15,-2.142971358312269e-15,1.4748071015911075,-7.735467857128727,100.82861585770698,5.183095847965269,-1.3480135092319216,-153.4100054568788,7.449204542736976e-16,-1.874577827026652e-16,-4.144982092432456e-15,-7.718738370816898,-15.818301111097155,63.56212060448701,1.0249330072325762,17.363136531442663,134.84692772151126,8.862662358651901e-16,-9.578314367332518e-16,1.8477206700610676e-15
81,177.70331072626502,12.00466405398429,1.821845447319455,8.34565741109411,36.49789245237197,76.14523858374896,166.06050211675472,-13.11386027112541,-97.0686507661328,30.44960407751157,-46.7244810635691,163.4209561093552,103.00263224581386,30.49818509904057,-136.3827353119463,1.0593533143831768e-15,8.476663775369979e-16,9.535830989619954e-16,-6.044956319653499,78.74227752671861,-121.76123246306405,112.70966033477103,-35.75682152633573,137.26864991858457,4.777431377885663e-16,2.1502945775667164e-15,-9.344810944339047e-16,1.4897727936802874,-7.731971538514237,100.94070787130228,5.024874509125183,-1.4905903359845352,-152.3990865164874,1.1768355056869235e-15,-2.034104779526794e-16,3.293784467103221e-16,-8.085021836531455,-15.94483987484816,62.656366814143226,2.2131111862906265,16.72621366872146,134.1641444987822,3.0418841928264043e-15,-1.4392600938680065e-15,4.542790659094458e-16
82,177.63884531281872,12.29025018019112,2.0835628570224114,8.263194531663016,36.056631923248766,76.13960799161036,166.0038557567327,-12.259638746949818,-96.91849116297745,31.08750949735765,-45.9214881012474,163.778796927608,103.50247095806372,29.98959371124264,-137.5321901819899,3.2532630719635393e-15,-9.283493191693086e-17,2.4138528343199e-16,8.233677756401287,75.78467844386984,-135.99021776551035,115.08019883221341,-33.67685419143713,141.68805710520567,-2.5381479079971977e-15,1.6069228979483777e-15,2.7849235039491084e-15,1.5469558530321004,-8.118158459904746,100.82655460653355,5.280276424071248,-1.5836542516612235,-152.06084380295263,-3.083357005592768e-17,2.831311404531088e-16,-7.003292835741567e-16,-8.506827693472852,-16.259729991990934,61.88869527407205,2.000626161583377,15.273936367612157,137.97885194304624,-2.7851734597005413e-15,2.259272716052638e-16,-7.164723240769512e-16
83,177.55937262446855,12.423754571787274,2.4647673869616074,8.664008805024265,35.95159659898948,75.45025933222746,167.6125632059773,-12.284087129885163,-96.03591492748512,31.992057731249048,-43.670509401645184,165.0327058390862,104.74910853947573,28.939614165158712,-139.9049630098836,4.567996067229545e-16,4.707810280910044e-16,4.909981420556102e-16,14.049122033981654,73.42556304589476,-142.0773339895354,116.28862810400527,-31.96700493920551,144.56962425517852,-2.62087210624036e-15,-2.547968911244719e-16,3.7805333812632015e-16,1.5609138767125879,-8.375052173631921,100.59686368266938,5.961304624345137,-1.3720506064491265,-151.80022908259076,2.725729987715672e-16,-6.440548048232986e-16,-9.212200186530715e-15,-9.030127504310935,-16.2628294603213,60.42531504184266,3.407453602017697,14.860309950549492,136.5230333464013,6.136218272768487e-16,-1.9466082628499898e-15,-5.074492528640363e-16
84,177.53757664435707,12.292471584718177,2.5932711661997128,8.741481372952093,35.96128026602257,75.32707722089043,168.26649595742063,-12.493531492589321,-96.05399235258594,31.958650990237597,-44.04971728965181,164.9278292972544,105.52784680913156,29.712964285338387,-140.00384735382244,-3.3578762457479245e-15,1.8513655036878216e-16,-1.2528185830017934e-15,14.114045788604429,73.29118745715814,-142.18604364881415,115.63201435666438,-31.741322420900513,144.15194222026489,-1.5784384279820476e-15,2.292201226617277e-15,-1.891377245057882e-15,1.5234081148613885,-8.26886862277456,100.47672176942457,5.853698189198572,-1.3944391970240497,-151.37864360969482,-4.30216446315118e-16,6.28222554124978e-16,-1.0021805840131673e-15,-8.529605633275958,-16.077698132457733,61.561906086638096,2.864850795705684,15.677104860471859,135.31879974290618,-2.619783636942065e-15,8.347125478429215e-16,-1.0231265244721009e-16
85,177.5687568632135,12.20695083088892,2.4635110882946165,8.580621550965454,36.02730412579299,75.61158214926357,170.1760827919982,-12.319550732322169,-95.21966194853957,31.77074845476171,-44.98014063674262,164.56999051560388,105.9480817977152,30.698283773889866,-139.4871821720193,-2.9532588160902405e-15,-3.776554437116879e-16,8.043820963538e-16,15.048218862789692,72.87748503135406,-143.20172774981194,114.95283317963104,-31.22717346340057,143.8973406609294,2.2843043037887537e-16,9.375047241498431e-16,-1.0589954590395327e-15,1.5409689873750367,-8.218428382289732,100.65792771524272,6.420269559628279,-0.9232131189372835,-154.5650909194986,2.170362074667148e-15,-1.0736297425317203e-16,-4.149903743580349e-15,-8.153233622325443,-15.746602575229899,62.16946305729315,2.9910239575577857,15.208957995165125,134.98753376027085,1.8849450661130556e-15,-1.224632979611977e-15,-5.364828862474995e-16
86,177.57866643028078,11.967361842983472,2.4643186249874613,8.620156618799026,36.2999567258634,75.6369914926047,170.28274680064524,-11.998713518556233,-94.80278245088566,31.247705477353563,-46.873593359130716,163.89784670416483,105.50205364031908,31.81207376562175,-137.6772365125771,-2.6664245157151863e-16,6.401137893243578e-16,-6.454873117637616e-17,9.216873155390774,75.15236130099548,-137.35966548836782,113.99849149671013,-32.91267498439719,141.33460927633053,-2.706898481340291e-15,1.8998602888378345e-17,-4.070354963851293e-15,1.4697139245732909,-7.91934459890196,100.5487012239702,6.3613708125404145,-0.7655987516071967,-155.66538463976738,3.047122759946254e-16,-4.432399118750878e-16,2.43986423653313e-16,-8.217763568670598,-15.647816400569281,61.83396645661056,5.305957704209007,17.721319116642942,125.66120195072455,-4.379190369242018e-15,2.046712842408156e-15,3.700137096952897e-16
87,177.57361644216417,12.087406437369824,2.464307155118044,8.692105301991987,36.733262602029264,75.66140480838159,172.8379301390807,-12.473301900370746,-94.4276588460232,30.953721856124847,-45.499293736424974,164.3528377170144,105.92832660070907,30.997897685395856,-139.1452469687606,-1.8416391696761723e-16,-8.063044184225813e-17,-4.4295866398756743e-16,12.081455208724915,73.93211355632238,-140.81003380697533,115.11189362289916,-32.259751488353096,143.11829100957743,4.6940260272155366e-15,-1.6148493235991366e-15,-2.84330119143665e-16,1.4899720947414608,-8.029694291346946,100.54815646389147,6.250979808706193,-0.8954315945517883,-154.94759475414065,2.4505638084968513e-16,-4.463094445697405e-17,-4.2585851793177903e-16,-8.577262237204764,-15.941185677643947,61.22571720096969,4.837018366299803,17.826741035514296,127.48422965314577,-3.6821282951639956e-15,-3.357770269207255e-16,1.4778764709637596e-15
88,177.6058349445141,11.958185203158383,2.3348480466891157,8.747701611942738,37.031727143532336,75.66782498802628,171.13243721479222,-12.132413463191071,-95.0693410921739,30.60869085055518,-45.36663031644052,164.3525691448902,105.5612491672221,30.76915381945292,-138.9946792740879,-1.4849532701607377e-15,3.6469480691912216e-16,-3.349481325392515e-16,4.29538289872656,76.46084970672884,-133.0062770838492,114.01428658119009,-34.09925935412008,140.26917475339104,-2.6895738471656832e-15,-4.685616905891943e-16,1.1207313417989647e-15,1.4317340463961161,-7.762027793790935,100.484406382975,5.580852564453949,-1.1845690252235657,-152.87878645279358,-1.750936147416502e-16,9.200241813872771e-16,3.2414556033234773e-15,-8.170134161040274,-15.872430478720974,62.30306609182945,4.168493756991475,19.468412428843862,126.04790244659348,6.244875734687107e-16,-2.673050501130962e-16,-1.1641320094492233e-15
89,177.64578033246934,12.330215458939689,2.077847449593528,8.394097278916108,36.818348760459486,76.16712946439546,171.74969327483353,-12.282553434298993,-95.57968106539376,30.90488266577559,-44.40886625196554,164.61588067288346,106.35250238147191,30.58276148427513,-140.30507110893203,6.168986020493066e-16,3.104649821319075e-16,-1.7747093310429596e-16,11.977574098215538,74.2096824268815,-140.69233235607993,114.65083030342205,-32.205523044689386,142.5254976697566,-8.04927205988402e-16,-5.585581169012526e-17,-1.3192070063931524e-15,1.540514847149082,-8.009757788405912,100.9240037216114,5.1994968141907805,-1.667620994844996,-150.59671450895763,3.128877538947324e-16,-3.519156488452632e-16,4.39214596955043e-15,-8.348249287494726,-16.457698990689565,62.617256497100904,2.1724394130384233,18.733460692411985,132.18661435749382,-8.375009801059967e-17,-9.457712949520814e-16,-3.470403653551057e-15
90,177.67573918165672,12.259509684850675,1.948263693550301,8.192778795292591,36.6377753257355,76.43596447197231,170.4682268804941,-11.819072008814949,-96.09997238732673,31.01692305291819,-44.729919494165195,164.4555968758331,105.98186049571444,30.581227724678843,-139.87798448048522,-9.342724955754683e-16,-4.3129169034552753e-16,-2.1243174742983079e-16,9.960242132868473,75.11601354478803,-138.34996328718765,113.75861479201897,-32.684764401114386,141.0821803535994,-5.168433838690807e-15,1.2436569376824654e-15,1.5564307390897709e-15,1.5277343402890557,-7.7228807548180995,101.225426430631,4.799262199496452,-1.8768465698346832,-148.6091725430703,8.825296990024024e-16,-1.4381795314755804e-15,1.1669500239754126e-15,-8.388525890707363,-16.26308031390387,62.23044567789811,3.1875776254913046,17.886926740937675,131.21905859213257,-9.14751476287677e-16,1.085048390371857e-16,6.700559920742169e-16
91,177.67909785272445,12.169113493695951,1.946604439160247,8.131309435628275,36.6586449020725,76.5416994159013,170.73240994598765,-11.915908809185055,-96.15316107817272,30.938050230804247,-45.08253911595879,164.31077650791585,105.90001761131528,30.74543743614283,-139.59748597561187,-1.0531204961227685e-16,-1.4653926475471514e-16,-1.136524714172242e-16,9.091042088632221,75.40496887233596,-137.4541531375983,114.06543228857673,-33.11746605794622,141.04613154916026,-3.2640646938054228e-15,1.3787385158607244e-15,8.011250948886085e-16,1.5483857540114754,-7.79461078536448,101.27195987675871,4.277579639236483,-2.043948903380207,-150.91293753880123,1.3249973273209429e-17,1.0742630421554972e-15,3.121952632099785e-15,-8.83509066124703,-16.418715369915756,61.19306198221776,3.6416881664760914,16.881205689892848,132.58963294719655,-2.4014716613288615e-15,1.2756388038547861e-15,3.359724603055261e-15
92,177.67620077284744,11.525570003532053,2.0685250367297456,8.573892541645638,37.51154741833449,76.09317835167272,168.07095224691005,-11.45706509808438,-96.38136546868854,29.977022734133637,-44.86320548060004,164.33087328124208,105.06566520543778,30.169779398599044,-139.24494967468794,3.8222326964141053e-16,-2.4323034523811983e-16,5.767015796893879e-16,0.3340477364564137,77.3145035637255,-129.36455668812656,112.5655990064233,-34.47293458901109,138.3115887169345,5.838158561326888e-15,-1.8100419262105755e-15,1.9415380757360135e-15,1.4181556359019338,-7.255651233234327,101.09042904113409,4.66768938390362,-1.4019570108789094,-152.79096458780052,-1.0839118022420004e-15,7.899451670715759e-16,9.797990035747045e-16,-7.7700504767730685,-14.974184907443092,62.16181584963162,2.910128471997882,15.31412871037215,133.17798269586666,-6.731665360911877e-16,-3.128514826597296e-16,2.988806427972953e-15
93,177.4444160688217,11.362752337924794,2.198408905113077,8.527921489006891,37.8139729765408,76.25664017013665,168.28868836319842,-10.696155506740098,-95.71895229591219,29.92659324176117,-45.73488998506083,164.28488926217108,104.97681490736097,30.161013319861677,-138.69961252698587,-3.7443835565554535e-15,-4.12888998522164e-17,5.941336113576718e-16,-12.444345256670363,78.92669176183969,-116.60731325017811,110.63795300995199,-36.47281507344911,134.8109860800481,2.05461897552308e-16,-2.97586765994423e-16,-3.331440649150872e-15,1.3122080960534532,-7.020596859744544,100.61465382723038,4.992563594390652,-0.9503796647665069,-156.1539268335597,6.891695431980174e-16,3.6079226917984925e-16,-3.0613344742095168e-15,-7.599452381181537,-14.663519728439796,62.20848293243181,2.9044220931961355,15.430008960901086,132.22075732718235,-1.724742598901387e-15,8.207326344081328e-16,1.7441254304794778e-15
94,177.24703724451084,10.999462409338587,2.1953374532307866,8.567477017716726,38.68668560798487,76.44876568320161,166.41271111166395,-10.488223735247693,-95.98824077451307,29.132263302365605,-47.305048076599256,163.94011599182275,104.85696122626919,30.747109201704838,-137.51933447592185,-1.3826504903221722e-15,1.1131559658613268e-16,-1.9957982085020824e-16,-25.007433927447636,79.60476499132352,-104.70197718649146,107.52892433773849,-37.29359480872405,130.77757207745518,-4.535957755911429e-16,2.3149629043163245e-15,2.86938376847407e-15,1.2033335598776478,-6.483654006252727,100.53766105065773,5.495330345985311,-0.5670019453878207,-152.70386739695226,9.043878354522713e-17,7.721265214404793e-16,2.501533489132937e-16,-7.035782145046191,-13.949897776485056,62.889625642814174,4.818387145025334,16.74031472713053,123.45045444681989,2.4130152666504926e-15,-8.897665677773987e-16,-8.133908247261418e-16
95,177.26164994222236,11.270741795750855,2.0709615207020753,8.046539469113451,38.10086399032849,77.09590268222385,168.37409352733115,-10.81795441396271,-95.76475968092339,29.586518741493236,-48.39403804061178,163.50967314357896,105.20826992944224,31.595915292552945,-137.03153498520297,-5.541672430050358e-15,9.628262844554004e-17,-5.805738920733368e-16,-29.418177165330913,79.94868248092587,-99.54022354503829,107.08790602114674,-38.01315413929974,129.60673703398783,-3.937205516602569e-15,-3.739732463671218e-17,-1.748108807013985e-15,1.2674230992400721,-6.797320877262992,100.58798114976821,5.5942484983815834,-0.6692605905144134,-153.11326702829868,-1.8996713616727354e-16,-3.53103773425449e-17,2.8996465714761953e-15,-7.4339133094788945,-14.603012061649274,62.6371743804784,6.3792935073341015,17.646943667676396,120.10869476705255,7.682949304716019e-16,-1.4024403801128453e-15,6.057452260974976e-16
96,177.49815887819022,11.286789620247642,1.9401380226786855,8.078377871558331,38.11691773165373,77.05037504173687,166.36333864112186,-10.71433555472838,-95.97486171818518,29.223741279960862,-48.05264816137549,163.32185158052883,104.42797037309664,31.279417936985983,-136.74442349625903,-1.35460771258953e-15,-1.9205877933400618e-16,5.879844074614076e-17,-26.093757123061962,80.08795138246721,-102.92874053235089,107.80197459507009,-37.50051329721272,130.49509298178413,3.824638299688205e-15,-1.7116013284160983e-15,-9.961353265204703e-16,1.3605827872411131,-7.001202427621469,101.02629774509732,6.179006810961709,-0.5169943524699795,-151.5112038122421,-1.2083866437747745e-15,2.3745124877222035e-16,-6.47788493354454e-16,-7.7067947802767955,-14.962442301638111,62.33907271560769,7.338754458890873,18.407862413010793,117.79721405872017,-9.107052637984598e-16,-8.351595074410297e-16,6.4467806777502315e-16
97,177.4895787921662,11.534959897201414,1.9418356046907064,7.970876315490016,37.85614276951913,77.14695341526927,166.27706861237635,-10.323289841402548,-95.6564180651675,29.703397247577385,-46.75031640509571,163.80912491765875,104.08743820960855,29.9521515228093,-137.73733051090716,4.619413115729111e-16,9.164983272273073e-16,-7.52668292089752e-16,-22.88158674812996,79.96247457166614,-105.91265643605298,109.762026215646,-38.03768445277246,132.46761151951202,3.533941528882191e-15,-4.929040540001354e-16,1.391022590611525e-16,1.3965290191820183,-7.231882239079114,100.96018918467071,6.05975561596065,-0.642978587015369,-153.77525432793422,-9.536024690913826e-16,1.821469298041191e-16,-3.733617061020104e-16,-9.012766021799875,-15.587934715281577,59.44835329482318,7.670012412724193,17.961227598063573,120.46151554500453,7.623619266532655e-16,-4.499010109003013e-16,4.71416833360123e-16
98,177.2702739740988,11.752539738308139,1.9430770448255146,7.735978494272784,37.64744308533326,77.46125021553718,167.31471055957294,-9.467025980037155,-94.79397645011322,30.357121016769568,-46.390501325064896,164.21675628484658,104.34345612143463,29.330795803416848,-138.37978641986174,-4.707931072665038e-16,1.0019820610338095e-15,-5.733999465753884e-16,-14.398697937423519,79.04788209543935,-114.31238685210208,110.24452987904006,-37.34317845952009,133.86830619412183,-1.8182019261832045e-15,2.772171512735054e-15,-1.1722772065758367e-15,1.4624773754465001,-7.521385007957858,101.03666558676156,5.59429777134256,-1.144242807532141,-151.04601586058826,1.8747739900746452e-16,-2.71770724487503e-16,-3.893869556895376e-15,-9.332085653037135,-15.742607589597265,58.7974697646194,8.64747930764465,18.23469239631069,118.37447000970862,-3.2149540369011133e-15,2.557496181160371e-16,-1.9162780375244574e-16
99,177.05175269741656,11.958571877320306,1.9442394561234897,7.5685274614260765,37.47050517681267,77.67958742731393,169.30636246936058,-9.86839055921061,-94.94496130422931,31.07691239972933,-44.41301445530481,165.1083004491505,105.51375872857602,28.310202367689932,-140.8392340754267,2.0162962230292025e-15,5.2664206724004494e-17,5.275820752264031e-16,-8.313889558369834,78.05500412099524,-120.34700182623652,110.5845553530664,-36.71142501706401,135.06871300573843,-1.5164585299304334e-15,2.6005211785905514e-16,-1.974753081374496e-15,1.4709384384633568,-7.757099452660164,100.77163274447396,4.776017678915765,-1.8161642373631894,-149.81275324761228,-4.213511758167743e-17,1.9417427919970702e-16,-3.943447993803558e-16,-9.787491348960556,-15.811745739334265,57.662149275067,8.967020386046908,18.03885962858904,118.54832791564564,-5.468116487494072e-16,8.389443769148635e-16,-2.3593651355910037e-16
100,177.06308404023085,12.428978286257585,1.8182580292309412,7.207971327413837,36.62686113906145,78.03131537766637,171.5823590215891,-10.99702953716461,-95.49557878918843,32.035937222879355,-42.58406612587797,165.6336709452661,106.62966709281349,27.754305717191606,-143.02465290868918,-1.5119927900841729e-15,1.0455393469162097e-15,3.474609645401769e-16,3.8909980653659164,75.95671683897713,-131.9856169268299,111.68753708536039,-34.66067770435737,137.9367337085756,8.95023559274785e-16,1.909951763024768e-15,-1.6559571093069805e-15,1.6022637803919,-8.15749523840417,101.15187967994005,5.274140795449796,-1.6617950871588665,-151.34860263791043,1.1430149527402017e-15,-5.335981931099909e-16,4.645040445562334e-16,-9.147671019899398,-16.299979930011517,60.15568954681891,6.691570647294921,18.69289165263492,123.41432798540542,9.638655800888319e-16,-2.089712846408106e-15,9.454617551790287e-16
101,177.0888752594863,12.49906485672752,1.688222241271307,7.181494091099734,36.662355022991655,78.08411395327246,171.32901251844555,-12.249717609971302,-96.61436058182267,31.961684600561714,-40.941016921344556,166.03882994658645,106.91292920187836,26.9547923210279,-144.52078372649524,1.432107469187958e-15,-6.708564693474828e-17,-2.556090260384817e-16,4.8253593590962955,75.74508726423859,-132.97994263603658,112.00391465916614,-34.45755199626312,138.4273963770862,-5.6213404766570905e-15,7.716115260750828e-16,4.959210446943631e-16,1.5843974289586586,-7.986652481201819,101.25898030819111,5.999551001023767,-0.9653345579712165,-155.74878106960293,9.699004879018374e-16,-1.6894861944938653e-17,-2.6103030536812163e-15,-8.985627438620444,-16.55438167383843,60.97068088447329,3.8488988202733716,17.483721723902846,131.58308481805506,-2.4139636038991805e-15,-7.144136234425722e-17,9.436610990625177e-16
102,177.08885062509196,12.499890289381563,1.6882263201290586,7.132098990436568,36.53163986250351,78.12919923386399,172.0979130608321,-12.604195044379763,-96.1856511366351,32.091806112251476,-40.957041193689705,166.03029634145855,107.68042753321089,27.41750893119538,-144.890856288375,-2.7661910112444576e-15,-3.033832555765798e-16,3.355041745380702e-16,5.03017636981641,75.72891218928638,-133.0509113531009,112.24064633835458,-34.5494118469132,138.6199777462466,1.07590966466017e-15,1.2669532811317456e-15,-2.004894532175538e-16,1.5796088243182371,-7.8679334131856615,101.38972830295776,6.596726854084152,-0.5505255819491061,-158.91110656870188,2.310141032276753e-15,-9.951687050023776e-16,5.267272225982452e-15,-8.68882883571884,-16.527582436794802,61.7551542129445,3.498748568276745,17.013613190997148,132.7145309961665,2.5834427678244478e-15,-2.7512983993950575e-15,-2.5354503340251704e-15
103,177.2866215624279,12.062434830496692,1.8149616152550971,7.471756221813944,36.72553122711074,77.62960776125327,170.37203140819906,-12.715182515852689,-96.65469300431032,31.670668732485918,-42.169926747635955,165.5806192110165,107.03959712962954,28.28134086532437,-143.26744659075104,2.3720835000001454e-15,1.8103819576932438e-16,5.494147566098625e-16,-0.2602669736213932,77.16897747039853,-127.81194306694866,111.42955144143733,-35.20199101633715,136.8958709946051,-2.001510462914115e-15,1.405084265270083e-15,-2.26907635519628e-16,1.4237406969912332,-7.30226277209954,101.06410142575304,6.0392365559277525,-0.5832473262390669,-157.38445779110276,1.6807787617927773e-16,-4.361566265085686e-16,-4.210315831574832e-15,-8.49805137364439,-16.05878921733211,61.62461541878922,5.570370354926213,19.262013006258922,124.0026169142521,-7.351240499666765e-16,1.3847639110986984e-17,-8.705567385524204e-16
104,177.28358007060487,12.148577885796662,1.8162098836971257,7.31164678807795,36.60072418817588,77.85518636749782,170.04331861863108,-12.40595555506027,-96.45101567500787,31.784150967738785,-43.033858922413835,165.3262177556963,107.8839852110115,29.28087601525342,-143.0829602215294,3.2355306333948245e-15,9.754923991193354e-16,-2.298134673511533e-16,-7.339543958558721,78.43586287001447,-120.39415395134047,110.7609638080389,-36.53738055746594,135.003481227227,-2.3745757325638177e-15,1.1518519373337109e-15,-2.874600011837978e-16,1.4775727664225298,-7.545007969722037,101.11395672732623,6.499897919889831,-0.4967209272735341,-157.30587981433894,-2.4496326480265894e-16,6.693057300208991e-16,-2.0915243938693995e-15,-8.616600356301195,-15.93173940947538,61.09928651630251,7.214790969824561,18.897878208019844,120.60297075372871,2.0600981675278228e-15,7.819808424861501e-16,1.2027804523099192e-16
105,177.31557374313255,11.989735209278598,1.685229750080087,7.290188062622258,37.057019405663844,78.01452930197071,169.45129900640836,-12.589375205865457,-97.16149599822117,31.231901911829777,-43.60892686199809,165.09499528245254,107.37217483971256,29.397481632723483,-142.3672772251563,3.9789796992326566e-16,1.2238465348430273e-15,1.5029972073330952e-16,-15.128121394739583,79.29645161391707,-112.89622324658902,109.74202435716265,-37.37429059491426,133.1247382463932,-1.994999169026742e-15,9.507170161059709e-16,-2.843433861949762e-16,1.5012506596062487,-7.486728649814723,101.37268914454255,6.7558134897285225,-0.40504157569861277,-155.26438835868493,-1.1676650147685646e-15,7.753866253414372e-16,-2.2915588565436347e-15,-8.314300267751692,-15.917854285261319,61.94903268592348,5.740600740595075,17.627555763968715,125.4518835073495,2.821011716013551e-16,-3.076445377871724e-15,-5.9357337070886e-16
106,177.12248130975536,12.297352457623697,1.5568157211589804,6.924882381895678,37.19369660091417,78.63980061128177,169.66363584444312,-11.858832796563462,-96.37626841253379,31.299815617282484,-42.391700035819454,165.51985238692552,108.75418010013239,28.88136394926372,-144.46854779531267,1.1959405129673456e-15,-1.3093161530478056e-15,-6.073531943102668e-16,-9.024751449368516,78.40654347679046,-119.21669275237875,110.36172393207143,-37.03735087523925,134.37581397166906,-2.327462396362408e-15,1.5514540306734133e-15,-1.4776422524829102e-15,1.691855959719744,-8.023344551408819,101.94858982299301,6.253967772364448,-0.9389194208302108,-154.23761328901136,-8.155069638659369e-16,7.896621507129095e-16,1.395051143199141e-15,-8.250062792944366,-15.919572702191628,62.13813615236409,6.669610835941052,16.43254002020365,125.0182697965169,8.299991691307569e-16,1.1268072695513846e-15,-2.943410535851258e-16
107,177.03675459951037,13.245651125723384,1.8228384803266442,6.722236065590995,36.35278732744118,78.75371187169003,170.80149523083662,-11.943103504794198,-96.14594317265887,32.26231592736366,-39.856613734359854,166.28114081108689,110.03334983611568,27.46504021713927,-147.48966918044349,6.891792239568408e-16,1.3652163239371496e-15,-9.24131396085063e-16,11.930025407163438,73.69110270075065,-139.977318470013,114.54054023653075,-33.84401431701727,141.7054575062293,-6.034247939441534e-15,2.6017106020174314e-15,-4.270155792850091e-17,1.7774756047668285,-8.70947469511028,101.5817783551196,5.580495333115983,-1.6974878980017232,-152.8587279066958,3.0654332259936003e-16,-6.697168552020078e-16,3.3032777668648856e-15,-10.6498908612938,-17.46271752780953,57.9269648240425,7.619662552608941,16.206361963749675,129.02772804427738,4.381665944440652e-17,2.0850506245096075e-15,-6.040575422464972e-17
108,177.21090493385233,13.461795766031914,1.9554879271475958,6.621958249782795,35.8967328298589,78.80031666968146,171.47442423577658,-12.215130278001256,-96.00503024876082,32.42354162406824,-40.20800437076097,165.9737926032518,109.85821015750884,27.771148264854475,-147.19036959592324,-3.4768887807669836e-15,-3.6870203051226304e-17,2.470080521950193e-16,15.890004978373307,72.53622099641342,-143.611405968219,115.64786095517496,-33.024164284268615,143.34731435689912,1.3921765676636907e-15,-1.5996727878629542e-15,2.4288882868073747e-16,1.811336002747723,-8.924653496124101,101.52186017310108,4.755999249171913,-2.3383591292647234,-151.78748708217063,1.4894266109259696e-16,-1.1097731073218035e-16,-3.662665472172608e-16,-10.516503195060858,-17.202711144188353,57.88452596197204,7.305921539612027,17.484001492242633,127.03755912735214,2.418344565416187e-15,-1.1992617954090032e-15,-7.633077874045538e-16
109,177.4612401979828,13.203761334630894,1.8240126750309733,6.695293063701834,36.034857138825366,78.7149569852527,173.74835393903246,-13.555311474628176,-96.22987012730744,31.91944655826458,-41.68749364054933,165.3111204222195,108.35006397059125,28.451760178423008,-145.01198869732553,7.939330674713369e-16,3.1304764727627334e-16,-2.8759192888868126e-16,8.086988277912877,76.00754837817323,-135.518443638832,114.32392475595837,-35.12856816094466,139.77526887670092,-8.777272104380169e-16,2.305076403645234e-15,-6.824219371384128e-16,1.690872508381372,-8.448832591998826,101.36040820458969,5.497031238563851,-1.7455799883975496,-150.78711270121613,-4.022877539551149e-16,5.459951459976105e-16,1.0405556119245274e-15,-10.064829783942018,-16.987346169602194,58.72040470556073,3.706718434104703,13.82200774847793,140.13043874701978,5.188683988196957e-16,1.249851483628484e-15,7.429444361110028e-16
110,177.7191679896324,11.774649325496732,1.814196341063664,7.225726534786349,37.319681549212405,78.1881439683053,174.97517047557955,-14.262027858891825,-96.05777886091609,29.895162377996147,-45.482966066352354,163.78160004773446,105.04763000107131,29.740787042184092,-139.78877439863217,-4.802297339499532e-16,7.3348999634584405e-16,2.0547707204047476e-16,-16.285151873885933,79.83101041321778,-111.94001091121147,109.79162098646808,-37.57306712653679,132.55082446224574,-1.863694570418597e-15,-7.404488145087376e-16,2.814526727732251e-15,1.431782189589329,-7.184539565234177,101.30174415528504,5.507065904235302,-1.085787409509194,-149.1627675229501,-1.4396585384254537e-16,-9.77700548407334e-16,-4.85977876563802e-15,-7.92168438633577,-15.304893096295949,62.20351070082306,3.713765300577835,15.039958102284254,132.7220083423132,2.0557958185235888e-15,-4.594426712766999e-16,1.1278801646847887e-16
111,177.74260880565404,11.863935438050241,1.6863669647606179,6.970473615052782,36.89224068742853,78.48839293136984,174.3097150168062,-14.128699030581622,-96.25494006691162,30.349009352268816,-44.82990004275625,163.9504651681803,104.92892455449537,29.18791079326429,-140.34571483110355,-3.3423043245512536e-15,7.096598501902688e-16,-8.505782309860105e-16,-21.054118572166303,80.30861893718775,-106.6230657979088,109.93290417465974,-38.35941053483493,132.0358605317709,2.8171942790382196e-15,-1.035014326085461e-15,-2.252291980452025e-18,1.411868444926689,-7.227181218707308,101.08465047676397,6.321681178296404,-0.5314431994629113,-152.96689285044354,9.244097360417664e-19,-5.179115999161769e-17,-2.7032994268680105e-15,-8.63195840141341,-15.941161040923543,61.069408054092,4.514695591194007,13.64078358137298,135.64296821820196,2.39162284457858e-15,-1.7166015961293777e-15,-1.2095971682121346e-15
112,177.6980621474829,12.414037066127603,1.820260798625722,6.691585320751187,36.15056033362287,78.7515050654959,173.52181729997292,-13.61574795212733,-96.21205155376975,30.725997229520463,-43.956584365331025,163.88993996198974,105.90757315201212,28.94191031762033,-142.20375298894078,-1.5379319937772338e-15,-1.6835296568273601e-16,-2.8433970826442757e-16,2.966443748679982,77.50668242201623,-130.32390676962038,113.6675518607482,-36.154572109589395,138.02391398310354,4.492481788222488e-15,-3.1310458474998046e-16,1.0499646129285345e-15,1.5816953960547007,-7.842403342565117,101.44030808850215,7.1742175361163385,-0.3716160239404674,-155.75588190643379,6.759854617002262e-16,1.7345897382457832e-16,-3.6054775619880715e-15,-10.348644290738198,-16.932672673471867,57.91290515105087,8.67863132943281,16.867103529181488,124.0325638720848,2.9306053238826063e-15,2.097419754235869e-16,-5.714721611747264e-16
113,177.71949103001532,12.630176018753561,1.6912709893623095,6.574692368603534,36.279645853289225,78.97795326368494,172.2539571144947,-13.474460790816169,-96.37693832404491,30.60581294864584,-43.013481943950495,164.14439376760592,106.56662747285698,28.691451665152353,-143.4091648411803,-7.343822472055895e-16,1.3716095038481626e-16,-4.977687192371627e-16,4.439713831223205,77.25159206241719,-131.9395877151906,114.31451286750624,-36.07495607096953,138.73745023432895,-1.5724632080364453e-15,2.1647667745496705e-17,-5.4168625445070616e-17,1.639503430374394,-8.076253357550366,101.5154089561645,7.543909507289143,-0.2570802496237815,-159.72819744500998,-2.5654110588870676e-16,1.7350818132360079e-16,4.3687285026804805e-15,-10.386580833093452,-16.855401661251527,57.70157559827743,6.856412636413671,15.899522583566773,129.8123965186645,1.1277401477950912e-15,-1.9173150691267137e-16,2.4512050290574106e-15
114,177.68801244446735,12.734124551460622,1.8208093556644447,6.9045887800255645,36.74735614417573,78.55780247915642,172.19688682296842,-12.522646866186433,-95.54184709793189,30.221501892416853,-42.986984576565824,164.245167341307,106.82709380654262,28.859778663161233,-143.45003885009314,2.65714416612261e-15,-3.4180787864591835e-16,-1.1354816081698967e-15,13.477321409059734,74.17100371235641,-141.85818763658327,115.57002990272846,-33.55967611906677,142.22624732340438,-3.5512105384402262e-15,1.7085483216002738e-15,-5.6487054145652965e-16,1.7192807770779146,-8.25544393142921,101.80738113801232,7.161748557523587,-0.5075795089066985,-158.2123616128886,-6.111647440258132e-16,7.195894597311018e-16,-5.326758204443627e-15,-9.896264925880379,-16.615273962070084,58.61169366826158,6.572612371559522,18.083082237894438,125.96985160447785,3.2683105183587135e-16,-2.5300202995704825e-16,-3.7361155525568287e-16
115,177.66034883996497,12.713476165230462,1.9496951615435674,7.126995681846983,36.9532781517127,78.25065025073066,172.54196251943853,-11.89396653175387,-94.9433881674949,30.707865855038442,-42.189538800600474,164.99758554468346,106.62197185819488,28.148704751056226,-143.5433574857868,-1.835574974998208e-15,6.687893864941089e-16,-4.379910883999278e-16,16.376379005784344,72.45039575180856,-145.20413494229643,116.0822382301996,-32.31266503312021,143.9693609972482,-8.206524161565875e-16,5.654295127925911e-16,-2.9378743426850744e-15,1.636873452162309,-8.227929196925674,101.29234961032977,7.430864504651596,-0.34502058424883236,-160.18034426533563,1.539335642347575e-15,-9.492681857015625e-16,-1.3872406725489087e-15,-9.155446172531628,-16.311329261170307,60.151062566531685,4.986642022648435,17.837426316549355,128.4232585084901,7.793781862329047e-16,4.667222807630772e-17,-2.4115390778100554e-16
116,177.65908298274582,12.743493341029243,1.9509228537868457,7.056002093386564,36.455421523056074,78.2330271347844,171.20894854454338,-11.071346276306546,-94.78285439244259,31.38028725882194,-42.77274817615196,164.96467026056442,105.80385483673281,27.950129134005945,-142.55448350713857,-1.3919059149056403e-15,6.444282671632143e-16,-5.115649686229639e-16,16.280664379740568,72.86635880018349,-144.55700992276653,116.26852535359788,-32.270552945137254,144.09263035005912,-5.886671688599094e-16,1.979677480708082e-15,-2.105260715934715e-16,1.6527753806394343,-8.062067847809463,101.6258924420064,6.879705100703586,-0.6245929017540034,-155.1591064864428,-1.691244678994205e-15,3.4563011308706293e-16,-1.958794483309294e-15,-9.09718803877829,-16.459900522284016,60.52830621246704,5.958546285018122,18.73544807723691,125.2445458338273,2.6082161458752943e-15,1.0955116600386769e-15,-2.0186363190269336e-15
117,177.64497218876755,12.349853671217279,2.0783863309165413,7.256953346529664,36.85706111041688,78.0142985584529,170.69964001723363,-11.579125499962569,-95.30427556281397,31.028686794509525,-44.15850684318429,164.6501363128703,104.53319528098545,27.956200042794986,-140.67672047026207,5.623957500975608e-16,-4.219581244448257e-16,1.0565908348808482e-15,9.834434583199247,75.26808773915721,-138.25249150674455,114.49478026696552,-33.86546665749982,140.8867533489924,-1.320312391052406e-15,3.892346975132152e-16,-1.5237852893498397e-15,1.4608497788763863,-7.455267015944408,101.1194802615824,6.580475846052299,-0.4707432715516614,-155.13799571250777,-3.839066845127026e-16,-4.74053690562873e-16,-6.038894736297061e-15,-9.032665871187994,-16.270648761344873,60.42978946839113,6.9085128665178015,18.732797783123328,122.68144121952056,4.927908715747952e-15,-1.8073130256528404e-15,-6.086741032217892e-16
118,177.69861393618677,12.399750479474248,1.8197653110465872,6.941818348329652,36.826596613224304,78.5178468934613,169.46650546723453,-11.935917028750882,-95.86250434300246,30.77847574921342,-45.417280854790725,164.07031786304162,104.21365220923515,28.634274243018556,-139.56119997293465,1.5035099547980499e-15,-6.951381659163442e-16,-4.060215285493371e-16,2.8103416627192583,77.43642964118685,-130.88011476526734,113.16197559190091,-35.3477288501361,138.00485868572133,2.0200443234108223e-15,3.9413010240144885e-17,-7.333732142011762e-16,1.5250279299347778,-7.649094202593985,101.31072379991657,5.852655513731134,-1.1623604501043427,-149.16248007076098,3.1459956628602575e-16,-8.860550489729034e-16,-2.979945932027463e-15,-9.298943094116419,-16.54940772292775,60.10817986942938,6.319766272413172,17.945931254841135,125.95759047683241,-9.704952041795268e-16,-2.419692410213209e-16,3.265664486066612e-16
119,177.75123610779139,12.510255847420238,1.5603597521341992,6.798799303728533,36.89545722020955,78.76807452170658,171.43054236675633,-12.197002141740493,-95.43980313811353,30.589073174195835,-44.354840696124505,164.2409247834811,104.93559858815901,28.630754358527305,-140.8280690097195,5.393511390490504e-16,6.395312792464059e-16,-2.4661500511057573e-16,-1.0287229073649111,78.292930492564,-126.97718821191948,112.25798239377937,-36.052791351785736,136.333835743112,1.6806644398697746e-15,-3.9288544140781507e-16,1.5060310776897052e-15,1.6058816361563182,-7.904568157085568,101.52231687342099,5.7106955596941535,-1.3192313709231887,-150.75216773330436,-1.7913637142663979e-16,-8.740638442602504e-16,-3.1575874047448423e-15,-8.926084367807741,-16.310416757549447,60.783612227849815,5.324572327752916,17.29617454061104,128.2920816809895,-2.7579703940038734e-15,5.324678486672462e-16,-1.118853309293221e-15
120,177.71785595382272,13.701041235950134,1.5679314851318717,6.341799821669608,35.50001413743241,79.16530556616338,172.64944365935952,-11.867444620775226,-95.04426884622393,32.19338634736422,-40.74515137961772,165.3561905498879,107.6121744204311,27.637047657706358,-145.4493842916005,2.8450069257562125e-15,1.3998163447916102e-18,9.309392182109882e-18,16.72013982108961,73.83911747915728,-143.81601979363967,116.59864648289638,-33.283027487845004,143.24490110898364,-1.1645953140558422e-15,-5.107000511210863e-17,-4.702342792009045e-16,1.8676906306453969,-9.091998025670383,101.65983744628467,6.2519411722828115,-1.632940301400353,-151.6910118977107,1.4752792978251044e-16,-2.8840902319111006e-16,-6.777162859155126e-15,-11.866765889667507,-18.271554463035084,56.169311784090446,5.15570616677974,15.940137511000598,137.20219193093004,1.9715522897397803e-15,-9.390123505903303e-16,-1.6327191240957301e-15
121,177.64459733002292,13.787192447272083,1.836554153952965,6.612191713823389,35.17124040015783,78.6216832058487,173.9793742550191,-11.471919834434878,-94.62293070089692,32.16371668608862,-40.307850749015614,165.26265768203007,108.08214679357926,27.607896011638555,-146.28128727535108,-1.1209880358600704e-15,5.279690492637747e-16,7.733813584237672e-16,17.81306259192767,72.58683013729087,-144.79726532194215,116.49195066191119,-32.15150918956755,144.51497207659114,2.047112121886387e-15,-9.27787244184871e-16,-1.331853432730719e-15,1.8766364017633197,-9.198703664797707,101.58310947150746,6.652050993374417,-1.2958840689399154,-154.66249171752466,-3.963271295626301e-16,-4.975644892705246e-16,1.7442849683556734e-16,-12.60036727347314,-18.142266285744903,54.32600606666984,5.9440709864051895,15.57034349440513,136.933729391479,1.1928184289813899e-15,1.80217305572366e-15,-5.652571824515734e-16
122,177.55518830645343,13.675741843136741,2.2300983066921223,6.86012236143097,35.17327107268174,78.20344682810943,171.25600325219384,-11.327162939457502,-95.32458063278106,32.2967472254376,-41.33513488926751,165.09348443377527,108.5948579253649,28.410849462334134,-145.7013507537985,2.0525327223806811e-16,8.791852239305039e-18,-4.496438652861631e-16,19.840403590081312,71.07762508165173,-147.06019863993086,116.68096209550774,-31.183902092232024,145.7385634242376,2.1777158399565158e-15,2.4626187801984695e-16,2.494050684806538e-15,1.7526920386059646,-9.096292053850885,100.95438451677536,7.363360916451396,-0.8212367441430017,-156.6203111505906,-1.0020651229626106e-16,-5.975445468851418e-17,2.444426440783885e-15,-13.253769137862571,-18.5755265235405,53.52089295399125,6.484831789283234,15.083947347676352,138.1437554913941,4.3156953289009706e-16,9.952839904811069e-16,-2.5615171590955236e-15
123,177.60057182188103,12.538052000072536,2.219806169851043,7.283494078561487,36.387695241198884,77.84191186627098,172.2622235303745,-11.143077126480327,-94.69514013258569,30.644764647236833,-45.059453439124795,163.77750548283805,106.52021481674986,30.111611956494684,-141.34665023535013,2.7122707717178453e-15,-6.329408606715717e-16,4.375198503722758e-16,6.866919558756549,75.88795486700845,-134.75499203749797,113.47627741451896,-34.298355316126376,139.69594313986195,-2.555508927907391e-15,-7.249172278030157e-16,-8.703337245420343e-16,1.5914864035546938,-8.099621658201428,101.15535303233102,7.37355498582991,-0.42289140349410664,-154.3328554356983,-1.3840462589011065e-15,1.7467363208872704e-15,-3.3447045483159548e-15,-9.915208005628715,-16.48664655547848,58.36902766632416,6.440477724572837,15.568184388677649,130.08143379294535,-6.918738037004301e-16,3.6900208364382174e-16,1.2245699388206373e-15
124,177.60080106875066,12.073000677108588,2.337021204447259,7.470203756423018,36.82169390753308,77.65901925388344,172.5918248303351,-11.385680791920135,-94.72597466133207,30.559209695709388,-45.93825777335984,163.83015959650658,106.02826366874635,30.47710022563777,-139.9564300681063,1.3622252941728694e-15,-4.10970120981227e-16,-7.30325547778565e-16,3.9322479435500957,76.89349048299297,-132.14999109015415,112.48515709526666,-34.96950139836446,137.78061382062168,-2.9850020528863334e-15,2.1626869984950816e-15,-2.8646917110600974e-15,1.4576279087528652,-7.650564042228708,100.82067084506244,7.050631689452481,-0.3756147545617891,-152.98744924784458,-9.518094975075238e-16,1.1828911703251812e-15,-3.946816904971329e-16,-9.315091378097128,-16.028106011013794,59.28691421944573,7.0805428455960495,17.09844826960777,124.43333316976846,-5.821159835374047e-16,4.799005809284952e-16,-1.1559352877949893e-15
125,177.6327749751259,11.957754862226638,2.204650278103782,7.634446628553,37.26409792266677,77.51744623623804,173.53183546695948,-11.26710789555341,-94.31691810595726,30.136627118498463,-45.15158267069293,164.06413409463235,105.59877134596695,29.81069763045042,-140.2566145836579,3.4853067478315865e-16,-5.122759808281452e-16,-6.057101462086538e-16,-1.9042832679046302,78.0228178774376,-126.62417783537387,112.26711917780834,-35.93376383561493,136.71877282028885,-5.277240488008688e-15,1.9283609437833713e-15,-1.791588756809125e-15,1.465162456320928,-7.564941342905523,100.99469303215461,6.731789486761905,-0.5563620212261254,-150.23978348852026,-9.41559092622942e-16,7.932493722410133e-17,2.7593007045755754e-15,-9.662576256557262,-16.06727635553934,58.400983356046964,6.526372825975404,16.41565329732702,127.31678171139399,2.1667892432957768e-16,-9.853900847886762e-16,9.384206354124927e-16
126,177.68856548742437,11.892941885216997,1.945202449664708,7.445714119745839,36.993093147836696,77.74610974573783,172.2184754733964,-12.014692639638799,-95.257606612794,29.79170778942064,-45.84271784418344,163.3889414650271,105.84588371499663,30.666711954715193,-140.07382342828225,-1.4859897343498961e-15,2.2868996915417503e-16,-2.0843222890209843e-16,-10.831609862239453,79.39503618787407,-117.19733627328874,111.29031603974968,-37.103646230655066,134.59665100761418,2.0405033214358224e-15,-6.500337316841049e-16,1.888094609895381e-15,1.4437710367881964,-7.526066651741485,100.89226090460006,6.603862339702621,-0.5696756425371204,-151.71782758957355,-1.4443229958875981e-15,6.911255506491268e-16,2.569231162036688e-15,-9.291300917216505,-16.142214882695765,59.52561312359127,6.038060426547187,15.869604081716014,129.0914721010295,3.211817412406617e-15,-1.6200313400091626e-15,6.078416531188759e-16
127,177.73177180507034,12.218661659766894,1.689319475714795,7.018468545459733,36.31181537311205,78.2557235966454,172.52396273812576,-12.210857612904366,-95.34039112537673,30.661651916990717,-45.35004566375656,163.62212236136577,105.80322788692456,30.18377479656706,-140.4873876931884,3.007203263791184e-15,-6.902096635772527e-16,7.120536246900113e-17,-9.400305295168836,79.44690291215903,-117.89392493960966,112.51630459618472,-37.51685430163555,135.5882523632303,-3.4563370647790414e-15,2.5027882588911062e-15,-7.447969064934254e-16,1.4978884127647796,-7.6133736841644915,101.16494009634941,6.750698005501492,-0.508007412074761,-153.2505517862124,5.734286096307377e-16,1.024698254879454e-15,-4.44566394769831e-15,-9.553654984422877,-16.53116528821248,59.39540193470794,5.343580781538801,15.462851876178732,132.40031482016914,1.1383083746170227e-15,-5.343726836702492e-16,-4.727526916083459e-16
128,177.76400931137266,12.045839102958851,1.5583952901013942,6.998947051904879,36.25713743487627,78.27299203853845,171.17304585428698,-12.58716769155829,-96.03152281567652,30.7483180808961,-46.105862050640035,163.44488838565837,104.92910515558859,30.18556965097541,-139.24425641118822,-3.070941285188083e-16,1.386002477507028e-16,-6.697833750260225e-16,-14.716817909268547,79.97249204855551,-112.4278269908802,111.17573116325596,-37.37922481000007,134.08835104169404,-9.80884919731096e-16,1.6081173895710469e-15,-2.312490928096244e-15,1.4329716623366555,-7.2550259679466595,101.2043617133895,5.5141826213103275,-0.8388336797671007,-155.96553358243546,-1.8151165901205967e-15,8.753442574509038e-16,9.784931037978428e-18,-8.637270659678428,-15.909598757777678,61.007381427509536,4.921999404683266,18.430798697062183,126.41436487736688,3.282306037065343e-15,-1.0166307493096997e-15,-4.646355256834489e-17
129,177.71579776618623,11.8720147252107,1.8158931298551702,7.393583198064014,36.7134849457443,77.75317283400244,170.5595329948498,-12.24359082511974,-95.88897680528562,30.806008138036344,-46.45994072362165,163.7952035279072,104.05107493605395,29.774215346529232,-138.03145492776696,2.699217022159242e-16,8.435887312662827e-16,7.452967919010027e-17,-7.58805092942482,79.05433509422457,-120.21492054733312,111.16328702067574,-36.10149376737792,135.16401577861245,-6.276008093605333e-15,1.8516444911461304e-16,-5.250536723888066e-16,1.3493240088947112,-7.011234201138836,100.92203530544872,5.7667761511913636,-0.5964543199423522,-156.51551881116887,1.6312380872220275e-15,-9.751699822640699e-16,-3.39480071133906e-16,-8.401777053548168,-15.543417107548361,61.13733146170734,3.931025304010583,17.584127425620846,128.87598659449714,3.3166456724850026e-16,6.696845205500879e-16,7.444647560649402e-16
130,177.72599117504117,11.565355211952081,1.8125580741831246,7.750042890001901,37.59050899904534,77.42321364645461,168.5295255421247,-12.310358751046389,-96.47043306813865,29.730427625464245,-46.42181067185973,163.6823428428977,104.12219185921181,30.05452286556054,-138.0076992995539,1.9182702933115863e-16,-5.863377069848167e-16,4.609425545507708e-16,-12.856099670313757,79.49551987100041,-115.7864000208003,109.67099569602082,-36.0253047965569,133.47936747737387,6.118600588036759e-15,-4.534433979822332e-16,8.861454084559524e-16,1.299065801213597,-6.875173800663512,100.72682542156133,5.584329190014672,-0.5930912811969045,-157.21914853589303,3.00757830173841e-16,-3.183976984640953e-16,1.885293814484628e-15,-8.316639696170515,-15.700787022052864,61.62284786011997,5.10513718576291,18.75467622915331,124.8370013078752,-2.2419731844039945e-15,7.578484398907967e-16,-5.213863319417312e-16
131,177.67078860488382,11.652978859563872,2.0730169986585074,7.826727325299722,37.566115157147635,77.29448270003611,171.06229329764557,-12.036405208165672,-95.54330246907458,29.720157297153136,-45.87842675922519,163.80655733007552,104.41840455730745,29.745888424878423,-138.8115012411181,3.7151284928591337e-16,-7.657989360544709e-16,2.246877213900676e-16,-10.259884866768587,79.16929979789823,-118.42376273023399,109.95006204544164,-35.89334694168011,133.98120119397106,-1.4568645561097795e-15,2.186240677065051e-15,-3.987498693384307e-15,1.31544165803629,-7.119347760176494,100.49666515921011,6.981165761904933,-0.11568546557636888,-155.85510362095448,-2.2017183619235355e-16,1.2486294355289807e-17,1.4052660185924483e-15,-8.43774528585998,-15.920524007578715,61.59597548948666,5.483976771175871,18.78581901662242,124.50704976615422,2.1850422842917607e-16,9.741824616454833e-16,-7.424888332023441e-17
132,177.68084444678502,12.112769789032242,1.947186030692647,7.447667895612302,37.042649846113356,77.7565834180314,170.7077041516876,-12.131236833217695,-95.83773833991091,30.379349634433158,-44.69707040403332,164.17990830071827,105.56428610724102,29.569741614976003,-140.56841779064075,2.5217552421998947e-15,-2.2765083218702383e-16,-1.0053051629688334e-16,-5.241215877315518,78.70721310150833,-122.9464000268776,111.2690549151616,-35.54188972245024,135.70075006344328,-2.5476838755383815e-15,7.156719951639216e-17,8.146731942312034e-16,1.4863231907051253,-7.677599897896363,100.99094486772283,7.43685115995017,-0.16433174914707446,-156.74798359927365,1.1708300190006638e-15,-9.487304592055917e-16,3.4268698266257824e-15,-9.756558821174957,-16.936958393458077,59.44905508048822,10.047496555231348,19.575309136486073,116.36093899854042,-2.5682489730926807e-15,-9.904964908633549e-16,-5.866978201543243e-17
133,177.64455247145688,13.152449562900944,1.9551244275620991,7.1754791063942225,36.1063786529048,77.94066885905174,169.6137067540141,-10.908260270637152,-95.16894230145137,31.60218830696009,-41.74768207241877,165.17306809627408,107.30870846320853,28.45002675208843,-144.05742956903893,3.3219093513399075e-16,1.0010444413792328e-15,8.665000355412862e-17,11.409544003532462,75.27881728690187,-139.07527649509154,115.85214056405277,-33.58421457034863,142.3267537131714,2.0643863002968143e-15,-7.621980535956958e-16,-1.8121097894932265e-16,1.7461424123588951,-8.773171267681843,101.30298149671577,7.4887622536738725,-0.7404737785498979,-153.03580998207298,-7.169339383981208e-17,6.435350513752246e-16,1.322033593086687e-16,-12.07251264056105,-18.228231646073212,55.63754992241424,10.254947315729499,18.291117381245893,122.94130811695825,2.349031338834807e-15,-2.0771777265121714e-15,1.4121206506180568e-15
134,177.70104929551903,13.24065717168549,1.6950824902057906,6.971160190073233,35.91045414646038,78.22403812444288,168.77033306861196,-10.774798319183342,-95.19150617227888,31.755560696995524,-41.56630068101872,165.17136043447022,107.92308989530416,28.83947630259509,-144.45226710947398,3.5757540732429624e-16,6.642326957173728e-16,1.2908355171711112e-15,14.715065290796016,74.19672813303526,-142.2796822844706,116.35880477996963,-32.939975809601854,143.3720984006612,1.0206088510988496e-15,-3.191114925971672e-16,4.67409777986683e-15,1.8101548189302648,-8.79325305372823,101.68056747349453,7.265061546456357,-0.9267207565858443,-151.56904886861534,-3.483312136946761e-16,5.066166217787484e-16,-2.91969539229584e-15,-12.96304070185405,-18.37711137686412,53.865602491204505,13.290323867144952,17.39353882080331,118.10041204411814,1.0713217371205318e-16,-4.765080658485505e-16,3.931487294061218e-16
135,177.68024001681707,12.969748349521046,1.8229159914109185,7.408492231984574,36.54815420131486,77.68269285611576,168.3394767943418,-10.280734194088929,-94.73156202271966,31.13304220292352,-41.59254079619744,165.21778834934415,107.96040663161239,29.03574526152644,-144.26019372757898,-1.7323667095090323e-15,-5.0095555908901686e-17,-3.9136562265593836e-16,11.95584829657955,74.86082217590491,-140.14303016004476,116.04559555963439,-33.404303226188375,142.72745867079857,5.353493479842517e-15,-2.246200238357108e-16,2.6277050980676826e-16,1.6941004742124761,-8.444045371436308,101.3877810468973,6.719727408525035,-1.1438428266992586,-148.84668920130886,4.511495751200584e-17,-1.765697919205763e-16,-2.999265008093176e-15,-12.3337666644697,-18.028367867473445,54.75885114131504,10.465455028413453,17.553246817536426,123.434897373153,-9.860675648543727e-17,-1.4387864830497776e-15,-9.118380123764823e-16
136,177.71406054023333,11.929834186776532,1.8156234150304846,7.789449986201874,37.67246790190004,77.3832243561487,167.82083901563806,-11.562193380944128,-95.93961610735875,29.737522408591445,-44.47838926861985,164.26191209462004,105.96001547975648,30.010931356884132,-140.67035827654044,8.071845920181075e-16,1.0458391904565876e-15,-4.3165574005829443e-16,-5.448305735309748,78.54902088242872,-123.43121315941542,111.77974615413811,-35.78480072871224,136.20157180943178,-2.2247408389782273e-15,5.943613239866023e-16,-1.4601656566009404e-15,1.4041399619010333,-7.167904714651398,101.11388680777253,6.1076878434260475,-0.6394250980603001,-151.86834593271985,-4.074399557990235e-16,4.536665292500173e-16,-2.248738388033765e-15,-9.796946767104053,-16.328865858014716,58.44284225806798,9.646413132478198,18.092213196147473,117.87344127485096,2.9763743954833314e-15,-1.7152531665094534e-15,4.1338921342285287e-16
137,177.65194511972535,12.154467121618604,2.078166697286915,7.818306515420461,37.337372294603924,77.2437161002403,171.2161238913066,-11.927777580282914,-95.38351597567738,30.12435675876684,-45.305139233984825,164.0934779793189,105.8676311850474,30.3114449731236,-140.0149468057573,1.8454147762976372e-15,5.85510779313435e-17,-1.0530540253549883e-16,-7.333016151427389,78.85093626958997,-121.17844081325568,112.03501527753198,-36.423392616885806,136.02341120253618,-4.916786641171337e-15,8.40898369361294e-16,-1.4105168585883167e-15,1.417994761671882,-7.506331956828338,100.7295760148777,6.114298438316782,-0.7568602193734528,-153.59638756368864,8.491406009196499e-17,-7.205670709095697e-16,-9.029550424385514e-16,-9.582050063297524,-16.249277769260775,58.89718426166799,7.207039743139011,17.034153302956295,124.99884339116048,2.784763149836226e-15,-9.779926003523576e-16,-7.60550178894412e-16
138,177.67924081135834,12.156680481244912,1.947899646653982,7.454575839579923,36.95023475375113,77.71997933401718,173.2684663053132,-12.633537392836033,-95.45903538412206,30.47272669203576,-45.025432193966246,164.09637654488353,105.28522108348929,29.615801055334046,-140.11319057756276,2.4371947858546854e-15,3.291690985269698e-16,2.303206672726511e-16,-9.68537481732689,79.26021958470393,-118.32475766494608,111.1050961353314,-36.892260341733156,134.5530660401876,-1.8909634664664037e-15,-3.048084187764722e-16,-5.96068164014593e-16,1.4318095900358399,-7.595253557171375,100.70854057931642,5.885842871535145,-0.8615144683956699,-154.94755618054683,-5.340013634417888e-16,-6.092331379964145e-16,-5.868308697489382e-15,-9.103422291803104,-16.049871564478313,59.90481411678598,7.507586908538499,17.672744342455754,122.3516585842232,-1.6643714312739932e-15,5.721568174015557e-16,-7.935418741322306e-16
139,177.66990781698874,12.424512200454025,1.9498865868657551,7.190754145132574,36.464675978970085,78.01500640771967,172.85495582477984,-11.906607621147705,-95.04491919061265,31.17397990547532,-44.20322464620782,164.45132399141488,106.26084996040002,29.492397321288983,-141.40843095743514,-1.3284922217704845e-15,-5.3496410960440457e-17,6.012525130809291e-16,-0.6389722050837616,78.1229266865193,-127.02546642059757,112.6941490027114,-35.752784851741694,137.17217050016328,2.4122004399840216e-15,-2.467261145336897e-16,-2.9300111593032736e-15,1.5870785583097362,-8.228999099345444,100.95571305760392,6.143853801676095,-1.0867455866689988,-154.08957267389,2.5122096770164377e-17,-7.28488174153062e-16,3.8116045804112e-15,-9.18077288065231,-16.365458502908613,60.16126466818352,5.526833957911701,18.344053248880606,126.64427838361661,1.560304175383041e-15,-1.8051670802295647e-15,2.1175639872462587e-15
140,177.71947969525505,12.362266474097568,1.6943147121767232,7.09261504385153,36.56927402517658,78.20388963846311,168.6837023178771,-12.19761635559597,-96.57373711585439,31.17718765889182,-41.85524385422568,165.15346482719553,106.16593820344171,27.93660082703831,-143.27549650030858,-2.575707999122397e-15,2.968881528527524e-16,-3.952307597252573e-16,-4.524759186031735,78.40612441195202,-123.17014114487836,111.65901866979755,-35.65404223958891,136.32448420119348,-1.3118518572344565e-15,1.6386308238093545e-15,2.3108173186701576e-15,1.6610989066632311,-8.237296823684389,101.44258196642319,6.8462432309286125,-0.7205245184045994,-155.1551886714499,1.2101803806588083e-15,-8.664300036585898e-16,1.789563526025773e-15,-9.05370398972089,-16.418857709279635,60.588266467403066,6.248088225519573,18.178355824594686,125.26652365016803,-4.576509778249012e-16,7.205204636833911e-16,5.677994114025358e-16
141,177.70553989667096,12.525592552860543,1.7039461430619143,6.950073148169709,36.03516185803528,78.29319559228267,167.232684043466,-11.948295595638065,-96.9626978899157,31.76817496552224,-41.86051876661988,165.18425158570915,106.26724186718344,27.944220876100623,-143.34068808105937,-6.212339517141242e-16,-1.1089499529751044e-17,-2.754144690328469e-16,-3.1673399120585217,77.90647504733207,-124.03649412763718,111.39562347471765,-35.09862764375852,136.78303882705026,1.5682033420274053e-16,-7.203467283722295e-16,1.1550864771752343e-15,1.663234683015806,-8.324039630201085,101.341440212388,7.104421664529574,-0.6167972462925229,-155.9685490110462,4.568201114044512e-16,-8.234083681689341e-16,-2.8058842676129473e-15,-9.880905425170093,-17.164885310128447,59.45043149906522,7.062241024780948,19.93410999243644,123.3980114185712,1.751773554045152e-15,-8.563278136167704e-16,-1.1737111261162125e-16
142,177.67327996741759,12.378522112148964,1.8411734161648798,7.163424996721319,36.02151609921722,77.93674862645385,167.89855993863446,-12.23375024707357,-97.15487274307134,31.837640814851376,-42.98931523721096,164.94339068897605,105.59463487311405,28.301650837790536,-141.90757480261848,-6.121818121247917e-17,-7.320817255304434e-16,3.538282414345958e-16,-17.275784639599554,79.17011139617898,-109.68057782031643,109.52405635943555,-36.66872266749814,133.72584986496312,1.0957292802918595e-15,-4.44812300424349e-16,-2.1514373439912463e-15,1.5009240542433597,-7.755938138507263,100.98761739410051,7.801182005592113,-0.03682370755615659,-159.36341619727102,-2.1300409173949602e-16,5.833751674300766e-16,-9.576129989087187e-16,-9.092271909780578,-16.426733978845654,60.49365075626537,8.22228245297893,18.940053282781733,119.70783456720663,-2.703608044230698e-15,1.6207193930336322e-15,-1.3618920540312103e-16
143,177.7542110264508,11.79559442259615,1.5693342037973677,7.280259624372133,36.96559279460438,78.00592443036358,169.53865523061546,-12.319523699791908,-96.42078094115651,30.48544283825855,-44.909767039541954,164.1256855069829,104.77289787741505,29.405625840738523,-139.75434767128831,-4.649596427330065e-15,-3.1991755370550383e-16,5.576850132459083e-16,-33.699357900032275,80.22562503158612,-93.93259108458595,107.48567227923562,-37.68937522597869,130.09601152617233,-3.5310956005836053e-15,2.216045011681362e-15,-1.4494785519443192e-15,1.3743011123513313,-6.997256364368973,101.14084085682221,7.31816094894693,0.07752509041897378,-157.5775655130461,4.302318105423887e-17,-4.107010763342812e-17,2.3964256646587314e-15,-8.231196761831804,-15.728490560964614,61.913937381703356,8.264683424228359,20.41461068076371,115.48346185993903,4.5610760234164246e-17,7.741249171664984e-17,-7.291852969978548e-16
144,177.75709694839392,11.7100383230493,1.566449577565074,7.62528286200965,37.513536926142905,77.60075835012255,169.17031366606616,-11.627884238774499,-95.83773159896403,30.12399237170119,-44.25176443594994,164.47485528718727,104.71248644342393,29.00085270338341,-140.06394944055054,-2.8582288732893556e-15,1.9353331525404603e-16,3.1022006138091633e-16,-32.94000056601036,80.16572677051435,-95.30617801016982,107.596270108823,-37.36850282297413,130.48564942887614,-4.681822737074752e-15,2.3496463946400543e-15,1.5372332952766432e-15,1.3429858924828362,-6.776241579672591,101.23771870559194,7.32806704025571,0.1650220494760368,-158.57939241474295,-1.0324891312642901e-15,-2.816569033464242e-18,-4.0080673989621984e-15,-7.986826119406516,-15.327835279187175,62.04167867006256,7.779484092976423,18.75828139569361,117.39104630336065,5.313064978990389e-16,1.3613506187135562e-15,4.256769440937311e-16
145,177.76154915786677,11.550531608420162,1.5655519802583537,7.770682472593906,37.69491646231075,77.41919689125243,170.59151383606658,-11.403387060745207,-95.15652707514748,29.76217363133787,-44.7928766145462,164.21137726027203,104.17619008973413,29.16452273722125,-139.26351351284694,-2.3593758605635007e-15,7.132469810393548e-17,-1.1752781529011445e-16,-39.09277578982578,80.23467873506475,-89.26725230026501,106.42890148045423,-37.76756994450176,128.7709266392294,4.560596887144963e-16,-5.464918529056536e-16,1.4611087086816283e-15,1.3669593451589486,-6.906689044191963,101.2237410300466,6.643099525788115,-0.17889553525828883,-155.73883270645115,-3.711774812240481e-16,3.613395647519572e-16,6.490076444353089e-17,-8.160734319496001,-15.57318067332278,61.89109018383938,6.889270631751909,18.67285173648394,120.41721698591063,-1.2790822388732828e-15,-1.0621704930594161e-15,5.300200083926789e-16
146,177.69332450135286,11.781309593714496,1.8349373054183071,7.814135521854954,37.252956610638236,77.22650419743633,170.5641152328931,-10.409231172457872,-94.45298889347819,29.91812132268167,-45.36513821755139,163.85666877713786,103.79320497113547,29.030882438827977,-138.96665608284283,-1.954263670170875e-15,4.3309139746895083e-16,7.592674166558372e-17,-32.944431863492376,79.8147671227196,-95.08227460656633,107.5690391939889,-37.896211142665244,130.54002797975747,-1.6337604568221447e-15,1.1709123031363241e-15,8.118329710077682e-17,1.3776803314677186,-7.137305567034638,100.9548527356082,6.513285219936935,-0.34327121263324173,-155.55442918320898,1.268696786223433e-15,-1.327336785808182e-15,-1.4562580304748847e-15,-8.705139593431525,-16.073788244425614,61.05718669852881,5.813045638887137,16.835176638399034,127.23096511533609,-1.4065946579030103e-15,1.4545953644754126e-16,3.042087070672961e-16
147,177.70206240962133,12.362006837310238,1.708824217436696,7.14214256680279,36.234988648821016,78.0313723942406,170.16215122823507,-10.936693471088212,-95.0867418588093,30.31106928243875,-45.69542305693858,163.21749156677905,104.08430487194438,29.256987913573283,-139.54986852111605,3.562041607567067e-15,-9.528115540932564e-17,-2.4982722460295493e-16,-17.835019534965184,79.22632341452797,-109.31820970821937,109.47121174734436,-37.29993738124422,133.2102806288592,1.3143082267287768e-15,-8.450222781262621e-16,2.2508960976270503e-15,1.590631731581444,-7.860237478954176,101.47801067588831,6.647833739732696,-0.7272474614070134,-152.0569590437761,-1.269907317334717e-16,-1.2299730429381462e-15,5.56825692983145e-15,-8.861707776831693,-16.48140214610004,61.20875869024745,5.856115774766741,16.454248333854974,128.72911478639492,-6.384584990780967e-16,-1.1569382357881018e-15,2.972345103581686e-16
148,177.72493784365736,12.850054977243001,1.5740614424952717,6.79384741876854,36.008733067817275,78.5446907820871,169.0390501472537,-10.636074274591822,-95.07774234418085,30.81003697424494,-43.028632927811245,164.1201194647516,105.56202216796623,28.194693471485305,-142.79894665347345,-1.5341716224005867e-15,2.0533905011171256e-16,3.124040634045612e-16,3.3248660931341028,76.74163792659284,-130.6469199788036,112.40070802136243,-34.76557210084251,138.209624102647,2.8015011243795724e-15,5.044860542260263e-16,-1.8461576353266914e-15,1.7244671853345943,-8.205471712740218,101.91159695310552,7.328815237982954,-0.524235494802515,-153.57318781896626,-2.8950887392772347e-15,9.52340761553695e-16,-3.395274291200082e-15,-9.494537855193004,-16.998792864183674,60.22756140240339,4.8993540348417985,15.517223800115206,134.03534158198244,1.2841171053127502e-15,-1.1170486704325e-15,-2.768520557942553e-15
149,177.68879695218047,13.085388858365706,1.706199774156838,6.799458089064653,35.687267843457334,78.44841046751908,165.4042787989047,-11.160507868992632,-96.76197932166423,31.716903516636318,-41.8307723147738,164.89149030219278,106.39446329583527,27.818503275595088,-143.9129049553753,-2.0292751440670724e-15,-8.004114933881929e-18,-6.522614578840053e-16,10.995983810912334,74.58183495513137,-138.28563415258165,113.61550661808201,-33.19062438307865,140.95260835002907,3.0622665784552902e-15,6.966877706693101e-17,-2.0741602304344708e-15,1.7609356078260057,-8.45233454469242,101.81371010381802,7.499777794654662,-0.5451412931782743,-154.3036072243206,1.1377448475541984e-16,8.362864183478581e-17,-2.780008457917616e-16,-10.366318455335783,-17.343579191550234,58.46504704409868,7.763856222281376,17.501025762946306,126.07923289473419,1.2910711134092226e-15,-2.486733233395807e-15,-3.556951086716007e-16
150,177.66396279989712,12.94018277225316,1.8362404835531212,7.197413339376324,36.25317572014689,77.94557096772216,166.31301429669074,-11.404260159913603,-96.68754939817929,31.326869677636306,-41.79934599454571,165.06634983695758,106.62705324448667,27.983770524372094,-143.84321729957495,2.154958932654925e-15,-5.323458683857381e-16,7.156226152524317e-16,7.008769270329307,75.5023096089119,-134.7999309364987,114.0786516216423,-34.23266054319695,140.67316126736642,-1.2600084474994514e-15,-1.595057899888826e-15,-2.9111185847673106e-15,1.6781786109806114,-8.28481252857244,101.49308324267399,7.073383543124864,-0.6262718552147968,-155.57200959438154,-1.4544665495633754e-17,-3.016487285166123e-16,1.826600340416126e-15,-10.391290884277774,-17.238529487722715,58.25139119111885,6.389091406121313,15.900229495820085,131.57073769418955,1.3370864861561213e-15,-2.0739433185746152e-15,1.1030303288427265e-15
151,177.59577169626505,12.948335542049765,2.1078981929300373,7.367463976293895,36.13674785597666,77.63310945931964,169.82378900069358,-11.895055434827201,-96.1908044502997,31.01556026060544,-44.00966438601105,164.16653679193567,106.45080136882471,29.204304396352295,-142.2553604107396,-3.7318377977902435e-15,4.9824662284151436e-17,-1.0915326073354096e-15,4.5404640428582095,75.64218180842781,-132.22334963142094,113.8079822398043,-34.446430591293314,140.58889189194193,-2.870721014670199e-15,1.415556976701586e-15,1.5848710374935036e-15,1.6012702823474214,-8.212335543326187,101.07304759027308,7.009328520564509,-0.5879573642657957,-156.5722826284323,9.960877601611075e-16,-3.414385338398271e-16,-3.017721460652092e-15,-10.246759840054834,-16.986640540854232,58.25227689309463,7.5076740387711,15.43617329798625,129.21002010744965,-6.5352041172605265e-16,3.218161452787428e-16,-9.351505466131633e-16
152,177.65819357635257,12.838009065139651,1.844209361346573,7.232180335972941,36.48563626046469,77.95304694815536,172.80820408751694,-12.259363274927644,-95.44628616847012,30.052799584817368,-44.03191110492909,163.67551384934163,106.37344698249304,29.262597315938944,-142.59173748532703,3.840206357131574e-15,-4.291250387737388e-16,-7.481377612016795e-16,-1.8131322656653261,77.11018575068728,-125.97682454071533,112.77412901021346,-35.49524354229631,138.48871943356846,-6.941893869858621e-16,-6.98674014177541e-16,-1.3909415736518945e-15,1.6064658414821114,-8.173916412222594,101.15865679567142,6.923345482052399,-0.5674308868460763,-158.02478756214737,1.3854206758817623e-15,-8.761222363479039e-16,-2.6633821147015064e-15,-9.148787095533793,-16.39912037914193,60.29828717105141,5.085970495631204,14.05113822358513,134.96607198521497,1.4355472645403987e-15,4.404451923191501e-17,3.337336662208354e-16
153,177.70074314660368,12.40488048473345,1.7091652155527948,7.130727111061332,36.80597935539539,78.20538611795325,174.06556824794498,-12.203164279973983,-94.91825891596436,29.554895914273164,-44.47482412081228,163.39962261000557,105.74291217847909,29.241137209472292,-141.94801766864265,1.328314223360299e-15,-3.4329387729180945e-16,5.822374460964323e-16,-5.423514981794194,77.72765645827,-122.56860228290024,110.94665550384863,-35.19526205818892,136.56975718701827,3.4665109519663693e-15,-8.833712965214449e-16,-6.837278652075958e-16,1.4896415266873428,-7.583291047882478,101.14767361670518,7.012372619154201,-0.2991482454251803,-157.29738362818838,2.1432174484866932e-15,-1.165021432427919e-15,-6.9202607874570775e-16,-8.67248152590093,-15.808064755124052,60.75482077510286,5.339894954097373,15.677261590214373,129.68414126814267,3.2386359035427783e-15,-1.3922808435726213e-15,6.254430741030969e-16
154,177.73795322026572,12.090491200673467,1.574901215872509,7.048020376596144,37.06071256525823,78.40667146090615,173.4239952293176,-12.420001933279737,-95.0912417351073,29.152821848258682,-44.992239133543556,163.1288860070862,104.55213227909505,28.88868873637335,-140.91115289010216,5.40974447291858e-16,7.849727959173441e-17,-6.179359457045734e-17,-19.948943446365586,79.3352370759727,-107.9722527826688,109.08042593899062,-37.152690203665735,132.82288607011526,-3.195920021203114e-15,1.152165373991199e-15,-1.1814369284722577e-15,1.404140806754935,-7.207488113992825,101.05467528980829,6.468119676054871,-0.37956362240233676,-156.5311301954722,1.9642487875883623e-17,1.3718945297067432e-16,7.288655843397542e-16,-9.111216371970107,-16.144096714174367,60.02469038993715,6.360878614551501,17.470696707170383,125.56941870116135,3.055051165393182e-16,-2.058500680987795e-15,-3.4202976619776015e-16
155,177.67293688599867,12.395918239299569,1.8402296791323194,6.9571639997372285,36.536662728553864,78.41656983408095,173.41582220149044,-12.097537106168971,-94.8617093806391,29.692420309817546,-46.09795748111347,162.8342325352473,104.81481765379115,29.5184263594711,-140.2817690629953,3.2414903739987746e-16,-5.864332319971526e-16,-4.924951560955332e-16,-15.002384761626535,78.96324522808752,-112.47523012472918,110.0023292598602,-37.375252398050286,133.81660903674475,-6.1119791563461546e-15,2.5301057659642404e-15,-3.4270383847489735e-15,1.374213916187876,-7.26541112429176,100.74076298409332,6.256630136889751,-0.49547225474711154,-156.45526935785182,-7.022232704370938e-16,-1.6963698947995667e-17,2.7688162572068717e-15,-10.620314100696193,-16.955689591059357,57.26002543313334,8.408954695440052,18.168671324449743,123.15881745872001,-1.1044189525646192e-15,1.1339935180504007e-15,9.259863170944375e-17
156,177.6082840804629,12.611196561602009,2.1060235151828484,6.9589888172044265,36.21672080801565,78.32783005278746,175.2289580851315,-12.52627779743299,-94.6880706390314,30.073025032802747,-46.47956618243332,162.7839303127379,104.9174986158199,29.607577643660505,-140.14316066348732,8.482274303427009e-16,4.3501518901681075e-16,-1.8625143236618272e-15,-13.03284074627313,78.7782138048864,-114.16681024162673,110.40356811943342,-37.74828544886221,134.0827738063373,-9.22869994358498e-16,1.1129246799944144e-15,8.9025664356793e-16,1.4054044258975604,-7.596623996255452,100.51357837039531,6.691791920800815,-0.443289562257531,-156.77673253883745,-1.6624521190571822e-17,-7.96765239230167e-17,-5.999799615784289e-15,-11.827139832341427,-17.869523016358844,55.68902544595012,10.605282786959345,18.71812394910856,120.5291960475748,2.025526711570607e-15,-2.025317048878327e-15,3.526709304802493e-16
157,177.56869584395753,12.199503144812727,2.3638736955597253,7.416856412316757,36.87230621154098,77.7594451412,173.95595816622983,-13.07346298168779,-95.41915439261535,29.33892904013263,-47.017327768005124,162.6273540894196,103.84348700637241,29.31798057903245,-139.00194672563416,-3.37251350211972e-17,-5.130374117541116e-16,9.584114707710507e-16,-14.426134793767869,78.65075067504148,-113.49146837184941,110.08158931861645,-37.44055264003162,134.10915337100582,-5.077900584230739e-15,2.1732176102784516e-15,3.494904688960372e-16,1.3289454209272866,-7.2967151291302494,100.35126655863178,6.789356814001266,-0.25911187016687093,-157.5395155207885,-1.4800239997819443e-16,2.510785043994744e-16,2.507828152670242e-15,-10.872107666170981,-17.187009271565007,56.97676141841108,10.80227085282371,19.4113617969808,116.59433111568113,-3.6212887304941736e-15,1.2674651900442097e-15,3.8467913664918095e-16
158,177.5857483368396,12.46537453258589,2.2349276892974155,7.123829554542007,36.38930650687752,78.10391629267733,174.28869502183653,-13.383793541836434,-95.62061275244614,29.916002015996266,-46.35242134734188,162.84861260768065,104.50217389687222,29.262346952197685,-139.98941158060254,-4.728469388506998e-16,4.749211851776142e-16,-1.6766771584867805e-16,-7.552106259452198,77.9570187376327,-119.9819896859312,111.14489707997615,-36.4902024509803,135.98793636210814,-3.807505970087484e-15,1.8873324387630012e-15,-1.518508110140978e-15,1.4417684662012942,-7.672184279016423,100.67632690547012,7.038180757734915,-0.30984705046055283,-158.01691540773024,-9.57551545528061e-16,4.2037639038016075e-16,4.611807128514123e-16,-10.071083119108712,-16.96702614567046,58.674729497383204,9.302319687720408,18.832382781648604,119.506539267495,1.872994998984131e-16,-8.93818057648426e-16,2.52270133485169e-16
159,177.62128992272224,12.282761656324762,2.1003010456736897,7.1818701628675745,36.74964710137868,78.10713485285017,173.08890043599973,-13.373879805643039,-95.8915307040856,29.528650648528032,-45.89172037673439,162.95353866618342,104.1057587302007,28.82015704224646,-140.10422133963647,-5.848942003400418e-16,-2.980214959700749e-16,-4.485223121661578e-18,0.22566645056590393,76.48734943454743,-128.3531797085309,111.68720128823281,-34.663993872120756,138.088055777971,1.2607443449454265e-15,-2.9494673068402083e-16,3.1014928299908104e-16,1.378900966294782,-7.305005141633744,100.71980781041546,6.24495878446775,-0.4862382200557884,-157.75025651503427,-1.8092041466358636e-15,6.765221727447175e-16,-3.1961741116686957e-15,-9.534060193590035,-16.284084684266816,59.07927456391141,8.267973247084367,17.94466383416338,121.11901484014557,7.926748819516418e-16,7.921648515196482e-16,1.8778126222284502e-16
160,177.67090192843946,12.460452766929748,1.8402862515064924,6.739290649455416,36.17402644253299,78.67883808161876,175.20835925212455,-12.92729335763479,-94.95732951632917,30.11679975280731,-45.127959913473276,163.1263622595497,104.6509850116768,28.652618597691987,-141.1531295027401,2.181344260748388e-15,1.3040043701981034e-15,-1.5105189159617113e-15,5.155752740193809,75.63222022259032,-132.7740829414158,112.20828028953895,-34.09780295452345,139.04241509875496,-1.820544193238587e-15,-3.4056175682995943e-16,-4.39600597625065e-16,1.5124930069873777,-7.63727143748162,101.23690818839209,6.15814081238873,-0.8048386235296716,-153.68056483861147,4.7827425114492235e-16,-6.712059384995052e-17,-6.554210495343997e-15,-10.262428958702651,-16.72240979362929,57.82039303108785,7.611209080145599,16.875640102712172,126.05255407099115,-1.9278626858240915e-15,4.806732580171528e-16,-3.0709087519524787e-16
161,177.60941638727144,12.10713657228306,2.22179295666015,7.399511813767436,36.59851017494849,77.71145280642351,174.35711306713202,-12.314044445910053,-94.84133431698963,30.292888762303356,-44.738279929681525,163.76798365457336,104.40028284541614,28.060047621716777,-141.00195485625045,2.063097055289186e-15,1.5048375015686874e-16,1.439944268496723e-16,6.6587853973173825,74.76466925324317,-134.9197250099759,111.59680969548796,-33.01011124864691,139.4784588993611,3.0483379220412574e-15,7.0458518556533e-16,-7.761700374883956e-16,1.3895184555840734,-7.242051096898547,100.89160252570427,5.640921503993539,-0.9266927935366599,-151.8669262892122,-1.5818938295729044e-15,6.222280934779858e-16,-1.754141635885507e-15,-10.310020591475618,-16.27560820430142,57.01297947394492,7.582354846745001,17.132772049795776,124.890711240935,-1.9430111458088698e-15,-7.64658737517423e-16,-5.398870854419175e-16
162,177.82930737419417,12.185269308091708,2.2161416563128924,7.619557441186881,36.54622312057319,77.33839931970134,171.90777013909116,-12.347548361897802,-95.49345656952859,30.319040721958004,-45.763401051933116,163.50343123099248,104.52222688319475,29.143169387368932,-139.827200523759,-2.961022819962674e-16,4.823489440083062e-16,3.3308722399895574e-16,-0.40054380384332977,76.93680413477743,-127.54616087590767,111.43780384433926,-34.411597448853854,137.7205404802148,2.117342714935165e-15,-1.1413953610235756e-15,4.303511775620724e-15,1.4764888878749451,-7.546283528943429,101.10418326780379,6.133285603765082,-0.903789813472413,-149.8455602437293,-6.562233238260462e-16,-1.3858500888397997e-16,-2.5384463133519713e-15,-11.434879698404366,-16.981998602896308,55.29612148576185,10.25961169086211,18.531835287316074,119.31487481706839,1.1515174217243297e-15,7.171633845026384e-16,-1.8016633205826133e-16
163,178.04210777561946,12.401973407754213,2.210813768928784,7.91172888186611,36.57373471612478,76.87173465711055,169.26422655387066,-12.529128519587342,-96.37165000979937,30.327002971265454,-46.356949301512785,163.41480409219244,104.87904640067244,30.138024014441715,-139.1115636853835,-6.157159609158855e-17,4.224926801747436e-16,1.9927219848157887e-16,-1.7160513268297959,77.5031859455654,-126.23912415357923,111.90059058735379,-34.212585881175166,138.05839516072245,1.827309327956015e-15,-2.1287972614244374e-15,9.651526262054992e-16,1.4997027854424767,-7.687455244336584,101.07370656799542,6.261838201046171,-0.912672619703423,-149.83179284581843,-1.4281191071535713e-15,1.8076975010839983e-17,-7.631461456743933e-16,-12.079823724336531,-17.467992225892868,54.512421523590405,12.747164653962585,18.82690763446632,114.54397182434877,-1.6511477829162583e-15,7.11388121654156e-16,-4.874448602144645e-16
164,178.31949721337028,12.150544715858363,1.9488980304939107,8.241799150834593,37.561235450985116,76.63401402990618,164.14851617313295,-13.115195735903715,-98.23492229949166,28.702151565235503,-46.46728118846488,162.91551892481883,104.27315473077111,30.614083328480962,-138.43449813032063,2.346262334965312e-15,-2.21662885145927e-16,-1.8501553401704552e-15,-14.424291790738978,79.40935675917098,-114.26658067916948,111.26057777068765,-35.6293232511813,135.81220070555568,2.8763128952562483e-15,-2.1914450696259895e-15,7.10771214519715e-16,1.438999967610473,-7.360438639987715,101.09406613984436,6.619512321966385,-0.4664024789598865,-152.0652708425299,-1.8002875279849017e-15,1.7322575811419108e-16,4.967674100695955e-16,-12.195838551057168,-17.999700501572534,55.029985278334976,12.630129980078825,18.88462035326608,116.0703445361796,-2.4595931704983384e-15,8.050071335925984e-16,6.226785474338195e-16
165,178.0743108039702,12.282371097058098,2.078130665623679,8.016487366368514,37.33153227650814,76.92558976511303,162.8343945991666,-12.70719825781766,-98.57198879616651,29.612580057721953,-44.78288426614249,163.8646310540363,105.45033536559549,29.49526241332235,-140.77241806982022,2.139235219750348e-15,1.9453296411184866e-16,-5.445804700286334e-16,-7.581794308238422,78.36656686731766,-121.00026421442384,111.8495857869332,-35.16889454855551,137.1728406914431,-1.895810996235832e-15,7.853253719180713e-16,4.1345519261385156e-16,1.4380175426430186,-7.4808054201395295,100.91357467096189,6.710247703087193,-0.40631861500292327,-155.86449073098913,-2.6157089971960133e-16,2.266573284050871e-16,-3.7482958459990416e-15,-10.791927791095587,-17.23261303993926,57.2419754608902,10.333306027410645,18.876985335407554,118.37455625802967,1.0203459692794289e-16,1.5836272873735911e-15,1.5315489248678336e-18
166,178.05785957698683,12.007652066716592,2.204481734198521,8.252002804703123,37.650675373942065,76.6439596866149,162.6609748330463,-12.731427003021649,-98.62789185642292,29.784266795563774,-44.500365392489826,164.3373577092284,105.18703690635962,29.15318935423422,-140.463350315867,1.083335351998785e-15,1.260535640523461e-16,6.411554034256636e-16,-12.284035738240764,78.78689041076355,-116.56819101013281,111.28726541940298,-36.031741670710964,135.9941986556565,3.963538566826951e-15,-2.522844105521776e-15,1.169208882009375e-15,1.3420712316548462,-7.189398116501301,100.60297493198972,6.731478971904537,-0.22633894336468288,-158.7318957808932,1.3805269971835882e-15,-3.7962126717203686e-16,3.431855625863758e-15,-9.127013755878233,-16.282646903718287,60.18695091480042,7.681936716480468,18.073346398346988,121.88592553355777,2.1447547720525453e-16,-1.1374912970531247e-15,6.613064511862487e-16
167,177.79345358229872,12.38661140877429,2.347374360536512,7.4568710757203505,36.668614005957785,77.63780650682733,167.568550063378,-12.375715643489567,-96.85198207629857,31.306106856995594,-44.4269276916041,164.67514922580764,105.72328646981391,28.696234849893507,-141.16371148147934,-1.2359886578056655e-15,1.641904934952248e-16,-7.498209991089991e-16,-5.265177928834154,77.79073511957311,-122.64187364233157,112.1931599453959,-36.14331576628135,137.22734570089716,-9.696043717815284e-16,-1.8736661833597695e-15,4.2145514862951325e-15,1.4743557799004856,-7.744020284742808,100.81377660468887,7.201185628009502,-0.26802051488895573,-158.5206043112615,-5.117017244841805e-16,3.1010245018070476e-16,4.1676539543888086e-15,-9.813031075916163,-16.56991369247152,58.76326851516506,10.484317296825724,19.286166461550515,114.8658816322558,-1.390475082221672e-15,8.050787423874967e-16,-4.829514978402251e-16
168,177.8073619668765,12.054803187747327,2.344429074698624,7.5709305066466,37.00666001314549,77.54788095593563,168.6516781480807,-12.234524365027328,-96.3036344687623,31.38125616736793,-44.87273052110284,164.8805259612106,105.09065446731216,28.630934348205415,-140.0496066104512,2.91756445585586e-15,2.1328066985158784e-16,2.075369849509636e-16,-12.989789027647127,78.72145603009571,-115.10108332564037,110.40404518928061,-36.81032926710192,134.67298270573295,4.34983159140443e-15,2.530705039195801e-16,-3.1457404769398824e-15,1.375462958984538,-7.328748249537142,100.66002179384951,7.149272711086329,-0.11788419315057584,-158.97775169036544,3.2354737810508775e-16,-2.3073451789154784e-16,7.400807651431165e-16,-9.478614541443125,-16.373551834051923,59.36318642594977,9.166383382280895,18.74126014659882,117.98266399005404,2.310594471325906e-15,1.283823342857028e-15,-1.600588221352468e-16
169,177.832750033579,12.095225992951566,2.214919325074901,7.43272976176856,36.940052191534434,77.75246800110102,169.02594763815475,-11.440963906900363,-95.43011292972304,30.88018364631238,-45.365012230705034,164.30785551949947,105.20084355371678,29.09560232277133,-140.0676407667739,4.853522734789843e-16,-1.5984463441268435e-17,-5.757955152687039e-16,-10.294585951374263,78.51366426418146,-117.75603121555714,109.92923659249696,-35.80047748949387,134.76696057698317,8.579518303769313e-16,8.490640416927205e-16,8.688732906579004e-17,1.4001278249477649,-7.322247346649215,100.85610538704293,7.580079097291359,0.04921695483919914,-158.64645525123902,2.9228561762489893e-16,1.5012706862811263e-16,-2.5443572517460745e-15,-9.896051092193854,-16.57349631394858,58.54989017608546,10.95245776728442,19.4586126214115,113.59655571892274,-1.788876191844828e-15,8.182807825057916e-16,1.6023801659979737e-16
170,177.88446846495876,11.63652326103843,2.074795642766918,7.761528722250588,37.35182448345908,77.33851666038929,169.05961824563053,-11.423263030518212,-95.98373507176206,30.239427349371713,-47.006532074700345,163.7506476359168,104.03738229175794,29.4987692578631,-137.98296203462166,-2.455435444605782e-15,3.9292626711639715e-16,-1.7018363985652694e-15,-29.53472803843947,79.89646547798324,-98.63141054923659,106.82227580619137,-36.784716751146966,130.1666484173881,2.391250417895187e-15,9.58623089795117e-18,-9.847059234920357e-16,1.3083676016716566,-6.8990157341393195,100.76557837279867,6.632295703130648,-0.1743549325931442,-155.8631683457854,-3.7596547635426596e-16,2.1627625399731107e-16,-7.9989798805969475e-16,-8.451535674655867,-15.581522391966226,61.0499787229403,8.57183516490749,19.04951650186914,116.15005893396787,2.0775082036889325e-15,2.3367436860146085e-17,-2.67639691492222e-16
171,178.10319309397195,11.493670268833636,2.0726466215290418,8.096974337434819,37.719770191786985,76.90916203819465,168.80153125821428,-11.438368884519168,-96.34517446647745,28.734758806687683,-47.71089990572783,162.7157462525032,103.3336478565355,30.185937408893455,-137.1467927494067,1.2115349947112097e-15,-3.6261933952788103e-16,2.024740374972691e-16,-29.319676921070798,80.05898475344135,-99.26935632137773,107.3970091232568,-36.480445081612864,130.85336283188042,1.2300661284080933e-16,-4.949882921770052e-16,-1.768516575417777e-15,1.3014551863164985,-6.84185264672029,100.79696629058218,6.480308976020975,-0.2336632271255977,-154.2140959273384,9.45480771036413e-16,-5.98364506695831e-16,-4.4402306196075826e-15,-8.617438429491035,-15.898681403830297,61.04781162945493,7.990735384289121,18.668485624517224,118.947690549907,-1.811769642867745e-15,8.525875271243924e-17,1.2306144687376662e-16
172,178.10060510647887,11.565659518446742,2.072252493748251,7.989193280004709,37.631099270748166,77.05470213102782,170.2086696277719,-12.593516955908258,-97.46361353052626,29.019791697896558,-46.05419422071685,163.2901906461024,103.0832315336082,28.75699411715305,-138.5433053184106,1.847050315374638e-16,-6.533874993190003e-16,1.1904600317258028e-16,-17.005117786860907,79.30811743106729,-111.68382834864413,108.86035849983519,-35.51459334039334,133.4350018849163,3.3335194689257915e-16,2.825240853394788e-16,1.3350232031927587e-15,1.3196222994053695,-7.0205011618980855,100.67341641774136,6.193840188390261,-0.42903895605813164,-155.67455965969322,1.9737209644295686e-16,-5.18929707664125e-16,9.593930109109997e-16,-8.436282510758202,-15.82863853207901,61.46480058406125,5.63981464575372,18.534185466072763,124.32551782487145,-2.2192524270769503e-15,5.801767196830755e-16,-1.5193882456270057e-15
173,178.287322596094,12.309551742673419,2.076284079782499,7.726178130378782,36.89847164182069,77.26687004410205,169.15625605252035,-12.513119756297382,-96.98190075113266,29.566688204625102,-43.10362494657541,163.93844925244593,104.33153174406574,27.92937054820863,-141.84278801268485,5.95734783193612e-16,4.420581936825094e-16,-4.0040088044967546e-16,10.83140620931213,74.40683841536013,-139.4812343523405,113.47411097424522,-31.566444160738026,141.9240523098331,-9.534297554885026e-17,1.4903406166440378e-15,-1.259801695130551e-15,1.4534377605453552,-7.664658892269434,100.77102093552703,6.779976439324944,-0.4000494242796539,-158.5956843770898,3.8933947086230186e-16,-2.577567866793138e-16,5.886441190125154e-16,-9.484101752087739,-16.81090188486202,59.98817038861428,5.75982167079432,18.79197873726699,126.64220782632722,2.7679260334713354e-15,1.4790028070542463e-15,5.327359016150968e-16
174,178.30827618779026,12.484796614528896,1.9493900325758113,7.417537114893244,36.77872375907964,77.73242036236444,170.58426015780532,-12.813246284912115,-96.61321505303717,29.643510171535947,-43.33833016669434,163.80213136916066,104.3630284077763,27.982411480668866,-141.82932992479564,-1.7353909163757855e-15,3.1333295432368175e-16,-2.254160770428761e-16,9.338400125358648,75.06746451313079,-137.7349071418563,113.33178135279611,-32.33570104998133,141.05831541824898,1.308888718229462e-15,-6.129459016143847e-16,-2.3662227920721506e-15,1.4649472258462877,-7.683970785789076,100.82785713167006,6.9143392277882185,-0.33460724483748167,-159.7560698437494,7.096820334564243e-16,-4.1395498198492406e-16,3.9275495791042656e-15,-8.990603930477553,-16.358471686036545,60.674643411418025,6.4512693641020045,20.978381263697106,121.03298559634894,-7.732821396741961e-16,3.8874638442344214e-16,-5.952121228064111e-16
175,178.28379674173152,12.399184139625717,2.077925013653483,7.4167883552327645,36.94236501404488,77.77886910029353,167.7939465467642,-12.132092437139983,-96.72114517369474,29.42436235569947,-44.15476237076215,163.527326418113,104.19531612575562,28.26258686216199,-141.17831732042245,-5.32759811593749e-16,8.619734089804047e-16,1.0285496574590086e-15,9.472294345670644,74.83438472247902,-138.05891034640044,113.98737055807665,-32.62213851936252,141.63490999458895,-3.262001648985635e-15,4.882750028585867e-17,2.6919242484071863e-16,1.4827847234655118,-7.632970311428704,101.02757560056472,7.075792848260177,-0.2852144412065089,-157.80488791302201,-2.9550404846895246e-16,8.527440428565865e-16,-3.4962561505906293e-15,-9.515448796725268,-16.559347313342958,59.53925881501795,8.878727823482002,20.516187295713245,117.06636960031294,5.927119863733273e-17,-1.0363375015320326e-15,-2.6495783341106563e-16
176,178.2390115915691,12.665906043642888,2.218879249173605,7.289660911067825,36.9294290743245,77.98093265590842,169.56015385801774,-12.495669451237054,-96.39250027647846,29.462985852220786,-44.55328113027001,163.4196872734288,104.69847304710757,28.563965342552542,-141.33653118605275,-8.930494832078012e-16,-1.7298868003748245e-17,-1.139713422498484e-16,6.507782980976059,75.27329811393578,-135.00574278478442,113.98652728845347,-33.70642486495461,141.09614992873324,-4.576153078770949e-15,1.6898723927329048e-16,-4.547572074380184e-16,1.5541243394316238,-7.929762228327628,101.12589313995952,7.297389917561607,-0.32518671728916665,-157.42903417304478,-1.3676062156615433e-15,2.407788827625815e-16,-1.7101263405299708e-18,-10.131281674082073,-17.0458176789046,58.6342896133671,8.534084110878574,19.87557363778254,120.2581256978092,-4.981113342549742e-15,8.667380087077058e-16,2.8822587588571562e-16
177,178.21752242244472,12.511456262194597,2.3464408016762963,7.2150860033453625,36.8930894139337,78.09188271634231,167.80430667375708,-13.337472606772145,-97.166227780354,30.114687339482916,-44.447360000111516,163.90665841329374,104.92820368587097,28.107702066087263,-141.5784908298565,8.631407658992963e-16,2.039523388416078e-16,1.1858670740954136e-15,8.632828220257588,73.99670463545081,-137.25641024789297,114.15691174753591,-33.0978693858375,142.2280517616963,-5.402191413015264e-15,-1.4096866501909176e-16,-6.35939537047968e-16,1.5095047548710996,-7.690418555895012,101.14014858939952,7.374809102939305,-0.20181582938351178,-156.37967425636018,1.6773876471422236e-16,8.676563034056928e-16,-6.788890287613629e-16,-11.078603521990953,-17.422342477507833,56.81686941124917,10.295119118334416,18.81786796771329,119.2963273382046,1.1802473277932996e-15,-5.201534568590292e-16,1.0338827445010806e-16
178,178.41244187432932,12.926035663776643,2.351558889784865,6.794120989378105,36.00155390104552,78.54231423875844,171.44244696889263,-14.325947647250254,-96.1395378706684,31.35624768848054,-43.66106375911058,164.34567443673004,106.29143433206936,28.18687505777957,-142.99889039386014,4.299248055081148e-15,7.356327093831158e-16,4.4891128243673105e-17,12.921624328904809,72.71466989425261,-140.77601701859183,114.45612244140666,-32.156874241493576,143.3603451899552,3.2534600229022984e-15,-1.8126002796074978e-15,2.7932967247047554e-15,1.5784372269978364,-7.914399829788051,101.31681491974136,7.205208885238289,-0.36190465070814537,-157.27602286889294,4.1491066578831013e-16,7.361130407749075e-16,-4.144553746286138e-15,-10.731469207148168,-17.48684504870166,57.75984693072567,8.641983684194859,19.724751920387767,121.72832841557032,1.8740953436900102e-16,1.2943502136916653e-15,-8.611690328602666e-17
179,178.70284593632496,12.53186485111727,2.079085815972127,6.465730109131169,36.25996123844345,79.15283482418928,169.34880878339237,-15.2680969058247,-97.79739067315055,31.106613589977165,-44.366869745633664,164.11908691035438,105.65889152147078,28.248869283923504,-142.08816465231445,2.8288456045904777e-15,5.751735186383725e-16,-2.000551309065797e-17,10.427123152812365,74.2601025059268,-138.27088048097716,114.0754983806182,-33.00667356537365,141.8082886979366,2.3234410575048246e-15,-3.2691177638846443e-15,-4.146447980754357e-15,1.5398054402615098,-7.357716540993854,101.85453626536486,7.397019987109168,-0.052396355065584446,-156.2758437012166,5.9496860122442635e-16,-9.750634065245598e-16,9.512906597307937e-16,-10.228896640654908,-17.200930813614868,58.60865666536996,9.951722609380926,20.337463538640865,116.85704282971415,-3.525193644502448e-16,6.07864577694366e-16,2.925695452815045e-16
180,178.90749948995835,12.708540866225,2.08186383085427,6.374362477704785,36.27750531669455,79.30816702539067,168.78255949428782,-18.22309358385158,-100.91283530842465,31.236970223094467,-44.31828982647683,164.232947226798,106.04508957858663,28.378794486924754,-142.30585215415292,-9.77201920015867e-16,-1.0010693107957445e-15,-1.9178609755003027e-16,11.312492397119488,73.94312330003987,-139.20064005505316,114.18316139935492,-32.66043010248193,142.20704468095937,1.8328566624429766e-15,-2.7609516860327883e-15,-8.140026152303471e-16,1.577034103694418,-7.4542010863741845,101.9812596023852,7.799001937607346,0.08391098733910021,-155.0948724613176,9.80969870523119e-16,8.72697314191607e-17,-3.2588883639495535e-15,-10.512896828712014,-17.0265420261063,57.635440368881035,10.948644694650799,18.78967433697055,116.13311652451871,4.5823604702213115e-15,-2.024055917267951e-16,4.596037615702877e-16
181,179.19448176854362,12.192090663110564,1.817306226325825,6.262361211141299,37.84206359658769,79.85859418756905,166.55869109277594,-21.747894052637466,-105.28040045300082,28.91906926151709,-45.68750881986886,163.25876548844968,104.67235360797389,28.405492193711275,-140.94079786194885,-6.400529875542318e-16,-2.573654624341649e-16,4.862519620371829e-17,1.0524619098931065,76.42892148842633,-130.13000563007617,112.22224363533583,-34.4519963666899,138.59114418639533,8.186493335734359e-16,6.725350974301077e-16,-6.921634574080245e-16,1.405192341349682,-6.662729060364194,101.93778389558952,8.165241597622137,0.6717975755668294,-153.65983476996666,4.304427525943437e-16,-1.1646652470667001e-15,6.758256346659541e-16,-11.277372715184578,-17.128996137536785,55.89982307604013,14.284876906590318,18.04851888972007,109.11820075173313,-1.0549133100093985e-15,2.0827131633751797e-15,-4.514617012804225e-16
182,179.5983224897437,11.99263043341098,1.9535186162302347,6.40493713031317,38.41273875646117,79.75875973425471,167.2526828351391,-24.570716209325305,-107.55575639304406,27.283691429502813,-48.04348489387155,161.79709332515637,103.48195395496764,29.497453717579923,-138.58312904089544,-1.0004791338973259e-15,2.503920443336163e-16,4.1119999402286497e-16,-1.4811390851813586,76.9894104442545,-128.10161714217134,111.66086109145635,-34.92444181912024,137.46711296478117,-4.405957742931816e-15,-2.955211408199619e-15,-1.978905208149819e-15,1.3138961318924793,-6.3579190017626965,101.7014307845363,8.212417247642213,0.9740090596496609,-150.4963956819857,3.896632566345101e-16,1.4800536762998742e-16,-4.346787695391403e-15,-12.701877606134637,-17.0818802709848,52.49987220327223,17.780481565845953,16.411935348591058,101.84999842051897,-1.9578515791553885e-15,9.338366670927888e-16,-1.2640129093950826e-15
183,-179.98634297666138,11.596593087322223,2.0858134590335786,6.5690906835352,39.29857184907508,79.69509759978038,168.79545954861698,-24.65398413701318,-107.23669715709997,24.949015061075336,-48.850976652445524,160.41129678437343,101.82709599231147,29.135482043658122,-137.70782118443847,1.8484910895456654e-15,5.188640961043486e-16,-5.631229088501089e-16,-4.918536667639352,77.58285065051781,-125.47586327817763,111.04983584186127,-35.2042846124946,136.42863894825865,-4.824336179629961e-16,1.2379654781501047e-15,1.1659823248097954e-15,1.2324403148381418,-5.942789533685845,101.7383676325558,8.614611461711545,1.5065358349259028,-149.40373757332787,-5.5076614069645855e-16,3.904720914678846e-16,1.8956151190106062e-15,-12.348431027478593,-16.976942869205253,53.138799226275545,18.664029272604818,15.494202444075047,98.26160116156264,-6.050606335206707e-17,-5.226643989946042e-16,1.5858705420677908e-15
184,179.8986253402373,11.8382606969846,2.6107722672058262,82.19564394618055,45.38153009344412,5.572117319040837,44.718616490623866,-41.77923919278913,140.8221352498296,-10.923996678938863,-14.518581285297193,175.78098397840049,101.75704131092448,28.001191235437467,-138.09438921992495,5.25237735936844e-16,5.745298966709886e-16,4.006404381361702e-16,-151.19103351418724,62.00907710195515,-20.854144633846914,111.73483810409748,-33.84229485467932,138.78534705679118,-9.901551440148356e-16,-3.769815178448244e-15,-1.1405528835018924e-15,1.2452375654243932,-6.221998981928813,101.3407874892473,9.090152085019472,1.6291390485333117,-149.33607674075125,-6.326811994905444e-16,-5.037360120042158e-16,2.443052490622412e-15,-11.726844455577366,-16.40042294965009,53.67719285502194,17.008936413796892,12.459978629166468,103.90969295841953,1.3656509253003967e-16,-7.169102234324843e-16,-1.812709317166782e-15
185,179.60387919367184,11.890373184089814,2.993413619941084,81.39630100534434,51.0758076097838,6.713364146968886,48.48692255869038,-46.7168362737432,146.38365280165667,-11.174609789656836,-20.144873769425125,174.1499660226993,102.16594783524639,27.349482768726126,-138.80470241049693,-4.276917641182327e-15,-2.4309064415042925e-16,3.745345358142397e-16,-144.90457330267407,66.74984017051415,-27.659654337757864,110.31972574728498,-33.83606408622991,137.85089771628876,1.1144691293801166e-15,1.3571146357782995e-15,1.0688860047245763e-15,1.264192321715213,-6.367471243333278,101.25376666467922,10.13270206953364,1.945943084429907,-151.91723229910025,-1.0548667450725588e-15,1.276371027831545e-15,-1.0839249592803042e-15,-9.303744463964437,-14.970941264666967,57.61854427639657,14.75852835612153,8.217304754174569,108.9625709374904,-2.813646867585057e-16,-5.024284175362583e-16,4.022641852952828e-16
186,178.94949415610017,12.905622509635476,2.85420350427643,76.87412695880326,65.42188730723423,11.972545903059805,61.058235984504236,-57.62451187964414,163.75483149922823,-12.694411251275554,-29.880184224510554,170.7438220559556,104.91779118393075,25.30558650347512,-144.09539057005907,1.8711552012762329e-16,3.3766050302066186e-16,7.741167949017437e-16,-93.63101576104155,77.54163709681453,-80.734524344951,111.84521797508305,-31.989436204189083,142.0064441830504,2.0605561127765226e-15,-1.4795007950450538e-15,-5.71558139507717e-16,1.5397269444934392,-7.328215007421731,101.90005714591678,10.630256190877722,1.8152659509853923,-150.01929215227787,-6.618097674723009e-16,5.839307193558014e-17,-5.6617147986599734e-18,-10.011243788594607,-15.248820589230355,56.13107229263397,15.825227766292413,6.022406704506065,111.36975583261791,8.632847916869072e-16,-3.2288119551830835e-16,3.8767677220695603e-16
187,178.39132334149602,15.265981840775718,2.9893908351939897,4.374233503782894,37.36488048517052,82.81621004187728,177.8744394742374,-23.02163135838198,-102.57024732297067,30.052449492486083,-40.31492083204935,165.0934172705089,110.25577435472267,22.362283334609902,-153.31283623608556,-1.6233610162867358e-16,1.558094375967226e-16,1.3955741508636285e-15,21.213043045205747,61.92800207903858,-151.87729255589238,116.57855790847812,-27.22765709498187,151.98167706893406,-9.20269274077549e-16,1.3140630638500435e-15,4.924973064866789e-16,2.070295392327679,-9.505961266167855,102.34656764023988,11.793154621589798,1.2198671531851752,-149.45778852042318,1.1544306299602751e-15,4.1940246774058854e-16,-3.9012117641918853e-16,-14.75946975824909,-16.444054436859822,47.05641789782476,20.615714864993564,3.901825066554856,109.0171504359105,1.1637339533586425e-15,-5.863274983035102e-16,-1.2423610260975861e-15
188,177.44172284584764,18.012353187684788,2.993542475453912,3.3878947601835065,35.8011045785612,84.22137679394874,179.4895846890544,-22.820196186382606,-101.8011636249061,32.18749397967909,-30.945281805446786,168.33619583582714,112.94828258007408,14.742063262629069,-163.9973872329628,2.931650987936478e-16,8.512490661464599e-16,7.46224936874878e-16,25.24514303664311,53.39576386220999,-156.17351223022303,118.57768558880235,-22.318141704389774,159.39099560530474,2.8704091163496994e-15,-3.348215729581214e-15,1.819794875868367e-15,2.4730163774863643,-11.601042400146802,102.12122088961195,11.76112293569059,-0.05737184683357038,-149.40930816184303,-4.824200107305643e-16,-5.701850488976969e-17,-4.578015469105603e-15,-22.002120187774462,-13.58855931558797,30.17606704222405,24.513003155486732,1.8740459663856819,121.95352588053512,1.2021319123480284e-15,5.214907206935041e-16,2.3360251067604944e-16
189,176.82619631578387,19.66519996020113,3.4037667764993675,3.145247013825064,33.9623589407532,84.38230497013019,-177.55053577102217,-17.379177700816303,-97.98652249541433,34.46947347716803,-26.369961319084844,170.10563823001965,113.92908878655913,10.549986043198038,-168.9090392505639,-9.598478303803404e-16,1.220677325638422e-15,7.670212791345378e-16,26.827369460788912,50.40221987206341,-156.80172065827097,118.5774496828832,-20.055922555982256,162.047172125813,-1.4589455711322173e-16,-1.95294115651942e-15,-3.5343284408716185e-16,2.4225342387863056,-12.937348153295007,100.70069540314473,11.370614038975258,-0.8691186819850764,-154.08185401594602,-2.5227671498816125e-16,6.869385177033917e-16,4.892463634148355e-15,-24.246364339780826,-9.118680789188451,19.385551504989305,26.15781403355032,-0.4029608054016961,131.03786462105566,-1.3392075114512509e-16,2.23990982191557e-16,1.1214933511835998e-15
190,176.52469069439735,19.80395616368695,3.023384086571461,2.7040121608909455,33.81324553896983,85.14894520387324,-173.28036200269463,-12.41687636052683,-94.25153308734569,34.30853247173451,-25.220109321922045,170.33632213634283,113.35308106588832,9.069104480239973,-170.395745452227,4.167581251812332e-15,1.495924216916353e-17,-4.66603184689943e-16,27.641722206611647,50.058798232091654,-157.44109578817276,117.6473116503552,-20.425545611646882,161.04362206099972,-1.2531095635331836e-15,-5.165158543592664e-16,-8.361843911186585e-16,2.325052368317938,-12.972575517252057,100.25214305523234,10.754296410314291,-1.1510340594693176,-154.59089312223446,2.645656942157897e-16,-8.58392302242651e-16,3.44574581567563e-16,-24.97363976922262,-8.473563496636269,17.556308774861957,26.80764074418393,-0.5174981184023228,135.31505159449162,-1.7720076956056872e-15,2.911199299212795e-15,6.827203449530501e-16
191,176.4316750836217,18.751320874501435,2.76177553036317,2.5392899588864557,34.62272048994297,85.53687827427648,-173.24230070477108,-6.7158384468652095,-91.95113167080993,33.271440077662426,-28.066735608819172,169.22391312718747,113.88844504360968,11.28252480390007,-168.23597154811654,-1.696850885979362e-15,-9.89546854390965e-16,-7.955194188707741e-16,28.047112335227283,51.43850931199012,-158.0651536602277,117.3226990054913,-21.312083656145948,159.31338547179564,-1.0941462573619445e-15,5.519705820421173e-16,-1.7019374470239935e-15,2.1432560312323243,-12.415816174338767,99.87412817772491,10.937477040060182,-0.7440720943946475,-155.85140910822906,-2.4107546979221253e-15,-6.117404053618645e-16,-2.0226529435140512e-15,-23.630266024699047,-12.144528752548034,25.68032448067151,26.61786610316703,-0.23026314401795067,132.31211612193667,3.25726195080013e-16,-9.015721620062397e-16,-1.6554665232756994e-15
192,176.39055725217924,18.310467145061686,2.236209082291317,2.1481488869166023,35.12394768698238,86.26987158076481,-171.35686404539058,-0.2316008300017959,-89.21746921619507,31.68760876596819,-29.631129475402794,168.07415210578924,114.79899234076915,13.024424202559754,-167.1985422568995,-1.236170231883932e-15,-1.254377693621177e-16,9.81696624055709e-16,29.953942371011504,51.0672611994493,-160.1756173786776,119.01534922478652,-21.274272398515425,159.62842370604707,3.0066185044198077e-16,5.200955698587922e-16,-1.3841493151761317e-15,2.2294904269194262,-12.237906909393093,100.40720817210297,10.295708289935599,-0.8773767249787118,-157.72245714135838,-2.6992219594487804e-15,5.508338659366732e-16,9.246758048621107e-16,-23.665011440696055,-14.112034279460595,29.08969895438076,24.770098383824127,2.7112937085077,133.5383539350654,5.865987004363882e-16,8.015005227235665e-16,1.9192314700428193e-15
193,176.21495660398742,17.79718195316724,2.1121349738901487,2.004474461050087,36.10928172778217,86.60131084425461,-173.94883902934444,4.589575572915532,-87.6420199099193,30.534554229202175,-30.962932598359195,167.5019961228862,115.22119106600286,15.0302780394308,-165.4884557249085,2.0697571601176496e-15,1.2911725836088063e-15,6.002481283789508e-16,30.391249286611302,49.88591778419032,-161.64632669414,118.8075446375639,-20.529128544951583,159.8258361830388,-2.127084450929487e-15,4.259423807373794e-16,-4.453216996366614e-16,2.153838775693132,-12.041706998559881,100.2191460950855,10.099457005671727,-0.7874853334124191,-159.72410967225477,9.595372507198702e-16,-1.137832396599157e-16,8.532137793650723e-16,-21.075212559671378,-15.244448102538362,34.30563087217243,21.395101628321243,4.655214403818885,133.54228122577314,4.889375070295695e-16,-1.5619324864303692e-15,-8.946032908508717e-16
194,176.30532746378356,18.60416349199523,1.6092111544573742,1.7677626454476163,36.0971297137305,87.00128785686712,179.68892825764348,9.134033336623656,-84.94808954484307,29.61748865136508,-30.01913918808876,167.30091933607164,116.13607504880635,15.823129592037763,-165.71761421014256,5.011629013138216e-17,-2.4436089693929097e-15,-1.3957916197364178e-16,31.21991088765407,46.54233018118137,-163.15192831877658,118.54341760642922,-17.887389781099476,162.29848610420458,1.5410831978778403e-16,6.747903271636932e-16,-1.291087920155077e-16,2.2580754115058093,-12.668628105679533,100.19261209922257,10.011421596264768,-1.1796889237926849,-157.5580195929452,2.1116027108507093e-15,-1.051353488410199e-15,-3.939542327240366e-15,-24.410878923258945,-12.758893744207716,25.948153290985275,21.52348770587137,5.181170970040552,138.55105743798995,9.31586602458228e-16,1.326242802210833e-15,-2.1611191028682762e-15
195,176.32242422600618,19.57848738937482,0.6808985029299721,1.0862129017326076,36.31001374398075,88.16606493260323,167.9979051884387,10.191788701787042,-82.02995770008492,28.28098470892702,-28.207208687920204,167.3531254813261,117.13731220890624,15.2526304302825,-167.26835346797594,7.272098591381618e-16,1.0284705954507455e-15,1.0308529852104561e-16,31.419544074617303,44.12503565323069,-164.09641966621126,117.83439936685183,-16.156462371386375,163.7170681780643,3.193271062006885e-15,5.005815186254454e-16,-9.3514669585623e-16,2.473175791129005,-13.569781285200072,100.43054898028545,9.609230693596162,-1.9754263802868879,-154.74831401107696,3.6118261443667083e-16,-1.0217979965367976e-15,2.3558887725038717e-15,-25.03087296243283,-10.695238122672809,21.674306123274597,21.503800811734106,3.8550198703182033,145.46697987036367,2.888983403887714e-16,7.231736058115439e-16,-4.882869786970069e-16
196,176.46511400862568,20.74433122396351,-0.5580925028227213,0.18276140590455225,36.09421818918636,89.68977144365773,156.89487144514257,10.876751633656907,-78.1544070684301,26.949182122470546,-27.174919912219114,166.9240402121796,117.4934541729814,13.913645070651274,-169.08685844049947,-4.358569294659684e-15,3.9200188150085167e-16,4.2463255330840276e-16,32.55160360822143,43.41438160548754,-164.95993888436425,119.30536248076238,-15.312787316455346,165.02921593914039,-4.065020943400058e-15,8.278141727306892e-16,-2.756864995614766e-15,2.8627249399068035,-14.250631630655086,101.48278176260594,9.62995732962054,-2.39330616337163,-154.0272567014911,-2.973284541300006e-15,1.2718275683234036e-15,-1.5263918372183045e-15,-25.311654183311155,-9.400295463358843,19.05223421550073,24.050252381147455,1.5329345952951543,151.6834381548656,2.9711107889182507e-16,-1.5045022174181376e-15,4.2172263897260915e-16
197,176.45792291805313,21.09361987765524,-1.263994894835825,-0.474696324784146,37.9736636821581,90.77145964338379,164.7283099626254,17.412706238954243,-76.34928847110824,25.56022374935811,-26.462856343560148,167.4929757377758,118.3530421903059,12.612369419072799,-170.2724562803014,9.996353550646734e-16,-4.523949070389827e-17,-5.221038186941499e-17,31.477383428008793,41.402246488967755,-166.07832737147325,119.22643870345061,-14.047967062563199,166.12041917803668,6.78658173052093e-17,8.731762708357572e-16,-1.5074947571341625e-15,3.2271162577023103,-14.57271713350825,102.630852026032,8.922342059595957,-2.8104806505755544,-154.97508203245076,-2.954614619127503e-15,3.6939352368979313e-16,1.6316961077320716e-15,-25.69519678696816,-8.742109646562394,17.529971797488628,27.054939453641982,-0.007910975247145773,139.62630490543341,-4.662849879883942e-16,-1.808932535414023e-16,3.1922435169003404e-15
198,176.71575103394287,21.723380347870716,-1.4241065292634463,-0.17218695983118834,39.23803446499989,90.27221235783023,164.02975154933904,20.573123201228245,-75.03192855863797,24.819096630452037,-25.675913884473538,168.0970193171377,119.02757709301251,12.699563096979563,-170.33925600536514,-2.2846519649457167e-15,-1.6050385439351792e-15,7.97491509654847e-16,30.367412604167896,40.61013435412823,-166.39617278370702,119.95496184866124,-12.71824592485893,167.70737227670475,6.555841153397276e-17,-1.7674971109161424e-15,-2.4164873844333297e-15,3.593288280824344,-15.061814238855995,103.58543340995254,9.234565625631072,-3.013744398051205,-154.32097661957573,1.1738591999478317e-15,2.283395954874602e-16,-3.3854119305544935e-15,-24.355492833175987,4.496815153418816,-9.826005282764465,26.372929223081893,-1.5114343335352185,137.18472307092284,5.964929021483479e-16,-1.0640021445299544e-15,-6.169112173660601e-16
199,176.51661294805578,22.518445147025574,-0.8610845060885685,0.6481221893003979,40.695465997117914,89.00606343332062,165.4335588694646,24.98456015876236,-74.5337079465829,24.508190413082378,-24.350900760677774,169.2170822660646,120.85989059684866,12.980045507674578,-170.502083150288,-1.509251840402371e-15,-8.53382502580844e-16,-4.734536617042427e-16,28.553559262221867,41.00513706390736,-166.04245442539974,120.82659634146768,-12.875735798099733,167.99150026284445,3.0264597864879048e-15,4.998723047106873e-16,1.9428749126979132e-15,3.8842482246198253,-16.166933193332888,103.70415268078858,8.346833898886954,-4.064291071519149,-153.9996754884195,8.6353775881988325e-16,-2.0273046638622724e-15,-9.654844633893066e-16,-23.64419929152011,6.323851458612142,-14.121940544225843,25.871701883336367,-1.2337301544427708,139.48668003486193,2.5210035726440802e-15,-4.616301238301373e-16,-4.386688980862064e-15
200,176.53499911737012,24.22035018624864,-0.8901902251178135,1.1272021357613988,39.9125033261441,88.24350922985839,167.4700807422608,23.60741927791551,-76.85768074656814,23.871186931875684,-23.121192522942902,169.062571072971,119.54367872226344,13.421756209159158,-170.25511595435924,3.885511846885183e-15,-1.9152899031658732e-16,1.9856662749516977e-15,29.397442599370933,42.60774781135944,-165.66784672975328,123.18617593861312,-13.32553570343703,168.37526645468742,-2.572328056042671e-15,-1.8900102930363056e-15,2.173443723226728e-15,4.249233653441647,-17.866919831094393,103.61321773619997,6.737511172003925,-4.287941412994656,-160.0051594663888,-9.857633318210932e-16,-6.222680479912354e-16,-4.498650814919339e-15,-24.701506132921892,5.255860368427251,-11.262900472016911,25.459688710995163,-0.20369823811954949,139.62659055701062,1.1178990634584787e-15,1.7306533240780324e-15,-5.691443148112883e-15
201,176.5337758314191,26.184018156882942,-1.387776383921105,1.0425666913272469,39.70621003116005,88.36832133348089,171.7638588529914,23.51788938262837,-79.74837693785213,22.004710187798704,-22.67070839004006,168.28620254364554,116.82043544944118,13.532103513286698,-169.90808699998655,9.300100323085647e-16,1.776359721620079e-16,-9.786560709141767e-16,30.402277360283502,42.69012159323265,-166.22407481281394,125.14754763121667,-13.113005390102503,169.0799343527183,-5.7115412482404894e-15,6.095668146663771e-16,1.5971611930649959e-15,4.951732059256045,-19.95275451731602,104.24599540560693,5.844592508263569,-5.066927949670502,-161.38057780991758,-1.4293616279828792e-15,-1.5843552600988855e-16,2.319101810246481e-16,-29.385279001082502,-7.325421403069787,12.75781955342066,19.59379186977077,4.314988166029071,158.12000684518912,6.41327405567975e-16,7.417206479545448e-17,5.29529331184305e-16
202,176.85861061817752,27.974991966390068,-2.0306914861890077,1.1205760947468986,39.713158655618166,88.2465314588518,168.539929283084,17.332104643398583,-81.78252591785069,20.523184500924202,-22.44791920854317,167.6884928632084,115.02681888519761,13.900526189823408,-169.49063986169486,-3.7574319964093e-15,1.5661943920645162e-15,5.009928199096866e-17,32.46050490477895,42.303416267053684,-167.79685037667952,127.54285752966345,-11.787709428803375,170.48079628400123,5.108069503148377e-18,-2.8906002777830554e-16,-3.5404455589870156e-15,5.417769556604029,-21.466722192337112,104.52888470951048,5.7514734051824234,-4.761930983259984,-164.2066266631869,1.2833907444592144e-15,-3.646402619460267e-16,7.638018149523757e-18,-29.441968460252397,-7.269557172614011,12.635869324389775,18.697432749153137,3.4790760846152113,163.46214193906349,2.6534161767272207e-16,-3.676830222128723e-15,1.1425656482022516e-15
203,176.85511794626404,29.8250391193017,-1.4221318543635697,1.7338618441043083,39.45201858374564,87.27259314529348,159.07897469820315,13.595669279475201,-81.96944452733025,20.923678608104034,-22.926307603391283,167.52562918930428,116.11555224680944,13.974863676990097,-169.7478859016809,2.6332367025760947e-15,-1.9142356322264706e-16,7.980337459103044e-16,34.115582648578226,40.92530116672962,-169.08696866421334,130.42685826489193,-9.832387908813098,172.59990504968016,9.611879369596988e-16,-9.12849463800867e-16,2.0532605824869022e-15,6.086479461039257,-23.2096031499407,105.14000493991301,7.1252220042673855,-6.370480775014572,-159.85212562585536,2.0308582168321827e-15,-1.4864778285736307e-15,2.72616889278722e-15,-29.556219140023625,-6.079341598453002,10.578669533575848,24.463398777171648,1.9899046570596581,160.6794635085879,5.207621989006263e-16,-8.84205586012972e-16,-5.56808813718316e-16
204,176.48002800261216,31.6745021468774,-0.14471167389793796,2.4264948202618624,38.44742313973786,86.1012980679951,152.21022721755085,10.438526368157781,-82.89485678605433,22.68785275891103,-21.92720696765061,168.39868216507253,117.29520795615242,12.844843793012265,-170.77196982941993,7.064467114687335e-16,-1.7416115594803942e-16,-4.48508774169425e-16,35.63205232604355,39.324918909558974,-169.79649968905898,132.58655021961172,-8.224905531302994,174.2348692214137,6.774076457305232e-16,-2.6443768448014023e-15,8.114105992319086e-16,6.335654779247385,-24.92861604185113,104.75790873626427,9.362327100026596,-7.080237653913073,-157.15566130686184,7.411389746615208e-16,-1.7052056089952806e-16,-1.1813372803928173e-15,-28.86104241032816,-4.334221743913698,7.807870956202896,24.955491137834102,1.0985536280202801,165.37297903606606,1.3624086536507716e-15,-4.88660859096614e-15,-1.154846875772626e-15
205,176.4363617983297,33.98780522414236,0.3354019543315016,2.51124183710356,36.207097921452494,85.7538088930278,155.65447753998737,7.342342486165359,-86.4118721307818,24.587415471150717,-20.308205499136758,169.0531455768484,118.03190759898258,11.967643292225397,-171.79785554463908,-1.151237036964702e-15,-1.2671976756927337e-15,-3.8459261987934873e-16,38.23510804574731,39.29711232568806,-170.04955559072602,134.22828057004642,-7.583355956055584,174.9419046314993,1.3900409703174122e-15,-1.950646727204984e-15,1.6644183832919399e-15,7.364658237688267,-27.149569822646974,105.81465088836161,12.040047519906919,-9.885413221282796,-149.1191385743918,-9.923509148406774e-16,-1.438112773096637e-15,-3.6874704986250555e-15,-29.36906695819332,-3.8648344176610916,6.829900878161385,25.43755121136811,1.0739315856654692,165.55738589549597,3.404564887565095e-16,-1.5648378837108427e-15,-8.975875118084616e-16
206,176.41748642830615,36.04619119789475,0.3512862259772812,2.4530253969374693,34.19377074696231,85.64089649629375,154.8263427831301,7.0093772078628565,-86.23599206336084,26.3287531511304,-17.941053908345403,170.15312299526957,118.45009682672492,10.586926488797,-173.01229731423038,2.596153098700164e-15,-1.1134462107782964e-15,-1.9702894625514262e-16,40.91322869665629,40.689350091398346,-170.2157463529447,136.05289501715401,-7.882609941253157,174.95551098842728,-1.7524166078044636e-16,-1.6194204963385468e-15,1.432933712249581e-15,8.373644374292793,-29.106551736864805,106.83601385391057,16.032913492016636,-9.931911773576863,-145.62762741460548,-1.410407256829198e-15,2.9191403043190985e-15,-2.7825521951958842e-15,-28.952551746765142,-3.4019292549831808,6.122227288309896,22.18667096567322,0.6340849599361262,174.8109910119907,1.1776476141975476e-15,-1.017838360237651e-15,-6.392264305774749e-16
207,176.72306288818788,37.57868790939851,-0.18320091903208396,2.108073876890879,32.27443682852165,86.0565686610004,158.11018386648323,5.143990459388115,-88.58321719644363,29.056365931218668,-18.586612624634437,170.1383569110724,121.36818927053996,11.106346138521339,-173.23066952633536,9.766777195673216e-16,-8.847141584924689e-16,1.2216185261394096e-16,43.98022257741752,42.15411333589464,-170.71962867493113,137.93941555179833,-8.069860395826225,174.9946255626945,1.1117690023757194e-15,-1.0776037709355228e-16,5.8835286351693134e-18,9.497773037566786,-30.46800078474029,108.2602221237557,17.587345263910443,-9.946916520017558,-145.6619777558348,-1.1495584868230488e-15,2.600607000989895e-15,2.7505802633546286e-16,-28.724118461085133,-3.8569652904420026,6.997542153301765,26.2082878775209,0.3612538159985036,172.52660057655444,5.2759653437122783e-17,-5.495840312504828e-15,1.4191838830163075e-16
208,176.41149153470366,38.010937600948814,0.36726694969989737,2.1745423660160452,31.967125213974043,85.89774356953394,160.5249511429524,6.31638261710555,-88.64976106354426,31.3461868481366,-18.71989105477741,170.86166945321366,124.26927553326509,10.23373112192417,-173.99730309227172,-7.098900371079351e-16,-1.8593041997371032e-16,-7.603372793616885e-16,44.12822196325868,42.82341704625214,-170.49423346525253,138.90529933382325,-8.430273404532768,174.96764143329216,-1.8846810835331576e-15,-2.3459776793105284e-15,8.546332411303472e-16,9.353536300172511,-31.10505579577965,107.68439125981197,18.238432773436305,-9.051756952597932,-147.9527068441025,1.2648455158101273e-15,-4.957782721940304e-16,1.785878381595153e-15,-27.430594628039163,-3.206968388597017,6.151816651365783,27.08919145178321,0.05872420068643011,173.47964432224055,3.513459226899632e-16,-8.865169716411285e-15,1.3007529592766056e-16
209,176.08166959068822,38.1577541436078,0.9212135742581162,2.0679973663432105,31.684637914483186,86.06726084203834,163.8938799817932,3.2866095411797622,-91.24511500020704,33.150293654487704,-19.576647001630572,171.07793606619458,127.38055785236428,9.676417015065711,-174.66467047474262,-1.19647443531947e-16,1.5300160310874482e-15,-9.028941962366949e-16,44.014885304707995,42.8067986882627,-170.21541814896665,139.06791121562028,-8.895816490757694,174.78809451001757,3.25257632922163e-16,1.4869239879412235e-15,-3.7137348614500446e-16,9.047100917965945,-31.193589824084363,107.08895984136994,17.68291861013761,-9.035752718400907,-149.03717961507184,-3.1523407650233867e-15,3.019480529528544e-15,-1.5245829942250882e-15,-25.559121402203736,-1.9052991958069554,3.9768253927039106,32.22707815717761,-1.5946011290255884,166.48046612310517,-9.280374258716448e-16,4.12095762816738e-15,1.8068232051812038e-16
210,175.43405639396929,37.915313030078785,2.0226306375585645,2.321341026577105,32.21038210877746,85.65099252343873,164.96253514323888,1.775809084728152,-91.77215248645494,33.285334218045826,-19.09156323766029,171.54914744772248,129.11411928122234,7.658635327858646,-175.96714647381026,-3.1930704647600805e-15,-9.545641572386525e-16,-4.1015818584514675e-16,42.03978108811306,42.36540197364764,-169.2918762220668,137.92557034177298,-9.82612957916886,174.2461185009821,-1.8155990186520875e-15,4.157848926613477e-16,-2.9595312025037606e-16,8.312351212001477,-30.99535721438719,105.83944160322771,18.61790244948613,-8.225050128742229,-148.94663417295882,-6.744039507947293e-16,-1.0278232806101701e-15,-3.0436822406776316e-16,-23.36676729037814,-0.15874968337256826,0.36742793304385146,33.7574495506953,-2.9460728416917172,164.34151677547595,6.599547169973762e-16,2.4713381260748052e-15,-7.688938848044166e-16
211,175.66155591870643,37.84775936659649,2.0209189549200928,2.289177397160966,31.640665786208167,85.64235480794233,171.47041726736504,1.761305962584679,-91.13476816993237,32.95778672153657,-20.020408111312378,170.7963029869028,128.44236938058373,8.29861722459352,-175.63763376023502,2.719570778813105e-15,-1.9185637772143865e-15,-3.3845590027575666e-16,42.27893368728033,39.493704888722554,-169.6604738167829,136.707459278178,-7.719904931903835,175.38422293145422,3.627078138145586e-15,1.1258356786278813e-15,-1.3683052405436336e-15,8.336123301870812,-30.56691240755423,106.07341477500752,20.01278945154507,-7.114197764881554,-148.8149493612769,-1.6080111159945279e-15,2.8931363673277816e-15,-1.0682597035683573e-15,-23.376293056935218,-0.22863742233105508,0.5289338382818144,35.168163645479,-3.360058949749892,164.3164580463673,-1.2034883055134917e-16,-1.997208981954128e-15,1.1629935076917755e-16
212,175.99067590713065,37.97634731721633,1.839639094413002,2.2475866587247446,30.71133383660693,85.60549859027194,175.23432646862247,0.9012239791837091,-91.35687340701699,33.344548930137506,-21.192064954218033,170.05714009006778,128.68845377510388,9.21498836022468,-175.27377736715235,-3.241557611924465e-15,9.938218186140786e-16,1.9906173711162824e-15,42.64596462807076,36.07978823996045,-170.0620535067693,135.4678361754362,-4.721537047281568,177.1452866453042,-1.914228496140964e-15,-1.5977561707607314e-15,-1.5651315700143397e-15,8.430024220196993,-30.432919333621616,106.30866180395344,22.28135653919893,-5.63302175422768,-148.75272928166876,-1.282947625822542e-15,2.263992074173562e-16,-5.3423927081081395e-15,-20.775935927306584,1.6513194317229867,-4.3436917246153905,35.55537807589306,-4.7800288141803895,162.39797188909017,5.984093073470404e-16,-4.306668852445105e-15,1.7900566478323152e-16
213,176.42869444835236,38.09708324225622,1.4754804636819838,2.116195100831539,29.47643409419531,85.70546710514,177.94386261857898,1.0849577075850256,-91.08556574154605,34.04498712348592,-21.69896322378519,169.59568951978397,126.98554722900586,10.809651843816393,-174.16055123800217,-1.676438314202825e-15,-2.4944281528347122e-15,-8.017552759847673e-16,43.87916043857972,33.94481197187262,-170.56353221962968,134.9161594819875,-2.506881818233888,178.47097659343967,-3.0952177565450894e-16,4.0156073122634904e-16,-7.299842018150366e-16,8.628618072650374,-30.251928093523873,106.76243120956813,22.685011456993337,-4.940002790886441,-150.51956272863157,1.1543306853279057e-15,-2.0705003414716973e-15,6.387141011305493e-16,-21.22854660769563,1.0892808784682,-2.8017846998830724,36.592531369545185,-4.542705387051414,163.89262813141656,-3.948241312372039e-15,3.1626436413010247e-15,-1.04369086461045e-15
214,176.64314925754329,38.25643290185735,1.1090135544623887,1.9785424969027248,28.74528009704714,85.89131340122472,172.91881714446677,0.7292362966765938,-91.16221302404297,34.91327979963648,-22.086538294954714,169.48197706645735,127.91355943798453,11.312612506658212,-174.0789471712552,-9.686892526686063e-17,-1.6634871346582156e-15,9.08885828361402e-16,44.756261781408554,33.194941585011414,-170.82531385891414,135.45157191788962,-0.982170390277645,179.4133454033105,-5.498074922194002e-16,3.51069818720727e-15,1.5714129559380979e-15,8.857893217320655,-30.29464771831027,107.16792145943585,22.455362535690742,-4.91567525806968,-151.55654350832245,3.0782249729046368e-15,-2.4705686120001423e-15,-1.548529816476174e-15,-19.97169713418955,1.661449922741246,-4.561519080887883,36.48626178822551,-3.4900783743163784,168.3491936228873,3.5753652655700635e-16,-1.1284843248837514e-15,2.26865814030495e-16
215,176.6494488719515,38.02920724235792,1.1043575508021908,1.9876678172785223,29.05906884546823,85.91301884867373,171.35627086327764,0.5084964154575581,-90.67906044759877,34.39083458152017,-22.000555569921,169.4257700862457,126.46306782814592,11.582974930200601,-173.6207045865569,3.1716483636369127e-15,-2.384158024070847e-15,5.795032666181735e-16,44.57875545270047,33.640631004666155,-170.79815338355098,135.5151254938099,-1.4514460347491602,179.12901251369644,8.230239044507529e-16,2.0969825090927003e-15,-4.0087524571026565e-15,8.847364873066475,-30.278324108855045,107.15628072752357,21.263122997446807,-5.451767456409794,-152.07720921567858,-9.003844913455972e-16,1.3379842940616424e-15,5.472237258776811e-15,-21.97697349690251,1.0397194881211271,-2.5745011766820802,32.15780583767115,-0.34388960716816996,178.0812969114068,2.709254792219133e-16,-4.77779053549936e-15,2.024755065284466e-16
216,176.97150610417074,38.44585729588776,0.5538567418580197,1.8305577177751606,28.66964679409362,86.18875281708473,169.30050786867244,1.8211479253541185,-90.41300546651897,34.46476609707722,-22.04875488615177,169.2571931229003,127.7589336630184,11.797940726043347,-173.91742770016893,-2.7987982395010786e-15,2.8261281817046436e-15,1.4353733076524319e-15,45.65828212569485,33.051501369376446,-171.33100906276195,136.3092257834398,-0.04784327186978216,179.97165062671894,1.6168021108102226e-15,2.249007172075372e-15,-1.5599653967293961e-15,9.446921444854361,-30.36404157487971,108.21973833425498,20.156101163748485,-5.946099538480592,-153.03491454008602,6.25892100940698e-16,-3.2463319417798586e-16,-5.890931940403857e-16,-22.49593483705243,1.0144576428471088,-2.4479903188394827,30.5228567884563,-0.23868458471559234,178.30329963498727,-6.33073647518446e-16,3.768384358907705e-15,-1.0443609553219256e-15
217,176.7462821245528,38.583625680848336,0.9282707826922755,1.791851866714103,28.1966649054669,86.21200846367496,170.8916981419624,2.585677602480338,-90.51289483554677,35.32690549394534,-22.20048104081203,169.3656918726737,127.70857856748847,11.481392831359175,-173.9687486308079,5.63851002942476e-16,4.459405047988572e-16,7.155364439665172e-16,46.1764677703188,33.65839823318685,-171.2182308041771,136.1499624385025,-1.4019346272215965,179.15989420862132,-2.024688719222166e-15,-3.267692983646995e-15,2.7498643847904857e-16,9.31383338300953,-30.58315629784273,107.86634645815134,20.42804418574867,-6.13895477757527,-152.08158236534626,-5.833969580257382e-17,-1.116565718462937e-15,3.8096762791094745e-15,-22.315796405607063,0.8784157699537846,-2.139039968726436,32.32966011251497,-1.414040970745093,172.03109845788586,-3.8301153466443075e-17,1.2632187860671506e-15,3.6387061102682974e-16
218,176.62242555678063,38.95417167426877,1.1254113482186612,1.762965450493465,27.224759600873433,86.15095797837392,171.76346289785513,2.1612588568338285,-91.31982446212339,36.30041396801228,-21.8822674638914,169.50826304778047,128.39758629817857,11.246699387238595,-174.2727449124768,1.806652207420951e-15,6.661170140159879e-16,-6.768515694683614e-16,46.98951032810161,33.40778580165561,-171.1832289283489,135.83847377613165,-1.5998449284862517,179.03592634441114,-1.426017391226243e-15,2.3327166225538587e-15,-3.081054743501002e-17,9.252598102765528,-30.600509526758316,107.7458138894898,22.653818190783294,-5.129462702589506,-151.05962114075024,-5.881819651318483e-16,-1.2728522079738963e-15,-8.941450970847705e-16,-20.904719485116836,1.0745610628213487,-2.810879734200191,35.98789467722456,-3.6930199224927307,166.53491974496401,-2.064049310186608e-15,4.224920264001179e-15,2.853689317214644e-15
219,176.51318852082017,38.828403937551435,1.3100820573003196,1.7854990995319637,27.4736080847949,86.13437698756512,170.34983655707887,-0.31826062958165074,-92.53966997507192,35.6488455407048,-21.462673865942104,169.51767094872176,127.11180176782109,10.901182500698138,-174.24447770259914,2.812658166197749e-15,-7.872872854937398e-16,1.1440651981056031e-15,46.4309214016785,33.36036424925177,-171.0148531191289,135.133347586252,-2.2303621016191233,178.6326617539728,8.960729061950916e-16,-7.863106227584236e-16,-6.27883460685135e-16,8.937068580165597,-30.18958431164482,107.36586665090317,26.773049061551976,-2.8952907109338684,-147.8321721175871,3.0976535927412924e-16,-3.0651553090170964e-16,-4.301086476558149e-15,-18.848239597775436,2.019301257035501,-5.893233492629655,36.69950116113698,-5.309107373190202,163.87505765895182,8.293352921536862e-16,-2.1258460958669695e-15,-2.235633840684778e-15
220,176.1872010698208,38.90227067379451,1.8656589068693432,2.0337740007002956,27.26951768536295,85.56815293042769,172.4216730056313,0.04352705662406331,-92.6378050973306,36.28116098542805,-20.198467090375942,170.2829039196536,127.20838635477436,9.839352837151074,-174.7762557231951,2.486213731217713e-15,-4.48213545973388e-16,-1.1401830869341382e-15,45.902727286762946,33.61652638340186,-170.5354481553834,134.62507011231992,-2.7890417142213826,178.2932549400869,-1.2277147508691976e-15,1.2105034353965914e-15,-2.324626600017808e-15,8.737797517350561,-30.04214320464796,107.06661105942743,26.38896877739444,-2.7607506999404214,-150.0777981655226,-2.573572674363983e-15,4.681531136286439e-16,-3.151245517008793e-16,-19.068723336380145,1.9893924750761978,-5.734796983433233,36.8839197687729,-4.821292446421063,165.25893764385992,1.1403323626035306e-15,-1.3107828934367016e-15,-1.7703695911705072e-15
221,176.53298420637233,38.63939153979486,1.3004767084036357,1.9384937690922588,27.81775468852004,85.85170983235398,171.32742875722997,1.6493728208669183,-91.69060143502023,35.356715565128475,-20.498871045075727,169.98411573173968,126.62985471410647,10.770877743149716,-174.2247167587791,-1.3595872089651862e-15,9.367908315929476e-16,-4.827906853679706e-16,45.84820153769392,33.41020999122772,-170.86934263437504,134.84834613428305,-2.142740517888841,178.68101867884326,-1.3973271901766586e-15,4.792382213125728e-16,-3.4104043976415094e-15,8.906949603592595,-29.737926121492468,107.53375236070123,24.654910738011313,-3.408538471114633,-151.58446705682618,6.63734476841755e-16,3.3121358646808977e-16,2.636577058249261e-16,-19.505508781529425,1.7869067181449634,-5.030741805416684,37.07704568598628,-5.95917154271272,161.76740071882986,9.912937121367902e-16,1.2611410164070153e-15,-1.0259916447624113e-15
