frame,hips_pitch,hips_roll,hips_yaw,neck_pitch,neck_roll,neck_yaw,head_pitch,head_roll,head_yaw,L_shoulder_pitch,L_shoulder_roll,L_shoulder_yaw,L_elbow_pitch,L_elbow_roll,L_elbow_yaw,L_wrist_pitch,L_wrist_roll,L_wrist_yaw,R_shoulder_pitch,R_shoulder_roll,R_shoulder_yaw,R_elbow_pitch,R_elbow_roll,R_elbow_yaw,R_wrist_pitch,R_wrist_roll,R_wrist_yaw,L_hip_pitch,L_hip_roll,L_hip_yaw,L_knee_pitch,L_knee_roll,L_knee_yaw,L_ankle_pitch,L_ankle_roll,L_ankle_yaw,R_hip_pitch,R_hip_roll,R_hip_yaw,R_knee_pitch,R_knee_roll,R_knee_yaw,R_ankle_pitch,R_ankle_roll,R_ankle_yaw
0,7.245079259543472,-71.92503453093583,-167.92788985589993,5.977495969908993,162.8634164532587,-18.661773026411662,0.1401938535093179,-150.84034897260418,40.54340434921811,-50.77079131711983,127.1159191725839,10.814802701222959,-28.4562626592444,44.333778617389044,30.936028482090524,1.6371814272884074e-15,-3.6083711150362994e-17,2.9301839307495365e-15,-1.2966358060922296,4.663877454248559,-35.06608162437948,6.768824616596418,-4.671970898001966,-39.70824928686243,3.4536157880028314e-16,-4.1331883387776346e-16,-1.0975258595591004e-15,5.6692503093422,159.6408601426119,-14.906862437741768,-1.6143436024705675,174.518910894215,0.4361702847881657,1.465373187180029e-16,-4.783045570327032e-16,-1.5542656660087453e-15,-13.378115362133691,10.6692994729871,-50.84596184904899,1.5975766036620598,178.94009988646465,-4.3307556443465955,2.8650053852370302e-15,-1.5582387825500253e-15,-1.7843435862112847e-15
1,8.660496874338472,-77.72278449314396,-155.66774839933277,0.4157416808564005,167.1167498397921,-1.8170397999366061,-31.018826825843796,-75.97450134116467,-151.51313545302412,-49.89612691815349,82.49018600578464,-7.6217302270885,25.142799844936967,-7.550599989143548,-22.534192803538765,2.8029985024821017e-16,9.92658278575361e-16,-1.4444003803750904e-15,-1.1676929903616302,6.476730074089324,-12.040728996574458,-2.6375639635493315,3.2439627200890526,-28.83076353646821,3.1448969037865356e-15,9.425836144124247e-17,2.478567353580345e-15,-34.76917668399116,-67.85237966281491,13.067838479579176,31.730561214476598,-161.69419007595096,20.975820505476733,-1.9526484724573204e-16,3.469722313603618e-15,-2.7874136454793685e-15,0.194243798974426,-0.8615101752829388,-12.705005331446845,0.9369276055092866,174.80940533807993,2.502338305420677,7.049033764540157e-16,5.091753990228561e-16,5.215443241404998e-16
2,10.953112033204588,-74.29113865041514,-155.12963567112263,0.6807182011396486,160.84033605877983,-1.958387244093915,-30.92670557006968,-74.11558924243175,-150.04880224667525,-50.13124823746074,79.83772002345381,-9.906635080731935,42.38194246140626,-18.114064023074707,-13.53662157202018,1.928701904845954e-15,-3.583184256219377e-15,-1.8829324834895293e-15,-2.650595538720046,9.505853293059674,-17.512184640810695,-2.731727345268475,3.207039244496537,-24.724459069296003,9.229128708072717e-16,-9.889030952006324e-16,-1.071816694192175e-15,-34.67329569117018,-69.35210299496698,12.099757029046742,28.3388680848026,-158.79539820817695,14.267563288172735,8.5018468947743e-16,1.7274717340694644e-16,-2.1656582728353704e-17,1.1996002113808975,-6.644505628017086,-10.188265721473655,0.6406544512228619,175.6015679791529,1.9869839239151654,6.0893992048301e-17,1.5806180407928521e-15,1.8186760215678e-15
3,16.86052027896984,-64.31796973164211,-156.5664190908249,1.514629455773376,144.8363526596933,-2.1487605339207256,-31.093910931001815,-78.59909624483683,-155.0932738289018,-53.41213215030892,90.68512059214666,-2.0786030673119207,52.50676692164584,-23.843849742016136,-7.466490936220558,1.4937357031103522e-15,2.836407921960142e-15,-1.5998184744521971e-15,-9.033545290773302,14.735342008997767,-33.46577119112334,-1.1750018436909382,1.3554185380853683,-8.906985010839414,1.0415021137746293e-15,-1.586851952811133e-15,-7.472280966586935e-16,-38.002776720795595,-87.06114514074184,1.8104376958304824,30.061627204782425,-157.26868293514445,12.053369308032451,-7.948058215606177e-16,2.47326636133751e-15,2.568122271615949e-16,1.1719302064952841,-16.145053098609587,-4.04129968552898,0.17874735432769426,175.44347362092785,1.9657627430450748,-1.2691906976587753e-15,-1.4535093232301026e-15,3.159669809186619e-16
4,16.96965102919359,-64.1338434471875,-156.45927367847997,1.5475656030705691,144.46463623841575,-2.1654817296647857,-30.684849217182165,-77.19107354937697,-153.52737572851774,-53.29746489494282,91.48401170941857,-1.4715147774442077,59.440283567256984,-45.29479496773007,12.866249519015442,-8.722663996794247e-16,1.3440728141888954e-15,-1.3226532751055264e-15,-9.310682129093516,14.903639367229378,-33.956326014903155,-1.6082231807123148,1.6616680779119621,-11.536458682873572,-3.711810958961923e-15,3.780906489536369e-16,-3.312187970308287e-15,-39.17346746884072,-90.99696006334885,-0.6297883342772637,30.0237467456673,-156.4017510509335,9.698755224625586,2.18690489211434e-16,-7.266992615792973e-16,-1.0893012828783516e-15,1.171440843187606,-16.030354804412337,-4.0700025662391575,0.1789833589020367,175.23227914572388,2.090011818594573,3.3088474494091426e-15,-1.3334674579673827e-15,-4.564309498916305e-16
5,14.625807524122612,3.552652423881213,173.86609598377797,42.892029594975035,65.94265647861565,16.901281694239763,-12.09975532242006,-102.07162440249944,164.13486966006545,-80.87051759515451,89.23061882855696,-46.25292271342693,47.761255193429946,-112.98463499534874,98.30495714706288,-2.66216185886937e-15,-8.621420813785265e-16,-3.2214039424504583e-15,39.05850794627852,-135.51969951322837,-12.807048786030638,-27.455262238290317,138.2015848280913,76.47102046084385,1.6493427347049575e-15,-5.88932346757157e-16,2.9312059783807084e-16,-5.002555533664143,-157.4836930557664,-11.879011408689706,12.266632614024845,-162.89369938626547,21.743684606875554,-4.840142843031864e-16,4.727357875543792e-15,3.2717592074634314e-16,-1.9908741324651336,-70.41766061098161,0.7080484453185476,-0.23847628996832052,172.70849690072177,-0.24985687558708133,-6.406366134801139e-16,-1.2484974392272943e-15,-1.0275646395948937e-15
6,15.019781966214957,2.7442072961260684,174.03467033026726,42.25587734166866,67.65579018135824,15.450543094567292,-11.907529388493856,-101.91790284805295,164.2061981581637,-77.94018322477683,130.39022143723625,-4.727395402865873,42.17629947175716,-117.99544600225462,100.40051254004453,1.7088352770468468e-15,1.944671453513211e-15,-3.861723511149478e-16,39.053637861863876,-135.93669464824626,-11.423889138786025,-26.354762479231486,138.9194348537954,76.38446730795103,-1.2024510106605918e-15,-1.9124946179085154e-16,-1.5579969680957342e-15,-5.3194107046950565,-157.60156461280624,-12.677312865690302,12.155134515670822,-162.6902685046997,20.312672057242683,-1.0744907193376819e-16,2.304399842741243e-15,-7.326322041236217e-16,-5.287374369354834,-57.48909429120519,3.3612019711146957,-1.581536472007123,170.51752309758135,3.1199543508334115,2.9615294105959255e-16,-2.1565646212430367e-17,-9.682618406878385e-16
7,16.60639566345836,0.3369254209587145,174.5809478279815,39.70366938555419,72.92985589015142,11.098304837972686,-12.275515393120157,-100.34711176621832,169.4529062803332,-75.39692494937046,138.59529773165576,6.682993128096011,40.47070528886678,-121.52122818711872,101.92947050487084,-4.275029694580985e-15,5.817388777827044e-16,1.0516369812209337e-16,38.77582500063257,-137.54097055444677,-6.587876671549437,-24.258095601885643,140.8258114682838,76.71631837098413,2.7854812594547376e-16,-1.2667644794559656e-16,4.012815562264271e-16,-5.8844308271034125,-156.9285636422819,-13.533241285807199,13.629342359284234,-160.82849817027775,19.392208100710693,-8.146837806883245e-16,-2.4063415162283433e-15,-3.435590488402907e-15,1.6955862591798565,5.457580193457165,17.207712611298394,13.609068074029203,-105.4850404816125,-13.558860586845801,7.011900882601142e-16,1.4842794717398797e-16,2.7965958842649813e-15
8,17.22712641737745,-1.1990509475400706,174.99920990451804,38.56326738924523,75.36228682728645,9.24753362097487,-12.610207656230402,-100.20634539742146,170.18143692744326,-77.14541766299168,130.01962890581748,-0.18288528609461682,43.43536396658034,-121.31166615446095,102.78285036886435,-2.2001350874745537e-16,1.0264394687455067e-15,-2.454208616772336e-16,40.314864912798186,-137.56858933031924,-4.198571972784765,-25.077322027251302,140.22207848056178,78.49039868511889,8.79585339188521e-17,-9.574696731888796e-17,7.373648822958087e-16,-5.867542745606417,-158.07024324644402,-14.247519975183915,14.708540056379947,-160.43695894120356,20.16045460863203,-1.1279995368089354e-15,-4.3089900694423225e-16,1.8072517787647846e-15,-5.225240937191593,-20.584258005503802,13.630744360034777,27.811690371560175,-109.04509723700308,-5.4305840550690885,-2.580979196272328e-15,1.3537207049118335e-15,1.5314022110233652e-15
9,17.514560452920705,-1.7471269061247723,175.1745507418385,38.19802524399596,75.89310784290835,8.833432817673335,-13.350551208816057,-99.77945721431024,172.88608100224653,-79.86741300888579,108.13073758837554,-21.18754034335742,46.459516336616424,-116.32604804064832,100.0923184158017,-3.8688892664944594e-16,3.885792088299589e-16,-1.0971572078051343e-15,42.011530029056516,-137.01591290584244,-3.3709145881241347,-25.99446515761972,139.11541691836763,79.72833787823771,-6.011541732956834e-16,-3.6263588455398746e-17,-2.819968964194237e-15,-5.8738992594281685,-157.97739676825793,-14.198523032898477,15.70007528835817,-159.986750728117,21.267581656170975,2.2453738303311265e-15,1.8290306381081604e-15,3.0045035965941975e-15,-6.925076235144507,-39.444512260359495,8.337552334456975,7.731998221050963,-166.28057908225944,18.036036086069057,2.9936052467299507e-16,1.7263021612347425e-15,1.850013212811809e-15
10,16.431585841273925,-0.4696162628797172,174.80904696002892,40.43994122821093,73.1392169841099,11.121960397042741,-12.325141380002906,-98.5691613082815,174.51382441645242,-74.72940395577461,39.098931406527356,-91.57629875920043,50.23589249225423,-95.13243802941057,84.18005726846974,1.968742250781527e-15,-2.529336567009819e-15,3.118527716820816e-15,51.83385940620642,-128.8938820245307,-9.301298526232747,-34.03444494896394,127.10755381383888,81.49296533494682,7.276787060261853e-16,8.126883603115598e-16,-2.8569754510156484e-16,-5.5276381126755485,-157.99523022415053,-13.406735087220643,16.050715789442595,-158.91548738107747,21.162550273659267,1.473552052744912e-15,-6.1460498216218166e-15,2.404429054492848e-15,-6.958156667822783,-41.11603693181948,7.90171924866133,1.4647715694502226,-176.8901495495933,14.682755647991007,7.103143056534888e-16,4.1964467952508044e-16,-1.7073271713921803e-16
11,16.395550345524374,-1.1065113350239044,174.9746945401722,40.940076597442506,73.58402375890634,10.926801645408721,-11.419247927693018,-97.2337772452328,176.92635747896492,-72.38791437215409,34.28032916429267,-96.55222510048473,51.26322719525314,-91.3331290749031,80.90249106361401,1.7300863595995694e-15,-8.270468548738442e-16,-3.1468388775698547e-15,64.93142707845097,-99.93310248112394,-33.11000423060505,-47.16100586821478,98.55722032207863,71.55827626319741,8.501209604243821e-16,5.79554708849477e-16,-7.108434314592063e-16,-6.047686840590144,-156.29464223552395,-13.492865495622086,15.634727690629921,-159.31561985548788,20.756359787118583,-5.182485813749269e-16,-5.966441693685261e-15,1.394389570769166e-16,-5.629544433453425,-23.44881567961039,12.743508599370871,27.295712028423885,-103.1413912735172,-7.801644833454893,-2.2815561913946807e-16,-1.076182556655899e-15,-2.277826097043821e-15
12,16.52170833309576,-1.6627385085548325,175.12322947234608,40.72298468589524,74.36952653917055,10.344217453147033,-11.107673626382313,-96.57574181723808,178.6621760074694,-64.55990036146832,23.903181392906017,-105.65163087041132,53.491733402575676,-79.80943728851173,70.86873515043845,-1.5316191061164134e-16,-1.0451219720908016e-16,6.406346111308396e-15,59.17617724435295,-41.45229974677785,-85.98760596621945,-45.586889491846975,42.927641239518415,30.923464524761606,-2.5647557965249863e-15,-6.15225051915119e-16,-5.338903796336313e-16,-5.5121705426348955,-158.43634561620976,-13.661563501231194,15.468640035527422,-160.48623094844902,22.25284731486228,-1.0719973121683781e-16,5.620783275060364e-15,8.124404820138166e-16,2.0923188102023493,6.828411089534439,16.956141518207982,14.408549296324358,-107.43325900880481,-12.613047044887212,-9.116531961962848e-17,9.411901109260748e-16,4.547193525038108e-16
13,17.813367588087836,-4.505172295673458,175.98601873915925,38.23442585528661,78.58530619702451,7.122385564918037,-12.10254066592909,-96.59328580991391,179.57741084370755,-69.62582366663915,31.062800951073484,-96.0692702474924,56.104936288601365,-90.78925682364869,79.80731083470218,2.4051221957654194e-15,-1.910058553713502e-15,8.785639792944932e-16,53.47480651761861,-30.23675948215661,-92.83756026684934,-40.793126772460084,32.32877314396295,23.635058768013064,-7.7177817343348625e-16,-1.0289155233736438e-16,-7.766070055297148e-16,-6.432509845314395,-156.15732487521353,-14.224868491193803,15.12679531860178,-161.27807302443108,22.011664377636627,-4.378931622769362e-17,-1.9639300836923734e-15,1.8345505764843677e-15,2.6523945400284683,9.217852344097734,15.915852869061895,11.596521401050355,-104.81242599171132,-13.086847877619263,-1.834421709500823e-16,-1.3984113220333654e-15,4.981443497971085e-16
14,18.386132326520087,-6.465578390901158,176.61022842591348,36.767310434287936,81.316729743962,5.223159932477565,-11.84538839933355,-96.01564489550606,-179.726744979742,-70.4619264609744,34.013273800588735,-91.47892689071973,57.33854947295614,-93.64041916874261,81.83831754453352,9.75663246986396e-16,-1.4605210379053596e-16,8.482763590995051e-16,49.747402479855026,-25.344920674828774,-95.26006700356044,-38.09452999275162,28.52057163459991,21.452237735909602,3.049881321742875e-15,-2.7544991979110323e-15,4.804354620547012e-17,-6.967684896234785,-154.86780339934123,-14.498503954543908,15.82554935442797,-160.67779217354382,21.82120920673578,6.923855159383853e-16,3.768172795708393e-15,-5.129417268737445e-16,-2.5183574227196246,-9.82469422758983,14.237229591857501,16.00125466742773,-90.85373590266451,-14.218354704892496,1.0551210341764924e-15,3.5008958096952257e-15,2.458712187478485e-15
15,19.0465629087242,-8.061931016274633,177.17542498849434,35.60868772604975,83.29902079308356,3.913410127400128,-11.401849682889994,-95.69747424820343,179.60707968774224,-75.48148400550433,50.43636909945263,-74.44832531561534,57.104549705331394,-106.03570167005797,92.27805352255974,-2.442502435075529e-15,1.0770611269454901e-15,2.8029002239685488e-15,46.79861053083969,-22.091321523789414,-96.68569058056208,-35.93195670824768,25.295801351558612,19.394410481917546,2.9384093982056997e-16,-1.39628416512693e-15,1.934262088325282e-15,-8.568023728612943,-150.39289749082545,-14.691295397337523,16.196738698835297,-159.84344190256152,20.27180005790474,2.7455976414110303e-15,2.0882140005517417e-15,-3.101284684121413e-15,-4.654950212683709,-21.1322797820383,11.85788332162536,23.235686076960967,-94.02793162859707,-11.13535748594594,4.770731751798376e-16,1.8492503661441076e-15,-1.262647196237189e-15
16,19.203406320355885,-8.445677982286298,177.31676121731297,35.273381548919,83.85412516154153,3.558203486152776,-11.959996222950286,-96.26541225910995,178.17008010969903,-74.47145781079351,46.331342016825104,-78.03491060807511,57.39128529598822,-103.02344984751826,89.66093020764534,2.1281561775907886e-15,2.451881488278531e-16,9.331403678622855e-16,45.30798385620004,-20.870275921493654,-97.22368102091019,-34.51725715227869,23.40822475885465,17.96418692040825,3.6337740733282945e-16,-1.8429781254705446e-15,-6.016923641866785e-16,-9.215459291815186,-149.4873932644879,-15.20244486275902,17.1615857705633,-158.633725082248,19.303712505726065,7.448044823127485e-16,5.353512183011892e-15,-2.4998015986128475e-15,-4.438891590464046,-19.989073866994822,12.01166922231226,23.466079058055104,-95.08360047855503,-10.765507534996582,-2.794614259397605e-15,-6.372278421066314e-16,-2.258756013044891e-15
17,19.546748503919734,-8.561500162036461,177.40212980569063,34.92512081551638,84.01973697296214,3.432109342182688,-12.775944753862078,-96.66901983676026,178.25535763489958,-73.78469185275675,43.89041575538798,-80.01895771482373,58.44525611354042,-103.21718519036459,89.91847574255223,-2.0169732166645465e-15,1.211379059617592e-15,-4.619293688318622e-15,44.4655323426364,-20.295047380080035,-97.24055904980843,-33.85893641299332,21.95968185258217,16.430415484489274,-1.0028744620847322e-16,1.1499671752246989e-15,4.1186982087814375e-16,-9.468479125312948,-148.72119716583342,-15.151690509292266,17.167546324122664,-158.08872683107492,18.4645385973871,4.917743197408217e-16,-1.3126076421912583e-15,-2.3135322178487076e-15,-5.0576472574349705,-23.594382571867644,11.411246001370797,27.522934622628412,-108.06914620588263,-3.8947050368901275,-1.3003253452572527e-15,2.1888885332330697e-15,6.399165600417457e-16
18,19.38878111134021,-8.74078105394681,177.43641019799813,34.936595326372704,84.36426260359976,3.234424275213122,-14.933441617059731,-97.81601585855294,177.84252462539547,-71.48624578932649,37.54292089648167,-86.04360885504323,59.59265149588916,-99.45127611190425,86.6372662962496,-1.8660301904615196e-15,-3.268652183974243e-16,2.5329037374079694e-15,42.8878182311635,-19.506630496218737,-97.56908737212443,-32.641429407293934,20.751715239595796,15.314064256862668,-1.6995305635955465e-15,-1.5824850828137285e-15,7.632996766175216e-16,-9.692964399824948,-148.5596030705401,-15.397279553787925,17.07284908925361,-158.40554322037357,18.43377181640367,-1.4991032457669837e-15,-1.041378512674361e-15,-2.0968926971692886e-15,-2.8081273853482087,-11.572466428540839,13.455169594309531,18.397921521439166,-92.6419898058575,-12.905400386365125,4.497484318363461e-16,-4.6505539483065545e-15,-2.904307947944212e-15
19,19.492619319110506,-8.840087785296776,177.4832233786311,34.6453331883607,84.49132676043757,3.1381956427598325,-14.46669990612925,-96.61808140782702,-178.9993241357754,-71.91381909112076,38.63041528614159,-84.71580072732735,59.531388306125876,-100.40727518787831,87.47166909208217,5.575731037734493e-16,-7.014620740797451e-17,-1.4650238981407964e-15,42.417494028754845,-19.299023023661942,-97.33374561870164,-32.9375188532478,21.072752650400695,15.438032293940271,2.983328980127686e-16,4.652019128189925e-16,-9.954003682659052e-17,-9.42953623283735,-150.39087035865,-16.081951251335806,16.74186381369065,-160.31636713515223,20.263222384330206,2.3660155526884992e-15,-3.077890414074088e-15,2.562129583751177e-16,-2.9993863364423428,-12.054905909064962,13.767177554942405,21.738961551282813,-99.80014311081928,-10.42335997363743,1.7920493526248594e-15,-1.772243961810777e-15,3.2387612272661276e-15
20,19.427762191892693,-8.652344705492606,177.4139970237323,34.75664553366877,84.20508062375089,3.3112571136368905,-15.013999878255062,-97.73629936076027,178.53326419117246,-71.49603628051617,37.202043072106946,-86.21765135499011,59.33247141730824,-98.80697335988421,86.15129468144181,2.540909550361727e-15,1.8077206843109903e-16,-1.2672986263998358e-15,42.676116869756484,-19.386062229284814,-97.45986523997487,-32.650031583200985,21.002464834283415,15.63622893383272,-8.115528553449149e-16,3.008512508688635e-15,-1.3795484251428672e-15,-9.345423593878312,-150.527470803424,-16.031363814149152,16.101970455183338,-161.74201131301686,21.558906202559445,-1.1401859559343024e-15,3.055734579169383e-15,9.202738251570355e-16,3.3282571885314365,12.438342307588957,14.746653558586264,12.122706208062732,-108.55092391467373,-11.078210885974613,-5.440457415484099e-16,1.1730566142202374e-15,-1.858293466805878e-15
21,19.45338804398153,-8.46589623115948,177.358416033671,35.24307624758254,83.54246466288197,3.7368489910850298,-14.354988074189206,-96.90781598265049,-179.7218589927491,-72.19601179436087,38.70805087827805,-85.32806936110615,59.23337671265915,-99.93302167824471,87.2019055743981,4.250370213879532e-15,-2.0102463873697777e-15,4.656004358690548e-15,42.642215089266195,-19.23138072164496,-98.16794119727838,-32.49097346401261,21.01828125636701,15.895017732502465,-3.3710304496191744e-15,9.590468464725154e-16,-2.270545592885584e-15,-9.034043692684847,-150.99936841717533,-15.815652027787232,16.855644701979273,-160.0871317182629,20.51885334535555,1.1305871404355997e-15,-1.6063969815642135e-15,1.1435179416095725e-15,-2.279131444273758,-8.99031569982596,14.109522999179795,18.547255235944974,-98.63178595228058,-11.524252768157337,-9.38536178007617e-16,3.554783958412186e-16,-6.801683605464157e-16
22,19.387520102584435,-8.646573970503642,177.40635937400137,35.47602159574716,83.69202857332603,3.6707408910238484,-13.813252710108852,-96.70998834167091,179.74487194417696,-72.46657732473464,39.65263795222455,-84.64337721086468,59.16636538950047,-100.38441738963145,87.54360474549803,1.514202723645166e-15,1.6519543515889672e-15,-2.642401392123599e-15,43.56032563892919,-19.50771007999324,-98.43329492830557,-32.832981074145,21.522711732181428,16.68182129796945,-6.107523807499153e-16,1.418917479662435e-16,8.320065548490711e-16,-8.863305621828111,-151.09780341470938,-15.59366594174252,17.542813429979713,-158.40310576080194,19.4041775343143,-7.245114562857823e-16,-2.5071366249787676e-15,3.961008129532114e-15,-2.5834943336249356,-10.357607953514979,13.853994977550308,17.741176499384547,-93.9284270891601,-12.889421743478202,2.2607696786650135e-16,5.613243610961466e-16,2.978089636906198e-16
23,19.204680176239606,-8.63007238412723,177.37479001207808,35.94199478817057,83.56383475830062,3.7882505932830544,-15.612161401506148,-97.11059517627399,-179.03022615497815,-72.00648543841004,38.830564864149174,-85.87340486661893,59.65435753111026,-100.20119631466115,87.3162576028418,-2.8573808546047505e-15,-2.9440457151053206e-15,-5.832658171390594e-16,44.00006548402326,-19.854453899346183,-98.6481061771397,-33.567425548658065,22.52212504293338,17.491720332953413,1.1517253096957495e-15,2.2429878999391037e-15,4.720633542378187e-15,-8.981955694511035,-151.1499672364005,-15.822778765371535,18.767862333318067,-156.4928784753404,18.35231276529091,-1.600230375284307e-16,7.46674828871807e-16,-9.822409738929258e-16,-2.5473113630174558,-10.221188623496994,13.84670825092044,15.950020627603303,-88.81271410697848,-14.400869582357792,4.590295933626037e-16,2.8311206844937947e-15,4.4287061668739243e-16
24,18.995262156270595,-8.522529325462996,177.3112275074583,36.145289033673876,83.57242138184289,3.8016057217689525,-15.596689857419783,-98.26958043308169,177.5250143355053,-71.52962182641232,37.63326818841535,-87.20974784888467,59.62328402465327,-99.17303103087217,86.4033840951459,3.2615501995638793e-15,1.6375974478613329e-15,4.395911729447777e-15,45.62697326643626,-20.944417003654205,-98.15004935818232,-34.87987516995129,24.246502623466633,18.947960077328364,-2.7909412890520425e-15,2.8177507561771114e-15,-3.8329517197727593e-16,-8.481349202664344,-153.20424713267468,-16.27935297925232,18.372554112801442,-159.62543170715773,22.017724518191688,1.9469052859216573e-15,-9.502053757883745e-16,-1.5234425311146968e-15,-2.9407061247560566,-11.774310914689966,13.826947406916807,18.708372751329804,-90.95478831867163,-13.823964297489962,-1.984951936575897e-15,6.390186173162858e-16,-2.3655101987726366e-15
25,18.989838220182946,-8.2443881205334,177.22426361828815,36.21943596275783,83.29416330998328,3.9741468483038296,-17.28002332449872,-99.27803226812743,177.27023177390092,-71.34367455995213,36.901732885642744,-88.00989385313044,60.59731792456246,-101.69940467129112,88.766265368022,2.348975772755446e-15,2.5257949099102918e-15,7.401158277715747e-16,45.830849802817035,-21.274918475095607,-97.91174889564338,-34.890286059999994,23.928457023270198,18.38644616291891,9.99342081935703e-16,-1.4247932122371366e-15,8.631217777742657e-16,-8.694154630480378,-152.76480014753085,-16.36654113097302,17.6604123550384,-160.71468054014557,22.44924191167638,-9.47041348937022e-16,-5.430877696680151e-16,3.758454092227605e-16,-2.674638975946646,-10.509214698272787,14.119919498379224,17.05539546664489,-89.40176133526441,-14.541412418486978,-1.2010218271365884e-15,1.6004893528797784e-15,-2.0242105579222805e-15
26,19.060929756192714,-8.157815608668537,177.20714978327925,36.2797639953117,83.21552344507231,4.026793990108902,-16.775450479155133,-98.50511308484452,178.5967606267112,-71.40437394850633,36.65157094380869,-88.33839898917108,60.5924050117113,-102.2556423910954,89.35920994511714,-2.329686222753677e-15,-6.025221745190964e-16,1.1313644385506281e-15,44.901456011998654,-20.659770756277542,-98.36214348567651,-33.53352826632272,22.213055583190354,16.976524326836635,-1.4738047785708887e-15,-2.620418409571875e-15,-1.1490103276624196e-15,-8.282298444989598,-154.56963453497374,-16.85445356710864,16.799146842074467,-163.3791285036464,25.34805807980042,1.3856997171674362e-15,5.3130522783697655e-15,-1.9061041280613637e-15,-4.11735936652234,-17.141315832705875,13.104547686925853,25.28614136621247,-102.90797724178786,-8.134443442935622,3.458906936617189e-15,3.555155108646977e-15,-1.3422802716303975e-15
27,19.37224189728697,-8.270529830296441,177.28516418410112,35.894250312792394,83.41044992244115,3.874601729214262,-17.160941857535235,-98.34707274155795,179.57617210464844,-72.17363854422047,38.434017794216686,-86.26094430259474,60.71020495207442,-105.05588133895209,91.89905995035919,4.642285475291545e-15,5.6795552396745945e-15,-1.2704449779040114e-15,43.52572921537889,-19.868958086569958,-98.38674023661403,-31.994720342562744,19.74810281229549,14.431459035308956,1.97617438580373e-15,-1.2615697619782497e-15,2.1923259808989447e-15,-8.511832979407805,-153.18597008379334,-16.32209152518396,16.024037349451305,-163.06997402620297,23.84871939844854,3.2066828961294435e-15,-5.243967444809254e-16,1.6914506223769444e-15,-3.9139834067626302,-16.19096695251177,13.229252941090154,21.86456950506611,-94.8914880159557,-11.96071358408424,7.373369555026204e-16,4.1518249268960795e-18,2.748382306907496e-15
28,19.50981661770252,-8.371645729523497,177.33633629947786,35.739373104121405,83.48774029717386,3.8146241181895384,-16.509798485890506,-99.27901630425755,177.15749770216644,-71.95172487233873,37.96047781919603,-86.54480837354704,60.82586590026106,-104.63077800738182,91.50646860220928,3.8106792600640806e-16,-4.2154873042251775e-15,-7.395778036469035e-16,43.68736515053813,-19.78451342548085,-98.40565495960784,-32.39300318576705,20.32750674214193,15.151907368558279,1.3417999673639407e-15,3.231270888582005e-15,3.589850246952428e-15,-8.357367883246878,-152.33393371004203,-15.495708447520615,15.856888986900918,-162.44819082349449,23.265657719886516,7.853347140010601e-16,-3.79501008747584e-15,9.53706610857529e-16,-5.809274741706027,-29.949090000933438,9.963704328513327,22.301282901366246,-140.41219507217966,13.131983190218627,2.5650086103427444e-15,7.126784625670415e-16,-4.756892446625836e-16
29,19.288640890004505,-8.457277876923847,177.33243108919393,35.71341823385572,83.59463190632744,3.7493086144911483,-16.461856308568187,-99.40327190069672,176.87514897922532,-70.80447051838205,35.84780726171042,-88.46671795990922,61.134134793224206,-101.81348739009856,88.85578799105957,1.7550654317264359e-15,3.9462267619779767e-16,4.5096456990267486e-15,43.115898475686066,-19.50899999176575,-98.4826569542386,-32.28508491062873,20.6031837143202,15.509084398043663,2.1136062993073812e-16,1.4156561172598156e-15,-4.447588370134905e-16,-8.191053434217341,-152.9875328389541,-15.614156186779672,15.389301365159843,-162.47757698505987,22.462906001340293,9.141961465383877e-16,1.3888678722749727e-15,-2.1919170429167056e-15,-4.893722436127438,-22.890958099906697,11.422314250808604,26.82806002971869,-105.77453924099608,-5.148092660428916,6.638757852618236e-16,-2.925117589639404e-15,-1.013040569224513e-15
30,19.493933391207264,-8.314877755486796,177.2999841075984,35.05178934776065,83.77020094856572,3.5873487913612414,-15.61409004310465,-98.5522843187513,178.20834189062546,-70.87818154090304,36.77290322340605,-86.86741687245866,60.502453543612006,-101.23049565499105,88.07952173031089,-5.004048692863325e-16,-1.9364129143486124e-15,-1.8940417553113938e-15,43.91896531388791,-19.836429522392493,-97.7339725032661,-32.634656055360345,21.19872571411683,16.311694657434707,-1.4134342011612711e-15,1.1460939320704875e-16,-1.272859788320563e-15,-8.241994976080367,-152.78235389361015,-15.574547667270211,15.361058654790293,-162.38160975910228,22.259890790939984,9.503345376466117e-16,-3.8991305112007737e-16,-1.2066274486040713e-15,-1.8637741016335232,-7.338655416587355,14.172691797134393,19.973581107129593,-103.76598228929502,-9.508474079853002,-8.675746840384728e-16,-1.3307115829209863e-15,-8.146424304534707e-16
31,19.517825157415228,-8.34094692312083,177.2954968952372,34.976451131084126,83.90821951880893,3.500905256997145,-14.678382787757256,-96.50340380185513,-178.2485008526548,-71.32446272015946,38.87719303920015,-84.72949861083913,59.74359027541121,-100.78371102067798,87.36489579774775,-6.388068086963609e-15,-2.262815426483078e-16,-2.5424545386850916e-15,43.48939349822796,-19.582496635610955,-97.79463823657824,-32.061219798227114,20.686183355433155,15.966138844152557,2.961538927558536e-16,-3.130400981715086e-15,1.7326298028850856e-15,-8.896290299201027,-151.55327571322667,-15.931709178524645,15.281808818439945,-162.55398949919373,21.795026460394073,-2.052132778140583e-15,-1.944329589111574e-15,1.3679558273437367e-15,3.577608424355975,13.19752160771079,14.900971038600355,11.641947633479054,-107.46855830129847,-11.681336509918903,-8.361665855793745e-16,1.6664995406520518e-15,-3.700581137144767e-15
32,19.778903508651286,-8.445686770611836,177.36559900173208,34.642852741332334,83.98141536611939,3.429856843002549,-14.032075884121117,-96.14270731750807,-178.1068627842059,-71.98064235165572,40.542519560245715,-82.82027307526836,59.52223529701416,-101.85387013059692,88.31436795884953,8.323461187426584e-15,1.0839678557961748e-15,1.4404831922671059e-15,43.9489295348594,-19.6195979538327,-97.60461353503028,-31.95170670424385,20.141202973540537,15.519305587261453,-4.7465568567786685e-15,2.8119195674020224e-16,-5.362159636084587e-16,-8.973183630947755,-151.56633769094034,-16.069567808014465,16.295702082636986,-161.8857505851266,22.27431580223601,5.704070629075151e-16,-7.030659000673271e-16,-2.497817572682719e-15,-2.6630656632074827,-10.295402496266377,14.34769218621774,16.743093641599977,-90.94380488426636,-14.315727599697205,-3.022457747607253e-16,4.561826824879547e-15,-1.6722307261131295e-15
33,19.43977154417568,-8.581040325153921,177.3770410242615,35.08848131703176,83.99408581784557,3.4609296170609247,-15.880699190151002,-97.40339704599741,-179.79556849561956,-71.07565527011597,37.79197607373511,-85.89323698915096,60.45482519920112,-101.07137179658874,87.79566048445047,-2.0052916737124284e-16,-3.363304908708517e-16,-8.371961058984246e-15,44.14317145879558,-19.7318321757197,-97.98815464779119,-32.33681071333797,20.86960799165329,16.298721160260143,-2.1687543446694598e-15,2.101997912440576e-15,3.861415926222256e-16,-8.695390783340974,-153.58027980026048,-16.924467022848596,17.51664799979794,-161.1976522947489,22.50785073605263,4.316421456592918e-15,9.855813514685329e-16,-1.48868402014676e-15,-4.36829377923773,-18.544463240421344,12.79236280414154,19.099632286990776,-86.06012675847722,-14.79685149622844,3.6517865351984805e-15,2.7811396517211313e-15,4.789518543714556e-15
34,19.3740090316266,-8.577546462060232,177.36652247938625,35.53078624135712,83.91382556438003,3.5457511770440857,-17.81815627365445,-98.64490689392412,179.02538479669929,-70.86095281099779,37.342748641908635,-86.75919074567939,60.772754119935854,-101.5119851519865,88.19074153160419,4.111501095812389e-16,-1.4377978289209053e-15,1.979185688641081e-15,44.30647855197164,-19.944710206953474,-98.23163057100275,-32.11691645491081,20.104168830176334,15.283589418367415,-4.895580513523495e-16,-2.2838090743439725e-16,4.297731373987889e-15,-8.126254077506232,-154.38520571395253,-16.427360378763456,17.589205453183418,-160.81815222960918,22.701841365194152,-3.261316390118267e-16,9.684314752115531e-16,7.853510488802335e-16,-4.302366976927529,-18.219433727279004,12.839189063831776,21.17520503900423,-91.68389723270566,-12.920969503971417,-1.2035307099540941e-15,5.173731832822457e-16,-2.120935279991345e-15
35,19.38079141169824,-8.487291076113014,177.33891307180733,35.30317068002196,84.09789029051015,3.4188980047198894,-18.621403550951527,-100.21356675521211,175.99506731129753,-70.64630672740708,36.733530934317265,-87.1034276160694,60.92935406865885,-101.77169480310593,88.45868601409305,2.601971265452305e-15,-2.808714442448655e-15,-5.245372877251098e-15,45.10611765281433,-20.495341245696725,-97.62876004826266,-33.182809947243356,21.45558421576766,16.450820723316006,3.1458204568673626e-15,-2.2819433492953847e-15,2.088467229544254e-15,-8.627155143932924,-152.0464561118614,-15.78395607085062,16.71836017462962,-161.15798757143585,22.195536488629948,-2.6083334113216304e-15,1.3297014302330258e-15,-6.331678371842529e-16,-2.5881902156178405,-10.064433689453912,14.274617583226416,17.501969557870645,-92.84140957753793,-13.647400670985839,-4.0651769549415427e-16,4.0354643380690455e-15,-8.386647701442326e-16
36,19.408532259859573,-8.608446853191278,177.36515417378385,35.16512619734301,84.48798863062555,3.1811165671705264,-17.481469746288752,-100.20983540981382,175.2151284498269,-70.94110981204469,38.27637321075352,-85.433550297321,61.9226897018923,-107.76143506449351,93.70206737391025,3.618279928562187e-15,-1.2439348886344958e-15,1.0842595944273005e-15,44.165233139196076,-19.890063766165788,-97.84824174104033,-31.970751092143335,20.298912210400072,15.633262810865936,-8.990783642787219e-18,3.7850709405979065e-16,1.0125886357238982e-15,-8.815262499491222,-150.076140424508,-14.909216301098835,16.326295726103208,-159.98536144993858,20.388856007504508,-1.6142075877146085e-15,-5.507951811670811e-16,8.519648221036274e-16,-4.006767627347408,-16.165952232906427,13.552250850543565,19.72186881800942,-89.25069712579783,-14.374379553295128,3.3563088442715344e-15,-6.80058674939892e-16,3.3954520016565823e-15
37,19.551605619959012,-8.430744112389238,177.32888461129875,34.77180814271949,84.36682850781825,3.2196494746081954,-17.166270024559328,-100.58693499736928,174.17180894283916,-71.71398263448819,39.87027391691153,-83.56473088705597,61.414635716143465,-108.87822712686658,94.75304543547873,-7.734468781628567e-16,3.2923412015752617e-15,-1.5631755387480187e-15,45.112255595389634,-20.39221908532109,-97.21605166376953,-33.19025742063749,21.999973172469453,17.288322347654404,-2.2519317694714048e-15,1.87330669699213e-15,-4.085916652364006e-15,-8.684990242849004,-151.6095277191626,-15.609466724172242,16.356421620569265,-160.9748664020107,21.428086943795368,4.6811878200591546e-15,-1.966065975495169e-15,-2.3609562732865376e-15,-3.770687044645672,-15.530290671772883,13.314070255433839,16.759625323559128,-84.56534528816435,-15.399879740394503,1.5197764813682688e-15,-2.075764116709136e-15,2.2372173927622203e-15
38,19.504002589129122,-8.639625340493126,177.37256963119665,35.09016030050116,84.55382723346847,3.137137315674012,-15.625130752317606,-98.11244687124788,178.27885814600995,-72.98307817170276,44.75206210524966,-79.17781977733972,60.71465539512752,-111.72141696893158,97.0007607940903,-5.0310571235513e-15,2.6241051673807716e-15,-2.90678752500163e-15,44.626041484014934,-20.052506509478434,-97.75570268149143,-32.44815784327541,21.12331884897292,16.599422760800177,-2.2006844563418126e-15,-1.19398266095699e-15,4.0969628721098484e-15,-8.843113178568188,-150.95766128592663,-15.474882986737452,17.04363080053155,-158.8247723397215,19.342515539839738,3.7795151968031356e-16,-4.384381261869939e-15,2.962295569499073e-16,-1.9424318071940296,-7.618351738247369,14.220226085263091,13.406142824720497,-86.95648300345503,-15.055841825201556,-2.663878599746979e-16,1.5180203687918123e-15,-2.38994152859192e-15
39,19.53691075248861,-8.641397156080988,177.37786955505263,35.43076441066669,84.1758368046398,3.384113485832455,-13.365683263633187,-95.74509746369628,-178.57296798802562,-74.1544663779447,47.90567554431334,-76.56360991488329,60.64876452252965,-112.46041670338843,97.92246706371778,-5.2219430465041574e-15,3.3766292112249996e-15,5.032143919804339e-16,44.444133207230685,-19.896512403941966,-98.23742854672811,-32.40671202220649,20.970629379085597,16.434777494526248,-1.7780179868949727e-16,-1.2271677476760763e-16,-4.5725596144604866e-15,-8.84878503766322,-150.96893599324005,-15.491094037277742,16.53428185359852,-160.26061278756572,20.63184801274721,-9.19513007814388e-16,4.597380798815315e-16,3.897046089475928e-16,2.850477918097379,10.936800505786282,14.43203333986041,10.050169144248537,-101.75010015624919,-12.626131955518739,-4.870943458231733e-17,-5.395619064323193e-16,-1.7104908418213005e-15
40,19.337787783670503,-8.81624654984439,177.40449456458552,35.62818842790381,84.37054235851156,3.286272928457496,-11.55044551319783,-94.36397961152295,-176.53685731806064,-73.91230736329736,47.35160944339864,-77.26940823959741,61.178818571037034,-114.08624064988398,99.41176467420615,1.0636929222536926e-15,2.497327073393496e-15,-6.19462341646515e-16,43.69907974825588,-19.56158899661798,-98.54177382858883,-32.06061158217309,20.6981117137435,16.13351464827784,-1.6192046693420684e-15,-2.1744244090267215e-15,-5.696469096453255e-15,-9.687272511732477,-148.73392923967322,-15.489423771270603,16.228123517257337,-160.15559103945697,19.546372009737564,-1.1087731157862298e-15,2.0542433244791206e-17,2.821009095337641e-15,3.1434611437692075,12.005087063939571,14.459929609034164,10.90819878374482,-103.56278090393297,-12.176754912383307,-4.415420190377172e-16,-1.8848871076178245e-15,-1.4614466689346068e-15
41,19.509579324343107,-8.920625933003098,177.46310127432622,35.461694352718105,84.39938839895838,3.2561211649029813,-10.98046959477865,-94.25973346941437,-177.06338533331706,-74.84360290561538,51.32135487865354,-73.2843656706927,60.613325316304,-116.1946064716231,101.26205508936577,-1.9558930563520742e-15,-6.676959433231009e-16,3.2206303023869187e-15,43.45813103608589,-19.3847602651488,-98.49932689281668,-32.12999230858263,20.55406292495055,15.880734086988166,-1.756131305949314e-16,9.667379807116117e-16,1.6758709428670737e-15,-9.598060712209476,-149.75747399268118,-15.960083928918923,16.18783362463082,-160.45993206516582,19.591205512962077,-5.087057488123523e-16,3.3859398592204555e-15,-1.262011839720007e-15,-0.513425651150578,-1.9222382274768877,14.948927218307125,16.861967648614026,-98.06091168084373,-12.60510864050756,8.562351333778401e-16,4.508045843273284e-15,-6.264596814033284e-16
42,19.82160836617653,-8.663639471856605,177.42605688932093,35.06875265655364,84.29181473469436,3.2869724106293137,-11.270207909336603,-94.3557313850003,-176.69579046156903,-74.42466792503264,50.0395185715691,-74.11170488361496,59.48526285462503,-112.16405944418538,97.2780443154019,-3.52156289451799e-15,1.0123968860866762e-15,2.615093216521749e-16,44.35531525848623,-19.885039563886625,-97.84690341201895,-32.67179482826642,20.664069020426613,15.758713528585824,1.7640611604469e-15,1.1962982001215164e-15,1.3730806147781809e-15,-9.696776863385503,-149.35924183823326,-15.872803536118038,15.898620902709704,-160.77609630773657,19.617404373070663,1.6280416181407513e-15,-3.0122547350035904e-15,1.0765678507935959e-15,-3.5631507655672516,-14.422447064347894,13.58562298457303,21.932531978130672,-95.82016980679069,-11.856232499696867,-1.2733181527263545e-15,-1.7703510091164991e-15,-4.215905528372101e-15
43,19.88849813445094,-8.481173772222549,177.376324073394,35.15549214373682,84.05273128315356,3.4326606503766257,-11.760150725311004,-94.8275555673177,-177.66193084009052,-73.59355072220023,46.45845546557541,-77.65498599683352,59.703991171865404,-109.22408819525728,94.70835731014954,2.937695349129825e-15,3.700208089082754e-15,3.1335486753705615e-15,43.71595759040826,-19.526554319008355,-98.13586981132121,-31.442070380431566,19.270774275256343,14.563502002414358,-3.197172798766212e-16,-3.0529879418845752e-15,6.919371845277488e-16,-9.163783361627157,-150.98466692669953,-16.02016625655664,16.588407503311146,-160.09959751441457,19.865047683431865,1.262138339337238e-15,-7.505946066020521e-16,-8.784427763829735e-16,-3.820581450519621,-15.27892250510893,13.707870391961263,23.872175768198503,-102.17515384205858,-9.230383053308826,7.34042784741804e-16,-2.7061760464502766e-15,1.1876719279206669e-15
44,19.8187520784286,-8.382036058473771,177.3343687937076,35.49344524425462,83.84524548406601,3.582643260484572,-13.079054829513028,-95.52579783462122,-178.18374123503023,-72.67833727657532,43.349691770771585,-80.97176421866985,60.75686152259202,-109.5166231912377,95.10138069531227,-1.803743412876866e-15,-3.975637545946327e-15,-5.846176028465374e-15,43.56123040422903,-19.491651943957834,-98.46396219614448,-30.96269992091337,18.71413155054894,14.028603319697906,5.673484371601562e-16,-3.188035947984745e-15,-4.3116596426694355e-15,-9.0277595489681,-151.25030844117984,-15.961495602826558,15.0402198825284,-163.00390984338392,22.051027409718625,-2.2559508144200717e-16,7.630740520442136e-17,7.154852261503732e-16,-1.2052759932858275,-4.62055694975176,14.588484790427753,15.20286593714373,-95.2835588421419,-13.247896512740914,-4.250678251218126e-17,-4.034845174444272e-16,2.6002736892056325e-15
45,19.620768652664896,-8.529135806341083,177.37015659468892,36.05346379938364,83.59991034217501,3.7769725872534416,-15.02877812403524,-96.18975263437001,-177.7013677952658,-73.18492996469362,44.3006530001348,-80.6716718869183,60.29368132161899,-107.98384359427733,93.82732245808513,-1.9394594827796026e-17,-2.1744179589311364e-15,1.055517441953257e-15,43.41781861368492,-19.48299214090097,-98.98758085209899,-31.584426150263724,19.40512204223692,14.506891017113649,-1.011239623976075e-15,6.28387152026619e-16,-3.691098615605466e-15,-9.54594143052655,-150.64636585211167,-16.4293865491224,15.467104131357011,-162.45890003199978,21.219543577316873,-2.8003547011545537e-15,-1.6073142995532788e-15,1.2734229873825893e-16,2.6185827812642435,9.569638434095637,15.162478061483172,10.895160192993941,-101.83045871047221,-13.114455817177888,8.9084895986574e-16,1.1064728394762631e-15,2.057945527690135e-15
46,19.585540992658945,-8.501836466091685,177.37254033684195,36.11203866137869,83.41865337086146,3.889984620441665,-15.234447817389556,-96.31768804500274,-177.53050510451152,-73.28372536952375,43.59996502030156,-81.45621853369711,59.82887775071759,-105.68678275059622,91.94588372305763,-2.2774833699508495e-15,3.842779182953437e-15,-4.159895736901003e-15,43.7342972012419,-19.584814714591975,-99.0599667121176,-31.87835093052403,19.797414497527686,14.97096857671427,-1.540543606452122e-16,2.4415723803301307e-15,-5.0786898583419435e-15,-9.617174353128123,-149.13710544332477,-15.618589151763205,15.498939254408064,-162.1105869944343,21.340730211056904,1.24138182127017e-15,5.741711384846694e-16,4.8797895615853554e-17,-2.0037665291000426,-7.760380514581847,14.390062898331614,15.484686961227277,-91.15590390258704,-14.217340724407817,2.2079059037217301e-16,-6.487445784310031e-17,3.2386817703131514e-15
47,19.46901159569913,-8.474412986844886,177.36332675136123,35.99530513274475,83.40706585625051,3.8860155345647684,-15.323057562301425,-96.35603157463827,-176.01154437751566,-72.17246890868806,39.49908731786483,-85.28737777674989,59.50979112106115,-100.75268249567883,87.73302643513615,-1.5874926137212559e-15,4.4263973178291526e-15,-7.891151119729392e-17,42.880318800698824,-19.122425491072313,-99.17605151181978,-31.350955642363665,19.624768011137288,14.993367693202499,-1.504864493019757e-15,1.8894563012431737e-16,-2.963784279257027e-15,-9.20053503268615,-151.27254973098707,-16.262699934570275,17.07224142018483,-160.55664038730524,21.125019362406185,-4.53347442061769e-15,-5.8123926494621366e-15,5.362167729543029e-16,-5.215684589078546,-22.82578026700297,12.187693361953281,24.626780813965848,-95.0132752247764,-11.147802963782132,1.7553099684823473e-15,-2.594344897025085e-15,4.719732305503561e-15
48,19.43802468594753,-8.56676233353628,177.38828466163028,35.65415908770603,83.63597508909169,3.719631163902703,-13.943537499825961,-96.14531853903524,-175.76553157759943,-71.62906000453876,38.26570050355888,-86.09077386890796,60.194247589891454,-101.13300511031206,88.06841293051326,-1.313469916275805e-15,3.026377085542899e-15,-2.8861009971932083e-16,42.763985179313885,-18.96442302758994,-98.9779981378781,-31.739457301009406,20.591274569936147,16.17281332905587,9.140649200937534e-16,-1.079530064871723e-15,5.22303874100692e-15,-8.423290078029169,-153.15426108836826,-16.141340822404388,18.55233165913202,-159.38114397049173,22.063979608671993,-2.95257742480064e-15,6.098807384187051e-16,-2.0535620947773014e-16,-5.122082162388175,-23.306747739023603,11.707931107354831,25.84138217733085,-104.16923711036952,-6.485092571183513,-3.571230657173498e-15,-1.3766539859906005e-15,1.7274957640267475e-15
49,19.4164518180338,-8.66266978791498,177.41564453149078,35.563383652429096,83.76183626393862,3.6376450155725495,-13.828808790188448,-96.34677861934809,-175.36589620827957,-71.1379474105408,37.251836377333554,-86.93836258190298,60.459035199496455,-100.3476033535148,87.34217000612453,1.457318439441249e-15,-1.911842102192585e-15,1.3642988490040459e-15,42.42238201248775,-18.830046634042425,-98.90742571774605,-31.79496086875696,20.610718393881488,16.066492575701712,-1.0973429571640206e-15,5.562654194953333e-16,-2.86860903195536e-15,-7.921674251356974,-155.5522192330421,-16.8646051191105,18.674116780605722,-160.03663398302984,22.811306043333865,-2.1490136412387076e-15,-3.686523576230109e-15,-1.0317740294885869e-15,-2.1952580494977747,-8.379970016375909,14.575862180660053,15.967761950176829,-91.81888797645446,-14.236180596941844,-7.680327095830024e-16,-3.060960426496116e-15,5.045235374611915e-16
50,19.409209689085454,-8.658397916927854,177.4132374435145,35.64343084327922,83.72257566459164,3.6677901660013634,-12.895596553278342,-95.8293581098248,-176.19064534629882,-71.4499738713978,37.700452030171306,-86.61791830318079,60.22550759837619,-100.46222475152575,87.50924004743517,1.1060711823237793e-15,-3.3702329506589657e-15,-6.335396548984057e-15,43.194959268238804,-19.19669381250951,-98.84594463546661,-32.483243549483575,21.333137718948322,16.72419242436358,-1.8690182027082885e-16,1.0125619551844888e-15,1.290883353141992e-15,-8.268360396761773,-153.89480810196727,-16.356167379464246,18.652395253510097,-159.7920015748695,22.710731991833253,9.7992849653739e-16,-3.7204554448734625e-15,-1.6561471691976989e-15,0.6917618876630308,2.609107315129208,14.839219501109884,12.294383440467783,-96.8342595229246,-13.39309873052712,-2.139920524196825e-16,-7.49386268604921e-18,-1.6562029411150847e-15
51,19.279035174578066,-8.651440068852816,177.39223688038658,35.88912671049951,83.71240337345648,3.695640294398674,-13.218324596896469,-96.58821585947847,-178.4462965806819,-71.23298061650155,36.99373477767762,-87.54470008538844,59.97538809830215,-99.12575449112565,86.36253902497728,1.3398643235905147e-16,7.04856873434768e-16,2.4562697506132226e-15,42.35370437683007,-18.77065571449723,-99.28441721543801,-31.024985812553922,19.61215600684537,15.216158664331992,-1.6215212896416396e-15,1.0581354958964468e-15,4.760905586692814e-16,-8.69795120401033,-153.36298139241785,-16.77824698492282,17.81169930199014,-161.2474446208881,23.177473045373695,2.070370713834669e-16,1.6039759115712124e-15,1.2126443095189535e-15,1.1668129152151454,4.382303908649855,14.880649446843146,11.75768142725877,-96.64931550942802,-13.564484033233112,-7.662769806150963e-16,7.781887422225793e-16,-3.8679766133185185e-15
52,19.372842681932667,-8.653042878919212,177.40628832287402,35.53959679203368,83.80613283861291,3.6095885824919303,-13.937603195747341,-96.92034411432572,-179.90637361870415,-72.38630803216208,39.72094994430855,-84.61972422577966,59.810934205649666,-102.04982350271469,88.98539771201197,-3.3996218900308333e-15,4.09030231005934e-15,1.069272632065812e-15,43.14852881909693,-19.428630674459107,-98.41597993918337,-32.516876531222685,20.82013619667271,15.738425216651374,1.1321315044248642e-15,1.5809437097319719e-16,6.135937136335815e-16,-8.999451551045192,-151.0404774060869,-15.783950676047136,16.786759928989582,-161.29160637835196,22.34651424272564,1.7438205361224847e-15,2.9600125141332597e-15,3.1697018465227416e-15,0.8134409174832943,3.063900099674741,14.854537528361504,11.104424930452195,-94.76469479177375,-13.95658075866513,-8.275558029577135e-16,-1.0877890357197774e-15,-3.204976178908167e-15
53,19.572331617368956,-8.663783997432615,177.43851433976363,35.20177478507134,83.90126549582087,3.524547615230447,-14.536804303017014,-97.7255650367026,178.55452148566917,-73.09041586342654,41.57851219444721,-82.51653252214487,59.29525149068991,-102.999276800071,89.82035808644932,2.962384780843903e-15,-8.876491443588273e-16,-3.1101885474970004e-15,43.91910002832038,-19.806264444414616,-97.91632315103539,-33.243592053748365,21.356934264614498,16.114542898160483,2.533285235941753e-15,1.8140374416418135e-15,-1.3201091804608512e-15,-9.283252992925348,-150.10684395883322,-15.674840979992883,16.592388895572995,-160.29659705914105,20.41052089765269,1.3912308478402457e-16,9.432147303260129e-16,9.03714849400619e-16,0.09184038211070053,0.3348463067529831,15.337518014205736,11.749755907937757,-92.91839924632812,-14.74299749730323,-5.314174610628843e-16,-2.1841917688347018e-16,-2.6511134349612215e-15
54,19.840133423498663,-8.772771626956184,177.51253150082547,34.68850047914148,84.20280338227884,3.306896808773133,-16.106709317706546,-98.98225732639632,176.26943474059226,-73.23637395150097,42.00456018630592,-81.58183356980534,59.99983229931662,-105.78415626128107,92.35879088740927,3.7073913847117617e-16,5.527069644406004e-15,3.487569370520164e-15,44.63953218316108,-20.19391855275246,-97.19573220026477,-34.1195179099519,22.026631562758094,16.53313110882075,-1.3145354644957182e-15,8.801088750669893e-16,-1.028619491198178e-15,-9.597236399037968,-149.197659780273,-15.623724826078385,17.105538694822922,-159.13919546334387,19.38926424959774,2.250533804243808e-15,-2.3507402755391363e-15,-1.7431812539389643e-16,-3.7030041015736304,-14.297667333025823,14.220449830714994,17.04387809417671,-85.90986172342842,-15.885748536585911,-1.277982688339248e-15,2.1692540661862263e-15,-2.9437143211859497e-15
55,19.76490826670855,-8.765229253342486,177.49910891367733,35.05224330401171,84.0928366863832,3.400693409704855,-15.288782317529902,-99.12739151301578,174.67953452028078,-73.4263394682808,42.62088396973512,-81.36168743473591,59.82772093590467,-105.76869801579176,92.32492853499387,-1.746928208295477e-15,2.7248517509015554e-15,-1.1289590744320074e-15,45.024873313806694,-20.129674342666554,-97.80556483291629,-33.47850631805865,21.531433880017676,16.598520195666687,-2.428214952232867e-15,3.533385850899095e-17,-5.55610937812571e-16,-9.74719163956665,-149.24835393370523,-15.88376237321704,18.05920923722883,-158.2294770207737,19.24890201255404,-1.109567427665542e-15,4.185771880025701e-15,1.6160716717727278e-15,-4.419793040943411,-17.563306022390275,13.68388173274761,19.59752533611381,-86.17316056801751,-15.65224344369208,-1.5074971392776198e-15,2.0461740081069894e-15,-2.9311854283098393e-15
56,19.464333668685786,-8.564481505067919,177.39131553080526,35.41156914634593,83.79908113777296,3.6024361758548897,-15.569471521645282,-99.25821438904534,175.9417432665912,-72.35851613738879,39.7695506625373,-84.43846747476046,59.71669588322274,-102.000811472077,88.9026132063473,3.4926192215990168e-15,3.4287603513020028e-15,-8.161138083327801e-16,43.867314350036956,-19.701447989764407,-98.24431088433055,-32.45528208526936,20.710903684987436,15.839560007636681,-5.737489841305453e-16,9.90438264217551e-16,2.2539054995228575e-15,-9.148599219177303,-151.600175099436,-16.386408971488997,17.520447311828963,-159.77461327108793,20.546368944835095,5.606091293609112e-16,-5.4230274224075875e-15,-1.5521571056955127e-15,-1.521360021674133,-5.520076210025506,15.361300882757783,15.996441850452657,-92.42484893695053,-14.766045408169711,1.2538642879657214e-15,3.2265064186291557e-15,7.526715211424308e-15
57,19.349986759013927,-8.46419918856655,177.34327725829274,35.45753032184503,83.71909939582162,3.653252906019808,-15.65985325933365,-98.74644920412315,177.61976221806773,-71.99007413626379,39.03370268753897,-85.17210401741745,58.49442461665042,-98.15851000095981,85.39743381974266,-1.1031480055035729e-15,-8.691323361285324e-16,-4.495411158278093e-15,44.18504240733495,-20.22794877261833,-97.75591750594617,-33.338170657862015,21.352595174191162,15.8437970896918,3.400603026054331e-16,2.2058436406919302e-16,-1.3979363361182683e-16,-8.734041146914638,-153.2454789586332,-16.762403757658973,16.695599537176424,-161.2115473359086,21.336392097416,2.4770022713241056e-15,-2.7102765382064354e-15,1.4398359888456047e-15,2.611653191053596,9.161359342624225,15.777172186042502,11.310862417962392,-101.15807114463904,-13.771007444507081,-9.462328636525758e-17,-1.2282888768593032e-16,1.829163993146692e-15
58,19.624741939569237,-8.576254016082173,177.41798820447306,34.84714131862645,83.99801960955203,3.4379332930858455,-15.308733113891211,-98.47719475621341,179.14590561777422,-72.43553452130391,39.89042266417989,-83.75326630629517,59.713855613619764,-102.60499004041691,89.45399464965004,6.443173190925793e-16,-2.0160755528036036e-15,-6.816542066578636e-15,43.96301132011392,-19.938892778730416,-97.40487733838104,-33.34849674314659,21.365114355861053,15.962917873615817,2.363717313513842e-15,1.4611077520631493e-18,-6.24048975077246e-16,-8.015990389866065,-156.54558502009087,-17.81796958100613,16.526466275282473,-162.81950655145192,23.130871248156346,6.155867455000014e-16,-2.8103401057535272e-15,-3.1097452798676037e-15,3.638356412575236,12.909233396295818,15.475807686863638,10.183814556504482,-103.79900058420952,-13.401078114436196,-5.121799221958889e-16,-7.891316577272434e-16,-3.0885126286824702e-15
59,19.98940992408717,-8.596084876049089,177.47651120052475,34.39694103044619,84.14721533901775,3.314219575307677,-15.842018894877274,-98.99774456067523,177.3980656106478,-73.23617003701965,41.67266153020006,-81.6255394599123,59.833987931540236,-105.5595546959766,92.21024134373768,-2.9371219603946726e-15,-2.2335583298378198e-17,-3.604903056855679e-17,45.660341644205,-20.761544417778573,-96.6108385958555,-34.54909248497057,22.125711513830353,16.531787105760795,-2.4766308297148966e-15,9.430507322651808e-16,3.0242483924807747e-15,-8.25183023581396,-155.89447905143948,-17.784657380914613,17.834770854935773,-161.36132123190154,22.691328851267926,-2.8679201378082504e-16,1.530888747628643e-15,3.760557878228516e-15,1.8902813841254196,6.577218878158096,15.964917358989037,11.249377729039102,-98.71709444966376,-14.36028253491486,8.240949117071502e-16,1.266434083309088e-15,3.0526394471682228e-15
60,19.9347624367913,-8.4079952361618,177.4073869875691,34.756774358498966,83.81594481228328,3.5347548492238894,-15.047042968519866,-97.95236479021621,179.20749623414605,-72.89897565672078,40.20598701022436,-83.42582255096791,59.79174190303785,-104.11398342763714,91.02649793830948,-1.852534950356177e-15,4.741646898129301e-16,-6.7208558094381094e-15,46.33540058278368,-21.206447657649665,-96.70595151957285,-35.517001714171705,23.719920359550887,18.05402695860302,-2.607263582178846e-15,7.461485588170569e-16,6.610157981531514e-15,-8.492550896525357,-154.81323399786655,-17.43364366153492,17.78696128814629,-160.69580086505007,21.757618230343187,-3.7467000419084454e-16,3.346802437108254e-17,-3.621770316111159e-15,1.9837104748530143,6.873188612537372,16.02261588835136,11.527357153331803,-99.04385117839144,-14.319921738364334,-8.138729220011191e-16,1.160644831983755e-15,-3.742219476148692e-15
61,19.629663187272783,-8.203559109122311,177.29918238081598,35.119017996230305,83.79262999610144,3.580325504883009,-16.860340429380564,-99.24443177270774,177.79576208186126,-72.04001366896875,38.12130247361002,-85.75861709713313,57.91855671859362,-97.61928254536828,85.15074960507164,4.061026463909195e-15,5.180289227872194e-16,-3.2405769386619993e-15,45.25052522396234,-20.971090576982114,-96.9223032201144,-34.41153030377003,22.272021839115915,16.397650880645475,4.795849725301338e-16,2.0148131466152147e-15,2.0532932633339878e-15,-8.942317315224358,-152.51612932818185,-16.636295862653693,17.261616640679943,-159.98917117838343,20.345627980728764,-1.7728597271628959e-15,-2.6301848028016292e-15,1.663787617016387e-15,1.5864098186990727,5.464548157419865,16.14000264585029,12.570765371705267,-99.41200266462461,-14.149507668087537,1.578592555171627e-16,2.0625451401983074e-15,-9.124791905430395e-17
62,19.532928813485523,-8.198601153545619,177.28438046518954,35.10931086948747,84.02260050797969,3.446195686646974,-17.595140718925073,-100.17326308966116,177.08521019999802,-71.63447701478754,37.42831066565193,-86.37318299751145,58.75807775927382,-98.77662120511901,86.11215832333127,2.437340816706966e-17,4.404310637840414e-16,-4.238051622750569e-15,45.25586741046927,-21.130710054351827,-96.70376336694731,-34.5990012459074,22.701575248558182,16.719108462928254,2.1073905783201755e-15,1.925130224836215e-15,-8.225787097507251e-16,-8.526015454507936,-153.3903008661624,-16.485601879242225,16.589850719733413,-161.40039963412454,21.806623318239467,2.060570716131599e-15,-7.492242165698192e-16,-1.8927123658112838e-15,-2.0735393762658876,-7.6780756298085695,15.023169622203856,15.098655077027404,-89.28018325191404,-15.349836545745347,-4.401254296188222e-16,-8.083109755253697e-16,-3.3100352578294675e-15
63,19.49290772952749,-8.377574958462773,177.3358697606066,35.054935046423836,84.35889800492978,3.2470614304425065,-18.941693547312937,-101.82249810734103,175.523184319177,-72.34796100649659,39.383528971648,-84.441229278501,59.50528902318618,-102.94616177299511,89.78891796289888,-2.622571507024386e-15,5.117820672017055e-16,6.095699934520698e-16,44.94085510242779,-20.89031950856115,-96.80258466202851,-33.80921954314329,21.64403600017094,15.831873222496561,2.036985160208929e-15,-8.413359471757999e-16,4.335199976971976e-15,-8.348251851313185,-153.38093271632718,-16.156083570538566,15.760259178949948,-162.58149272180654,22.74966409853402,2.956711552031011e-18,1.7439085933811293e-15,-2.6816495939634042e-15,-3.006263018298225,-11.525250493062593,14.423615686267167,17.203917697918563,-88.59056861542635,-15.144017548239262,-4.0916970293534774e-16,-3.736613461085462e-15,-4.834999286652361e-15
64,19.626563684238004,-8.753285235386146,177.47507842875825,35.17769859755618,84.45624333854147,3.2005082625672747,-18.448416454876583,-100.92238637791884,176.92391965419088,-73.59227881689074,43.45326453257784,-80.66068781760332,60.534486709594184,-110.1951290466078,96.30913386559833,2.5181404899110708e-15,2.017189062629029e-15,7.17900592360679e-15,44.94063882662459,-20.424228190818457,-97.50749914852902,-33.49740487803199,21.362683109364298,16.05180657295921,-7.099224096658988e-16,-2.578423924199392e-15,3.2127877571237117e-15,-8.821222759910544,-152.4649570312262,-16.39107874048971,15.388352765437595,-163.15984213880066,22.684349923581433,3.1861967605556935e-16,-4.194241556384846e-15,2.647949189008513e-15,-2.799262835776872,-10.834659057163567,14.314878894293978,17.212070162949274,-88.50138126290416,-15.023941222155122,-1.1030073832573939e-15,-8.97547148172048e-16,-4.214839622000485e-15
65,19.469710710369807,-8.64782269704285,177.4186085385756,35.538399332747595,83.99096948903973,3.501237435351486,-16.017197558440948,-99.87533225827686,176.55902921646253,-73.2260340431772,42.29385972232047,-82.15174080879993,60.7543741904442,-109.23294973260069,95.46468563886773,1.3817108148626017e-15,1.2355710223378662e-16,7.137111599352327e-16,44.36903950726764,-20.05882990663068,-98.11615182740766,-33.03167068266091,21.12185843884821,16.002788154418873,-3.092214762172322e-15,1.3797523300770723e-15,8.152423812707024e-16,-9.015660605574547,-151.28251587284993,-15.961548760620754,15.326994232733568,-162.51866994793718,21.732586767399475,1.3669097125730894e-15,5.480637430211936e-16,-1.0307664610211537e-15,-3.452631383085906,-13.839956509414257,13.736536865627484,18.44675446604887,-89.54070032772833,-14.301033605666147,2.996187454408335e-16,9.988498822451436e-16,-3.2778281094810186e-16
66,19.39542725095254,-8.640216688368646,177.40548236024355,36.024830210718854,83.69905604341267,3.7156051691988496,-15.09810287366613,-99.30371138375813,176.76468209777283,-72.84989061402106,41.55840301553756,-83.33501267669335,59.154974635592346,-101.82598913090426,88.62147119433881,-2.7990883655838634e-15,2.675219925751554e-15,2.9756285136827858e-15,43.549227949319764,-19.33628257769789,-99.19972433796676,-32.01314653708532,20.60338444638214,16.13903992815883,-3.579148094899742e-16,-5.940096822142163e-16,2.6784402021817098e-15,-9.323964279295003,-150.7574525196496,-16.139897728688062,15.869219421310158,-161.64381578456394,20.914686956080022,1.2236474621374302e-15,9.714755626415962e-16,-7.655719199438534e-16,-2.1490369012669834,-8.280876320337374,14.44792426170898,14.999261205445233,-89.60866030545613,-14.704794664765371,-1.0444964482564576e-15,1.8537362575303864e-15,-1.750440565727591e-15
67,19.63295218199327,-8.377875707772123,177.3555050930699,35.761785989449635,83.43374267487094,3.8485202309136994,-15.472206707009049,-99.78297845959443,176.26290894280703,-71.9832056874672,38.81400691904087,-85.71287150359775,59.75225802913979,-100.73199220081226,87.77587247420895,1.182379603223381e-15,5.192041581321762e-16,-2.94399698442208e-16,44.775987888887414,-20.06632641091461,-98.52872496760209,-33.17524118199095,21.598671227818357,16.810349221437182,-3.151040126204574e-15,8.212034005741866e-16,-1.923073102311659e-15,-8.935317912257567,-151.7731608149774,-16.13747357670412,15.836494895661389,-162.19625367976218,21.968565998153128,-3.4577525015648356e-16,5.736418495214996e-17,2.4079248003420223e-15,-2.6032123685270876,-9.913225332189816,14.568039774812446,14.277272485197567,-87.31427557150039,-15.456638513575491,-5.208809882424335e-18,2.1103974074913572e-16,-2.1510546757006075e-15
68,19.447899128573027,-8.461906103615767,177.35636792902847,36.11458410144508,83.44776747704888,3.872913141529865,-17.337698861358202,-100.14381142679349,177.6971666433896,-71.7558431407975,38.448767450940124,-86.39784984889279,58.891296952712494,-97.86005824140301,85.15728964001639,-1.0492608076892287e-15,-1.6528119638494913e-16,-6.432954643029489e-15,44.25668406008619,-19.79483549372603,-99.01164912413974,-32.72207624478974,21.284886474201688,16.61474181241114,4.4635584978074784e-15,4.500995531389299e-16,1.2059272041477235e-15,-9.240002784961142,-152.00841231692178,-16.80935125572525,16.302725735476976,-162.01388537015595,21.731440402446452,-3.43329950729072e-15,2.2926936966642483e-15,-1.1699741844937156e-15,-0.3046578837430751,-1.0792973768519616,15.761165536891605,12.897613132878032,-92.17665811683666,-15.277962099972253,-3.2746555668361084e-16,3.522879944159532e-16,-2.3325722739770568e-15
69,19.48077600372743,-8.463636301170375,177.3615616415783,35.846454397195714,83.51132223966289,3.8105678816619166,-17.17849829569129,-100.07280272035553,176.90064911097465,-71.74218757216816,38.127373300359515,-86.44836756212973,61.74055271961231,-106.90600251001078,93.47451376379657,3.354908342994313e-15,4.463821413231405e-15,1.8229456618587687e-15,44.360977578364704,-19.846750978940747,-98.71674240078539,-32.572538656767186,20.852502252131213,16.135555611601156,3.2840636364275145e-15,-1.4785156798632773e-16,1.1892976561892136e-15,-8.751728388189854,-153.44130269303614,-16.929765832755965,16.50613210713553,-162.40737211828915,22.862977128507925,3.301590895415601e-16,-2.0419799811705995e-16,-1.4979899494687445e-15,-5.010499109924734,-20.654085502578216,13.044990507240954,21.869489062120493,-86.23799423073962,-15.361618609325234,-1.283013400512304e-15,1.5034616822512987e-15,-6.229516003037919e-15
70,19.20486604235513,-8.44575310744746,177.3169908521915,36.05841981484233,83.55771531368431,3.802461158336821,-16.294745367017374,-99.63938862581293,176.74207998674896,-71.36998795400119,37.08833210031217,-87.64924967388767,60.71990034439181,-102.30654315364333,89.28206595298843,-2.733045015857002e-15,-1.1188030091510326e-15,3.01594344423507e-17,43.256754092891036,-19.314805889258935,-99.14352823980505,-31.66104385477306,20.387357023391107,15.932271061447972,1.0292058380463727e-15,3.764779917841156e-16,1.2212252831668876e-15,-8.448315362092831,-154.484202731636,-17.10835862797543,17.50711068830095,-160.85499039434558,21.885251771031292,-1.0818810498161486e-15,-1.7725728035260197e-15,5.194594733103885e-16,-4.865178220087945,-20.211317683565397,12.972904379960752,22.202697489557025,-87.80265339305086,-14.67121726026361,-6.2274591740153e-16,5.556001411093278e-16,-6.851881168059629e-16
71,19.093232706225038,-8.43999942740547,177.29945547597086,36.037939991362734,83.6634612259789,3.737879240957372,-15.322984998677732,-99.27603082316021,176.27987624011965,-70.87136586666158,36.02868054371766,-88.61559921453551,61.30114816758639,-102.74770592576851,89.69354773017093,1.3137735097073624e-15,2.668108475075344e-15,9.412427111471187e-16,42.80580095586681,-19.109760304024185,-99.18897582401306,-31.303750235031465,20.259739515692697,15.923732665608078,-2.0787876363057e-15,-1.168154207417617e-15,-1.7728444260642034e-15,-8.796207688785792,-152.871775848153,-16.618789721754947,17.50590171662922,-159.6112390651541,20.23914303068102,1.6940136683942277e-15,4.273545914339532e-15,-3.743475257862098e-15,-5.05828215501491,-21.88628292003536,12.378953357602029,25.05537556134937,-94.21421800839657,-11.570246040467769,-1.0838008706250595e-15,1.1040268178995814e-15,-1.905445084227317e-15
72,19.131457253439017,-8.35190454539414,177.27732961688827,36.010822545991864,83.65003709651924,3.743410250367236,-15.399098377507046,-98.93632682728764,178.4445459548324,-70.89280750647974,35.95164295597358,-88.6710194059967,59.494163741791624,-97.77584704355885,85.21379155062239,-2.692580420286609e-15,8.116355293126264e-16,-4.122118811671756e-16,42.97671321886948,-19.227572703188066,-99.0831702200558,-31.36461707144723,20.287135429282397,15.91753409121223,1.414494907310977e-15,-1.916942988442642e-15,1.801890563887745e-15,-8.676760582064656,-153.35878643177807,-16.737068790937034,17.554021496736567,-159.80165093039935,20.550098109766328,8.562692436240557e-16,3.991361937722728e-15,-3.025433099962633e-16,-1.546327234556945,-5.690734337360398,15.152299594398134,15.75140006694445,-93.10419922296147,-14.385716851204167,-1.0462074452038485e-15,-9.457424747300272e-16,1.3130595017763692e-15
73,18.929820016616645,-8.248227051331424,177.21717460642435,36.587660103588654,83.36762291649892,3.96465394108458,-16.557031892190814,-98.66885859929765,-179.40455486416005,-70.28189284136977,34.95265240154426,-90.17753497691143,60.58106850086885,-98.61976719896529,85.91853438944638,4.901430711860255e-15,1.5270073269280806e-15,3.0691873320271396e-15,43.606126259993985,-19.710964688834185,-99.32204366415614,-32.50521762345723,21.918736699467818,17.326211858537437,1.0229512988599186e-15,-1.2114526442707534e-15,1.5785742479362538e-15,-9.25375769825152,-151.18213425296966,-16.293190577450098,17.439050222782402,-159.7676198021542,20.43966018024014,-3.93030158007592e-16,-4.943143783254008e-16,2.9444753751952625e-15,-4.002410407078312,-16.026577151664622,13.657641499477661,20.905427745638242,-90.72627932500686,-13.962147110389798,-6.171793028947463e-16,1.348216461645061e-15,-1.1910136890396947e-15
74,19.50376462251757,-8.4655485994987,177.3654112603388,35.99198715438592,83.6732439366201,3.727974043273971,-16.215990845018343,-97.87527100552626,-177.55204317701146,-72.41575062927308,39.49157503964363,-85.31569905867286,60.72012369847681,-105.49203948845751,92.19606366139789,-1.5211311658363763e-15,-4.68884210274231e-16,2.139250406749853e-16,44.25153551858981,-19.782130938708114,-98.89077528772971,-32.76019530942114,21.335409924410193,16.665169457771434,1.4206099379344003e-16,2.0327382954075507e-15,-3.784410322766567e-15,-9.03592580928756,-151.24223007345282,-15.970016174367236,16.983833615772028,-160.69553641751145,21.533858753395894,1.9044327319959636e-15,-1.2988653498785113e-15,-7.239773001313095e-16,-3.967058058141278,-15.897965493585081,13.652805733505751,19.135543120290553,-88.26385618757956,-14.776225250934687,-1.1983435661564131e-15,-8.950608873286072e-16,-1.3561982797698756e-15
75,19.469733533997307,-8.46375514753081,177.36003856040043,36.20664521886222,83.58256994252129,3.8011166799310794,-16.467662242259646,-97.87143143549278,-177.34227516283337,-72.33101006960082,39.29713590699069,-85.71832168589427,60.66142774607509,-104.8336188380803,91.59396230287416,-2.0953527057651978e-15,-2.6782970184906517e-16,-5.226188774202279e-15,44.122039417330676,-19.713252107961477,-99.14460321004907,-32.596125569216966,21.13627895483262,16.485940743805426,9.652475460925088e-16,-8.302237062079656e-16,-4.397356446341346e-15,-9.569965418950106,-149.40652951942752,-15.70543493869822,16.768270948875735,-160.158015934159,20.313985516522923,3.98616008190381e-16,2.12521987921118e-15,-3.101615150054268e-16,-3.4394362131578355,-13.451257291327092,14.08102077157806,19.333288426439868,-90.32398369866135,-14.379481673443847,-1.3479184981923525e-15,2.7556937604824473e-15,-3.0662992864259145e-15
76,19.677289092645214,-8.477992152914473,177.39388535125101,35.56174309267453,83.81038637594992,3.609043322916268,-15.095844110142885,-97.49691109149418,-177.65727075227943,-72.57944553138061,39.84381370605023,-84.5481056401899,60.03212959039934,-103.766034022492,90.6157527417002,2.5675895800468055e-15,1.3943663757010067e-15,1.4399732616407686e-15,44.97691137096517,-20.15674275436997,-98.27631857338794,-33.041016869554326,21.27463508344207,16.504269683395165,-5.984671138553738e-15,-2.7242277065328667e-16,7.114700556919059e-16,-9.455892828060732,-150.25714961982194,-16.041434761232974,15.387241709865112,-162.6943521498616,21.86058486218478,-2.0934399119368124e-15,-1.591346155287565e-15,5.579132252091297e-15,0.08545577144006006,0.3108812456393714,15.36983571470619,13.202466920907955,-95.32272869912005,-14.151069361270844,-4.568022512933495e-16,-1.0331526474971932e-15,-4.594065953982965e-15
77,19.59070390023825,-8.288668104498251,177.3210720851955,35.46980907872664,83.72834181087121,3.6489431786019773,-16.502084461196247,-98.62920353866383,-179.02099510274127,-72.18884868956678,38.903260173563616,-85.34727497267318,60.24802462908477,-103.57378705219931,90.4314545233446,-1.4510357529511949e-15,1.4418950267889345e-15,-1.0329780814704624e-15,45.510519916786045,-20.611910648331676,-97.83311150918598,-33.70033152236429,22.231565536589173,17.301283021727635,-1.1399463949290875e-15,6.588208365370572e-16,2.5226203928296672e-15,-9.595675974038306,-151.17500848316791,-16.851709214606313,15.071276114186784,-164.18706684785963,23.232008031675875,1.8956660032534425e-15,-3.4205939128662385e-15,-2.0605722663904445e-15,4.126795403136027,14.74686677176972,15.290924075914534,9.745985764695035,-104.7879571310613,-13.266464825943947,-2.562509841750853e-16,2.250120105769014e-15,-1.6343195009131927e-15
78,19.74283167396304,-8.583611228516391,177.43722437744367,34.833346340180114,84.255691133564,3.288521582249683,-16.142648133555973,-98.74995650432193,-179.7345179361418,-71.92597444774474,38.51147420591294,-85.03711485228146,60.649302753286015,-105.85933377639488,92.42145044397412,-8.624309558427421e-16,1.4320678257158286e-15,3.0900201958714527e-15,44.924957883735985,-20.079066666205094,-97.60165192214117,-33.172532989904745,21.711928569669176,17.0503946808569,1.5076407398998684e-16,-7.396322616960172e-16,7.544788331501622e-15,-8.866934084942521,-152.39881674916023,-16.42700231653125,15.382209412283073,-163.61061887981376,23.43761730232584,5.653966572882658e-16,9.879781738663212e-16,4.278707637897544e-15,1.5045676978295635,5.47496421523402,15.319786446661313,10.714029978314434,-96.74993684486985,-14.131234294528259,9.292071869020457e-16,6.061714418990114e-16,1.8443419479338565e-15
79,19.60338692365698,-8.666450714197053,177.44385452405953,35.10789492740337,84.20955997368493,3.337789451772691,-17.238063759509764,-99.89273391689096,178.50643233522035,-71.94322329173949,38.7318678740464,-85.0945067814907,60.78765697110896,-106.41193697599225,92.88843198688596,-3.890485703518064e-15,-2.63174597903595e-16,-6.637536823789289e-15,44.55187197644281,-19.960094982991606,-97.87615821702235,-33.28908936149064,21.880588918626803,17.069093860512243,-3.415418730597787e-16,1.6007664118078103e-15,1.6226395241272938e-15,-8.976816103312682,-151.84420282974042,-16.253702145527065,17.34200430648927,-160.56577950022927,21.6825675478261,-6.854766597148557e-16,-9.43869861378808e-16,1.2208422392937332e-16,0.8141378612434159,2.931062156048959,15.509886560523766,10.973185834632856,-94.08496909331855,-14.751871397450524,-4.066074232100077e-16,6.755076604426006e-16,-4.4365980735176956e-15
80,19.465139308220817,-8.749264496846386,177.45024528055228,35.34369831228165,84.17356534408627,3.378221468372362,-16.159707473930716,-99.47589553435382,178.06987121276023,-71.55993436101762,37.98293570888562,-86.02719842310248,59.937689315099625,-101.88956327618959,88.73087146010641,2.0332241765359966e-15,-9.888263192769388e-16,-4.3714450705859175e-15,44.41307844573988,-19.89991246135754,-98.13306469480928,-33.20294897937924,21.94515130060251,17.18612089049911,1.2872915298247526e-15,-1.3302607678492032e-15,3.2126947113815594e-15,-9.238346420915777,-150.53347264581438,-15.862174979591359,17.50659681850137,-159.06279750455164,19.878896237947068,-9.320398099372736e-16,-2.464726690161533e-16,1.3322039092890968e-15,0.49565978324421867,1.778331551354494,15.569369496607433,11.338713572975635,-93.68905263110113,-14.850797446153782,-5.988661523570834e-16,-1.892191979953375e-15,2.351331039382907e-18
81,19.278927467832613,-8.453291923825482,177.32980636821935,35.81361303689046,83.61778390828765,3.744737858025078,-16.432267541405942,-99.88489218411809,177.44423829306845,-71.83137124753777,38.670618531378246,-85.87521857165504,59.26182831061573,-99.44463213554305,86.54860624503074,4.3752980701525786e-15,-1.3346618845456227e-16,4.6271530465755245e-15,45.75121426010563,-20.926326528394235,-97.88827974481914,-35.11733879090534,24.613589185585948,19.34936991793819,6.955891236688536e-16,-1.0749647171938363e-15,1.683993816226349e-15,-9.167806799109918,-151.21218171205507,-16.17003777863453,17.401436058273497,-159.54591910343478,20.19655939178436,9.544170246982053e-16,3.204084839239018e-15,-3.526489221921446e-16,-2.2967375519554247,-8.64773263108748,14.761787544829312,13.34512542191587,-85.8878240044729,-15.886167744481362,4.283211835048454e-16,-6.184480849935461e-16,-1.5904213569762925e-15
82,19.42048192972054,-8.648554049123588,177.41174400276853,35.42156559424777,84.0793479552819,3.4396668256311624,-17.480611550918983,-100.35594940596286,177.42867913347007,-71.89099833663862,38.94917507845157,-85.18721937353972,59.38471424784443,-100.09816967996717,87.09697469011769,1.1320116788485598e-15,-1.336163393210351e-15,-1.372776946214815e-15,45.494435957318885,-20.5497318735503,-97.8384014078579,-34.60803765257978,24.002811247176748,19.06177774667744,7.852810173423093e-16,2.1426868178843037e-16,2.2461533949226307e-15,-8.599422308855475,-153.35304902022028,-16.593273572666394,17.137075858242955,-160.50996698353484,21.145675858512114,2.8842539230097532e-15,2.3551752849688276e-15,-1.0835345150753499e-15,-3.9619672839716022,-16.166742704279752,13.405788005405121,16.497453292118852,-83.03000456584107,-15.957017902114066,-6.834661697982208e-16,-1.7128030889656353e-15,-3.359768231238285e-15
83,19.761416189687885,-8.670680444506395,177.46802393966607,35.00208662341127,84.19419647681542,3.337909101198354,-18.47771895879317,-101.29035808652795,176.49579191231402,-72.97513340228765,41.421257144678584,-82.44250871276095,59.35909955392418,-103.54540193487306,90.25829244566773,8.79155471636313e-16,-5.806226028793134e-16,2.4173548699707684e-15,46.606356834809034,-21.11953048112019,-97.14726801771593,-35.61309344051963,24.745350187727045,19.55047951710907,3.434873814820075e-16,-3.8291747975801823e-16,9.193763335387638e-16,-8.356578873918119,-153.11285824673274,-15.993728975180948,18.084392183845672,-158.97670730416846,20.932633960338823,9.41371881296506e-16,-1.7382926239088178e-15,-7.232750410860093e-16,-3.728039252840515,-14.923063744186814,13.710632530541268,15.610188532611932,-83.16908846791438,-16.045318395475174,9.626776803960162e-16,-2.334479457349909e-15,-5.170743809253954e-16
84,19.88671844471575,-8.587006950757175,177.45887778110065,34.85961770656203,84.2618434602392,3.2871429840609188,-19.575817633995708,-101.61758633091627,177.05271780221213,-72.89239295848068,40.99126523703497,-82.71604903594296,60.45676521847272,-107.3570595134391,93.79806646365309,-3.475350064607198e-15,-3.813652570953384e-16,5.300677244613726e-16,46.74642157843968,-21.195873568724526,-96.96206727399594,-35.25861757105544,23.87084401261473,18.687222672379704,1.6530579512492445e-15,4.679009941906043e-16,1.6905747880214685e-15,-8.243218075918836,-153.64289442230532,-16.138951468712232,18.122455805748434,-159.24140280214948,21.300981122318234,4.622217019107592e-15,-8.443047912174696e-16,-1.2000771088254036e-15,0.5045562989712903,1.7771412975310767,15.844994222312467,11.465744754676738,-93.45284728243068,-15.16565664759799,-5.194070409425797e-16,-3.823711228575021e-17,-9.362273581234313e-18
85,19.87673861802665,-8.488472109091806,177.4254266686236,35.22671042225033,84.00959584103286,3.463763933674536,-18.81615721071702,-101.44237138262461,176.46249630188376,-73.99922507190368,43.982052503218235,-80.26088207549127,59.29996722419982,-106.9870670907347,93.45516070982887,-2.103958820209834e-15,-3.279397558437026e-15,-1.913844084801496e-15,46.43105860717829,-21.01614502647385,-97.44007774865315,-34.90488932393247,23.429544438997553,18.30037242907252,2.2516356154610814e-15,8.681158043859395e-16,-7.090174805674765e-16,-8.466259823639668,-152.54810095630026,-15.822784520046474,17.738946353612004,-159.21644556647342,20.86225119250894,3.2985953701515643e-15,-7.313006919382397e-16,-3.478764902958999e-15,-1.2256994259630543,-4.403658362958904,15.523546349214593,13.2402500460202,-89.67438897166484,-15.645250955569477,-1.2661004447838995e-16,6.190546127599576e-17,-1.7362922337042382e-15
86,19.782990562271614,-8.389084408768174,177.38005737614546,35.49212027847206,83.98005251252054,3.5036717642403925,-19.335431726823984,-101.44914854780754,176.75015805018316,-73.28129166923276,41.91454619415746,-82.4948444676991,60.16051722191115,-107.72236612400125,94.14758758301555,4.045239145074111e-15,-3.5367871051098094e-17,3.589922962765308e-15,45.75442890487384,-20.6567266964007,-97.88497439029194,-33.91178608950942,22.310542872231355,17.371690580621586,1.5164736580214046e-15,4.332026857936866e-16,9.982820768191856e-16,-8.203940179224015,-154.4250715897332,-16.602811065664085,17.481542484234993,-160.25409992365456,21.45703295608008,3.762882598628409e-15,3.5372435748655048e-15,-5.528848057836714e-15,-1.7473679103174742,-6.332532302092414,15.36389381493315,15.094458839893267,-91.20784137261903,-15.145983560224524,1.8832938825684144e-16,5.026457064076978e-17,-7.005009503092964e-16
87,19.650560056098165,-8.592124328033979,177.41074490963663,35.609184488743864,84.51227616856747,3.201715175673714,-19.32506625972679,-101.81477015289656,175.400828815289,-72.57393057416935,41.11395843735395,-83.28257017093688,61.11245837661887,-110.34278183188266,96.32298969688357,4.635187919754787e-15,1.1613807266398912e-15,8.840535645289927e-16,45.308581661606006,-20.400229567626365,-98.11810288783158,-32.99497021249278,21.250354207000104,16.505143529335477,2.467991833835526e-15,1.007761284377951e-15,1.2966650943483365e-15,-8.59441748051967,-153.63644702482574,-16.779339247998923,16.659982905947498,-161.05538741370407,21.073966188092516,2.1738212103559878e-15,7.304779198831913e-16,-2.905410440295659e-17,-1.701614966623296,-6.239944363346398,15.1938226503296,14.657914668922677,-91.23529727786648,-14.973946427068537,1.2692927459259411e-15,-9.517921065952095e-16,3.4911961905043932e-15
88,19.760002123515914,-8.696163110064154,177.46004372236442,35.17736802550928,84.9069609390911,2.9393194608194397,-20.06287739066436,-102.16557251318847,175.45901185294366,-71.7521976567535,39.269682418114094,-84.55897848271542,62.16905434042119,-113.3935907963911,99.14695776238922,-1.3447943272110003e-16,-1.0925053603100875e-15,-1.2087088948098093e-15,45.37483860935344,-20.374772500223777,-97.72727191803497,-32.70637550152083,20.73296421976475,16.04838696804112,-1.5371144765544398e-15,-2.6232017982902215e-15,2.2486949254414976e-15,-9.22306893695957,-151.7937831262095,-16.63827609866009,15.770158040591008,-162.01829795705953,20.98126818799108,-8.257857371384786e-16,1.4712645695894373e-15,4.594372528671618e-16,0.18968810296065133,0.6705982962521543,15.793584670989215,13.591084819939294,-98.19933501092947,-13.85540524611009,2.7266047305008317e-15,1.5674507345847195e-15,5.848569856473672e-15
89,19.550879691591597,-8.684744447328857,177.42610109135117,35.086664046026705,84.92517445461006,2.922200739461984,-19.432419453298966,-101.97261075299652,175.36709992478612,-70.85729236624252,36.984186100833824,-86.63062836271368,62.15321603110516,-108.77572374063318,94.9349757933927,9.30041621398971e-16,-3.365513661483581e-16,-4.0666953594005147e-16,44.906653444638756,-20.18236159807629,-97.68731118565618,-32.922165114617705,21.534635093839594,16.889074809449475,-1.2942297284790941e-15,-5.604129436153354e-16,-1.973801188581441e-16,-9.257079355492897,-152.20531322810473,-16.970894368005496,15.162444523651722,-163.41805725467094,22.029569149764104,1.4879792332426537e-15,1.7956443354678755e-15,-2.6397707816661367e-15,-2.856947580349022,-10.690624473425087,14.789785305863402,16.54070889894889,-89.60732029755378,-15.168946408294417,2.513404499038652e-16,9.56000632066316e-16,6.336071338502475e-16
90,19.46340246668062,-8.4701457564348,177.36117751903532,35.27906944188149,84.41012035405728,3.2353271380726474,-19.80765634179126,-101.87092521064112,176.3871952675366,-71.36232596601292,36.8691020648653,-87.0468556288694,59.97037084553159,-101.17313813306488,88.26420879935073,5.593318841092742e-16,1.984359317636341e-16,-3.5276536082649594e-15,44.87247336289401,-20.236407304789495,-97.82023992533183,-33.29957740957958,22.23813384639067,17.51700057997235,1.139179900467188e-15,8.3216222329978e-16,-4.319585432425119e-15,-9.50180801846439,-150.82183699946438,-16.469688572697518,17.327349891231837,-160.2765894143629,20.769643047697606,2.1697720863606653e-15,-1.0041515117212105e-16,-6.277967864254238e-16,-2.6882046320186945,-9.884845304821082,15.064164077260266,16.974536707727566,-90.04199713076251,-15.284411063031348,-7.404515563729521e-16,-1.1359891951859794e-15,2.6843972046848736e-16
91,19.513977844505316,-8.378673682257178,177.33916191593738,35.44371240659736,83.9804342632873,3.499306619880891,-18.816858531501136,-100.80220533585451,177.9272742975478,-72.01598857608384,38.04852743638543,-86.14416004727501,58.704805047547744,-99.29879113488903,86.65100956854107,9.910866635183221e-16,4.757521173893539e-17,3.265252899029316e-15,44.81589271448788,-20.184437352399488,-98.04823660510064,-33.11759917436942,21.75489034887928,16.99376285103468,-8.964338624603303e-16,2.238354356822172e-15,9.905181841698297e-16,-8.840576287300912,-152.0887344000574,-16.178697968125636,19.089230025738807,-157.41380245342347,19.79461327089442,-7.32687354787116e-17,4.821003636524369e-15,2.296764515945667e-15,-3.223238612467462,-12.33991008911574,14.414039039113334,16.807119193951436,-87.61325936509644,-15.453069457182075,-2.5677327512874324e-15,5.712863140958846e-16,-2.640886471180263e-15
92,19.363399623854864,-8.367326325993595,177.3145362313446,36.098423435007184,83.64512315328874,3.754176360244092,-19.513723029480378,-100.87402982950101,178.4148966417561,-72.16558276798139,38.78394327064278,-86.09821100768268,59.35974998335874,-101.07966757999188,88.16963284566675,3.4266930382412184e-15,4.217708319646268e-15,2.140836693646963e-15,44.02153679786945,-19.74354717411785,-98.95171997869686,-31.655654968040302,19.948075800588903,15.39943936792573,-1.753746460047551e-15,-4.480626174393543e-16,3.2445642188891466e-15,-8.972163239532026,-151.27729263295512,-15.885773150247887,19.898814135431994,-155.7861967492637,18.932798937718353,3.214599607780349e-15,3.3544238620109972e-15,-1.7062519504649802e-15,-3.7604359705967303,-14.771865007484589,13.967374952457492,18.880211432428922,-90.0605800250708,-14.435400465640342,6.1509088733744e-16,4.6740010148633106e-15,-2.182252763762709e-15
93,19.720706755815527,-8.29210883951915,177.34011856234255,35.61598093338151,83.54905597351754,3.7672223747017823,-18.95171353472647,-101.22928874221255,177.1950195629053,-72.8167009412118,40.52955982802848,-83.96249574857754,59.50723927809532,-103.28042583573982,90.13393977890588,4.401578883049699e-15,-1.9718036985944833e-15,-3.5861530130410536e-16,44.57820218300733,-19.948595383216404,-98.4442321772807,-31.44175710802068,19.063017079260796,14.424972675814773,-1.9282549441234616e-15,6.590507493117089e-16,1.832061735358711e-15,-9.306599018527038,-150.81840424894287,-16.149839666366542,19.463858303315426,-156.9444416523104,19.479527501006675,-6.068170430321193e-16,2.5397457360945333e-15,-7.484183297335559e-16,-4.387355105275667,-17.452327322913867,13.675975716426914,19.210576251307657,-88.65754736001307,-14.791501376353851,-2.167895420818522e-16,3.3914343346828637e-15,-9.75288590283239e-17
94,19.558533919245303,-8.377960038976646,177.34515089998249,35.46326630781022,83.75597416841504,3.6322007795397027,-18.372186451588416,-101.18267048856754,176.725591336691,-71.7753615125255,38.02329844891719,-86.16207297227785,60.36896660260697,-102.57717890552685,89.5101350244868,-5.7309034295705255e-15,-3.562533174272193e-16,-4.318145318986601e-15,43.936514085061745,-19.60702102422005,-98.44895407420027,-31.473880981286634,19.620097490466932,15.122719666578995,-2.227389915485862e-15,2.9895005053001e-15,2.0665570116536118e-15,-9.175724591608956,-153.03411354030015,-17.40228620529368,19.050973733936047,-159.38127611933137,21.336102849890167,-4.1662710817319734e-16,3.4959205802190254e-15,1.125490780191844e-15,-5.575958463934809,-24.534170536061758,12.017359072373939,26.414141730985193,-97.79078179757865,-9.747671852530084,-3.190298799348018e-15,-1.189693754655881e-15,-2.709102143008028e-15
95,19.698289868344578,-8.573570995741514,177.42762861543144,34.8408454734723,84.1655595851933,3.34098613943311,-17.077119236064846,-100.38534105708733,177.22605031178026,-71.76602476578245,37.877678366930716,-85.66381990786145,59.76792898709211,-100.70225485658716,87.83900273058705,2.714332092471563e-16,2.1258224228447948e-15,-2.6947679884206947e-15,43.97011101032528,-19.512497180137505,-97.9406033024057,-32.214272172078026,20.594294344673106,16.08122279590118,-2.687177513359063e-15,5.51508271629471e-17,-1.3744119795542068e-15,-8.868424898662568,-154.5408690653704,-17.94245940060348,18.235720937011074,-160.98117758332296,22.28468297395835,2.0211340461347084e-15,-5.409321416065353e-15,2.379605589259445e-16,-5.863402092985969,-27.87592071992945,10.931369231560673,29.45122362890751,-115.74177021873108,0.9492943919805511,1.6398230525945528e-15,-7.262786036830641e-16,6.717796913314229e-16
96,19.59624284640048,-8.842271903867765,177.49919971852106,35.14623020781042,84.40088348025098,3.230089913893682,-17.332443433956033,-100.09969146916374,177.927932196287,-71.86639560498746,38.2151566694119,-85.63358171059335,60.91517549182257,-104.40329007332832,91.19655152665975,-5.999551742772006e-16,2.0455568463924845e-15,-4.062574346952014e-15,43.316908070267,-19.080172726938052,-98.51836499365785,-32.2744291860694,21.14365590493973,16.79421722919651,1.0467390437208704e-15,-6.179615731113017e-16,4.90049818181921e-15,-8.314293512671753,-156.14731918679726,-18.110036158554752,17.39747590269543,-162.34351335570355,23.339656829624186,1.045555208870337e-15,1.9307299646110976e-15,4.086274063967295e-16,-6.301644552638518,-34.13895604769683,9.195376287291799,19.839050033677683,-147.55734254489582,16.96550926545419,-2.631875090847982e-15,-1.1671259470443037e-15,-2.1827685484198852e-15
97,19.80283286261693,-8.759646936515953,177.50283449506094,35.167009065671884,84.26313878530561,3.311606323323534,-18.958543598064942,-100.42282308763593,179.06612278364864,-73.42819163465452,42.25953812084711,-81.83113600297767,60.25635986262239,-107.5927192053606,94.07607385404543,2.0497363876005043e-15,-1.4478642931784634e-15,1.5027451099505768e-15,44.38629103264073,-19.647381301898466,-98.26312491932168,-33.28737960286091,21.94533834677127,17.325175261269298,3.5636252491303235e-16,7.010352851298475e-16,-1.1905899292998505e-15,-8.607642561075199,-154.50660339752847,-17.42587162576873,18.591462511076184,-160.7777723897209,23.062582205064928,1.4254666701370181e-15,-1.2042907396630767e-15,-4.086653612513211e-16,-6.123328250336123,-29.120472185760956,10.84007386637359,25.14256253566961,-138.69523290152821,13.373691228023677,-9.168052091406312e-16,-1.462619649123344e-16,7.912114649550709e-16
98,19.508163945060634,-8.555535762976934,177.39471880198312,35.746066173189085,83.9056986683931,3.5691177379698553,-19.232208565279123,-100.71134831558118,178.5700385819547,-73.21979212988221,41.82030501340553,-82.83835234877047,60.651135872852905,-108.50013059225512,94.890795948307,4.855051316946443e-16,-5.199998920814488e-16,2.394936919537609e-15,44.60422045650259,-19.975553900706025,-98.53244068952635,-33.23550570432909,21.925902749558873,17.189705483934382,1.7362415285522625e-15,1.5040918262560967e-15,-1.4868975966374484e-15,-8.827420012241033,-152.32672262107775,-16.310921190154506,18.605466959718154,-159.79580883151456,22.434673607955276,4.172712856127669e-15,-4.002178668401051e-15,-2.5175472634297145e-15,-3.461301624070204,-13.550305180247731,14.063645865184295,20.592387441705437,-92.63799676205927,-13.546578163353216,-2.3468792264842246e-15,1.410654898476812e-15,-1.817415197517677e-15
99,19.32717485378904,-8.268716722204019,177.2783761533061,35.874675578991216,83.53409650574903,3.7996992091885233,-18.242527781580975,-100.59446512410341,177.91456257783292,-72.4468634867222,39.401824809586515,-85.30094000321746,59.98997051189116,-103.5214858552041,90.40981757429384,-1.2762460869805945e-16,-2.062133201115911e-15,-8.763751362051389e-16,45.13585761529269,-20.486797369268395,-98.25326989744362,-33.577145178873266,22.45026542501515,17.55878303884494,-1.807569326198269e-15,-1.9261063036030448e-16,-3.9519717542185456e-15,-9.165022796194913,-151.0566140012531,-16.067294437453405,19.30525077838003,-158.14440868795796,21.05932582842687,1.7515678325869683e-15,5.009861778611022e-15,-2.1842493230072877e-15,-0.4498242979331511,-1.6506261007877823,15.239754035037267,14.92883403940115,-96.10258842239917,-13.668517474900245,1.4032265261505613e-15,-1.3462263767883467e-15,-1.2290509113344672e-15
100,19.211453739417262,-8.266643496106656,177.26175622039347,35.81470682935514,83.58668815369427,3.7631826145082616,-17.11154301446334,-100.88832206320559,175.79202488646163,-71.11981905729557,36.30719696913984,-88.1545429743945,60.62050565131181,-101.23242688344958,88.37048555049836,4.506869044986513e-15,6.256045972293319e-15,1.129148264587604e-15,44.308796745820544,-20.022290290351066,-98.43512792637136,-32.826034919893154,21.878026037194203,17.200900023326504,2.0011548881021514e-15,-9.042051824112479e-17,2.345641787681055e-15,-9.39153057498142,-150.59683422392732,-16.148936702841716,18.92372696507228,-157.7025869860834,19.72049574853913,1.3034729695784904e-15,3.1510406258862232e-15,2.26983693453565e-16,-1.6777544225804968,-6.3788494007864855,14.675780207301282,14.528289431062486,-90.95743799595014,-14.52907534523882,-2.7520074743086875e-16,-1.3178301709375779e-15,-8.207877017733821e-16
101,19.614112820731446,-8.381359976523937,177.3539971946151,35.10821153718109,83.97817272221432,3.4718414718105133,-17.647090997956056,-101.43150508218051,175.29398975458096,-72.15973226158705,38.635897618684716,-85.23756524645344,60.21030144091175,-103.1908456290466,90.13541656025183,4.3158793527035734e-15,2.2450431604860406e-15,-2.2505395561828387e-15,45.052309246304965,-20.284785330936526,-97.6825956339288,-33.60451753023148,22.465807202505673,17.676790872391354,8.93674853850684e-16,-7.821067167007416e-16,5.088715528603553e-15,-9.554668690495161,-151.3844435978455,-16.922280193432897,18.835382210685754,-157.9876089952796,19.245932020162176,-2.9400320302396534e-15,-4.354821079363943e-15,8.822605179408022e-16,-2.3387333108336694,-8.759144326218115,14.834083925745187,14.956806221944598,-88.8782405900174,-15.302775924817961,1.9185449074871444e-15,2.054596177493262e-15,3.4999801101211806e-15
102,19.7319992614815,-8.574908419426086,177.43286593785604,34.8359407480269,84.26420805720065,3.283836974488574,-18.46626751916765,-101.85051215680883,175.3930956460433,-73.42358432725145,42.308501559198376,-81.44965072991693,60.14888383572927,-107.32794411986973,93.81183705148503,-2.497501003841191e-15,5.463095155624494e-16,2.027477094231588e-15,44.12084636211051,-19.595473476068246,-97.88754574409339,-32.58515185337841,21.14083691234342,16.601844107771804,2.151271043145277e-15,4.1411721557598913e-16,2.818732273180256e-15,-9.140733588682405,-152.7255976591382,-17.12528564073236,18.425634728027823,-159.34549688058377,20.63168907312195,9.59417964125222e-16,-1.2826753145351766e-15,7.220765445053037e-16,-3.7015071850830683,-14.385103221270068,14.128454306473506,17.76443037643222,-87.60268360258947,-15.3275530201997,-1.5659644223353469e-15,1.1662811197871538e-15,-1.2051001940922197e-15
103,19.871203455900602,-8.393991322756952,177.3939616319601,34.88873303013601,84.02292288044723,3.427158823728937,-19.259241995329536,-102.03742313753968,175.961103006799,-73.22230448762217,41.70167533230767,-82.09307206867798,61.278415058489784,-111.93285537387312,98.10797601217095,3.627427495110128e-16,5.436416712651032e-15,2.5858535664295955e-16,45.09702327260645,-20.193209422644774,-97.59434289896343,-33.08133084264351,21.192952625197044,16.40407889956793,1.196449840596737e-15,4.2828862870618623e-16,1.5388757355915617e-15,-9.253494938492995,-152.26495453847724,-17.005176918176733,17.358604785439447,-160.2159912981888,20.378998262683787,-3.288579391666585e-15,4.220502443870431e-15,9.942885671912297e-16,-3.169101390453787,-11.949592955042798,14.639464088326447,14.568981026354644,-84.1308673406766,-16.452433318895295,-5.438441466217663e-17,-1.0570469536669038e-15,-6.124281506378431e-16
104,19.832269104537158,-8.48629125107146,177.41844270157895,35.13332911935344,84.09183534616378,3.4081141676715485,-19.75462768780748,-101.89241816935707,176.63048969006513,-73.11554976182035,41.53281626788158,-82.488207918745,61.06832466884884,-110.66355478946703,96.88773124895542,2.3209320026091756e-15,-8.519899846757737e-17,4.1294710532058465e-15,43.80256865759595,-19.386529654752973,-98.32899518096067,-31.616949001977773,19.720968009170146,15.272288793156198,-4.4779835585859585e-15,2.397686408631819e-15,-3.2937259385931233e-15,-9.052187413446806,-152.43646488358073,-16.7738212020184,17.325591053121578,-160.44892560402803,20.984260678748768,3.593545544120364e-16,2.98913461604229e-15,1.89238007638953e-15,-2.5049866578689075,-9.203784994396432,15.095592020874161,15.15688757871813,-88.46982572330484,-15.697426209855001,-7.059995628357736e-16,-5.776126545512682e-16,-4.21876829982219e-15
105,19.90906456456976,-8.588229727712358,177.46246708869307,35.03460443114533,84.33824664093935,3.2573555490764026,-18.669683200790498,-101.41975087159118,176.24245261833386,-72.23165992642573,39.47300550790009,-84.31324008166231,61.768963732405815,-110.32134452924186,96.55596862799824,-3.3862019949848713e-15,8.080997914394252e-16,3.6858317945658084e-15,42.85841244981063,-18.78233434337881,-98.602091936856,-30.56432911952688,18.720409004647557,14.544043756099784,-1.2950241823255871e-15,-1.1518294252439015e-15,-5.542027327397088e-15,-9.420753908030875,-151.730601541076,-16.929318023627957,18.21110072326335,-158.99424362024087,19.835249436530134,8.629675556897444e-16,6.888111293385175e-16,-2.3482447524856995e-15,-3.544701782285516,-13.39856150427139,14.550201204113357,16.699898385704635,-86.08116812415454,-16.094418432778976,1.896562641121521e-15,-6.184384178473962e-18,3.219371506715409e-15
106,19.687078347771674,-8.666618701972583,177.45598420334625,35.271981595683826,84.50653610326609,3.178738267367872,-17.023755557010354,-100.4512140651396,176.21827541740555,-72.89068081485894,41.15621262085577,-82.9516860109131,60.256588627313484,-106.58627050403004,93.04771369525858,-1.382202739291898e-15,-3.7379644751640883e-16,-4.603794861802007e-15,42.68164429536246,-18.759775517625716,-98.78525005340828,-30.77822817373804,19.3055488259396,15.16852456722172,2.1754208835749547e-15,-3.883511648776471e-15,5.645535348423212e-16,-9.342989339456297,-151.95193896092667,-16.94640779237191,18.97032840651016,-159.4916938483438,21.7082789111677,-2.2314375453750365e-17,-4.994522564067598e-15,-6.810917119592734e-16,-0.17918719204950623,-0.6267229648968972,15.955204072838708,13.393304008951802,-94.36999412341532,-14.942082446208538,-3.1875253569952274e-16,-1.0020083272778893e-15,-8.841124316435612e-16
107,19.627846456242647,-8.569292038267731,177.4161968974371,35.25989354313877,84.42014587718185,3.2279753410069136,-15.854659273067423,-100.19449287780773,175.2823220024975,-72.52559081635003,39.76111724627615,-84.29092897491877,60.237633964041315,-105.22773428145162,91.91133226872243,-4.571240984948351e-15,6.806969043053168e-17,-5.131927040610579e-15,44.02465707176001,-19.60107633343534,-98.25743459482649,-32.39563611056221,21.073232958926503,16.58310102417436,7.595140540477017e-16,5.615304957784755e-17,-1.6716856712148128e-15,-9.961145007706024,-149.7860390890002,-16.54370415839544,19.27630259139177,-158.84403334722734,21.2269582366228,-1.5198165463430242e-15,-2.428286508428043e-15,-1.6938895727149629e-15,-0.055751709134252314,-0.19167698656857052,16.217689726291727,12.6394075714428,-92.77078150498382,-15.611045655033827,1.0184268706929325e-15,1.3008832133361158e-15,4.910877980729612e-15
108,19.645935273026687,-8.476079105619181,177.38884191205818,35.29285801551429,84.33994137534424,3.277232718511925,-17.531339140983853,-101.0157400623503,175.61444930915607,-72.43974492117343,39.12749560021472,-84.95302109879377,60.241543327599715,-105.15540261548308,91.93877525737447,-4.465841750948048e-15,2.326973585784801e-15,-8.590486746041289e-16,45.19833880294315,-20.60201543204169,-97.51064566359723,-33.839638220233496,22.03401221756739,16.746739797247322,-5.045502277350819e-16,1.7003833092319443e-15,-4.175279846431065e-15,-9.352703866175608,-151.69536436641894,-16.79161654077939,18.891277609994805,-159.64503224556915,21.956328349266098,1.2815228969875477e-15,1.5014647030497895e-16,-1.0358404940678216e-15,-1.0565746382988503,-3.6779526940451026,16.006149376846015,13.396361037276096,-90.30878311921018,-15.968532591288179,4.0001675249689236e-16,8.03402069132441e-16,-7.503364527828338e-16
109,19.61112608954452,-8.28997291852132,177.32431167703348,35.09347328225921,84.28688112201087,3.2918432060140224,-18.494742231961464,-102.25124400948647,174.10033592323205,-71.82241988588798,37.64844142599048,-86.1521082108359,60.09098596968118,-103.20062501471976,90.15191285469972,-4.508713044636531e-15,1.9093336880309534e-15,5.1629845741832e-16,45.57351806071679,-20.938406622996432,-97.0460145179806,-33.626267867864286,21.529464325467465,16.16146737552849,3.1891550902959763e-15,-8.215313543088262e-16,-1.4225025921176123e-16,-8.60579230259927,-154.01138602910584,-17.064006059573956,18.854983026332995,-159.30862581578106,21.498323379380956,-4.4088542752107445e-16,9.341049519270598e-17,-1.0207223768351075e-15,-1.051698793660399,-3.6450363834009054,16.0729339363943,14.586321644711935,-92.33969881965724,-15.516866820543756,2.770402868578197e-16,9.296569301430778e-16,-1.9096890841313874e-16
110,19.745301174552782,-8.20639331446475,177.31588015773573,35.01877343223039,84.10589348642058,3.390321817161433,-18.30672872283071,-101.18384415884815,176.45670769416657,-72.03183566819459,38.27670044999102,-85.48418788962371,60.79123081781526,-106.36720328986087,93.01897326917569,-4.043178409585859e-15,3.4221365134362464e-15,-4.034061294371057e-15,45.61365786479672,-21.016616022626497,-96.89874231375867,-33.68272971997022,21.339204336893545,15.819013597113429,-2.2774046045149083e-16,1.7979878751754078e-15,-6.129062092080352e-16,-8.50377755548024,-155.10395187104186,-17.67323845513495,19.4409643187435,-158.29241749339172,20.343851352189393,9.789847390278419e-16,-2.659875445877352e-15,-1.3063460802660241e-15,-2.0087461741413706,-7.232502211171755,15.440440496681813,14.682761860598621,-89.76772617781809,-15.626279095590329,-3.3004478092668276e-16,2.8334331167267008e-15,9.629682959851254e-17
111,19.716505127625684,-8.385808537652284,177.36971831133266,34.8327785089886,84.25696619125245,3.2877416112812834,-16.09996730029496,-100.06869890432746,176.3412433110681,-72.99702309709166,41.377243188060554,-82.31747678838167,60.22382160370158,-107.59855653719762,93.96569742487982,4.2744949951998594e-16,2.0491719108465221e-16,-3.758821440434075e-18,46.11012462667315,-21.031708248456948,-96.88692407654747,-34.506712744918474,23.068984018141347,17.889093045422722,2.9903432570818633e-15,-2.0301033400622882e-15,-2.6423906664849958e-15,-9.251291167433124,-152.02297665118152,-16.838300757537382,18.773494630044738,-158.5592342195226,20.186659394900044,1.3232649682164758e-15,4.6919175686324966e-15,-4.089438655065206e-16,3.045984378821115,10.647986101981603,15.781775217435046,10.529087442596154,-102.21678014478015,-13.799989340270734,2.855268305236331e-16,6.477833513769411e-16,-2.320701162426328e-15
112,19.749020337047767,-8.571920030095766,177.43433686133415,34.897193631345395,84.26016735143438,3.291195780369252,-16.772793258485656,-100.12201841964573,177.28883019879723,-72.93224001579048,41.44957514139302,-82.29929349289198,61.559217404811655,-112.55988389519172,98.57899902172474,-5.654079753123278e-16,-7.904901303081204e-16,3.793143538522271e-15,45.68201463364494,-20.65319822230946,-97.25068308701522,-34.49119995154626,23.307302548668822,18.259139052949415,-3.615324495139485e-15,1.42624719897267e-15,-1.7691046475891281e-15,-9.518929342929995,-149.97012709940543,-15.965329498003186,17.724529262303673,-158.878639574664,19.717674796140695,1.4652286031824663e-15,-1.978227204904749e-15,2.0701999772264396e-15,-0.6028637759035335,-2.200723420086518,15.312264335888075,11.939432948276057,-90.60396307354111,-15.198892976555657,-7.661096632270664e-16,-1.5086516384268239e-16,-1.638760665826917e-15
113,19.40843202496628,-8.640426874032944,177.4074226912428,35.455937618027896,84.12156404656089,3.417899066044906,-16.913071064939523,-100.81257953341773,175.54466768419587,-72.16940606135596,39.35861044517526,-84.85108679520998,60.32179381758938,-103.48902439338467,90.24320435888683,-4.777770038072964e-15,3.441746527306388e-15,5.85339481413412e-15,45.56471935725341,-20.60763793311973,-97.82668769407374,-34.45013143823959,23.64628187916418,18.70106789901143,3.1425126998260857e-16,1.379063245174687e-15,-2.5286806841770873e-15,-9.085854711952273,-150.87825929190151,-15.826061053727134,16.526682129031272,-161.36150071613073,21.953073290362468,1.5107976371086848e-15,2.970677927458799e-15,7.706583256895063e-16,-0.6641705439508041,-2.433328192933134,15.257778298158826,13.474169287645994,-91.68232122292434,-14.879784970530945,-1.1488073868470418e-16,-2.279918669712537e-17,1.7495881446610685e-15
114,19.360623905651476,-8.35689714840796,177.3108555097082,35.82253634527117,83.78742041269503,3.645467787036173,-18.342883089231314,-101.79839579992992,174.83702501159752,-72.29224806657962,39.3521031020326,-85.26115337576603,60.5762273271202,-104.91694467032339,91.61817339232257,-4.1654751951806484e-15,2.7217763378670543e-15,-1.4307071788378192e-15,46.47393999234377,-21.335389031499513,-97.67118814367409,-34.712988818714344,23.4779264229005,18.27043302472917,5.9498648066381765e-16,5.437100131436596e-18,4.015665056901461e-15,-9.04362129344191,-151.7822956251797,-16.32710081561099,16.556177215868562,-160.8797572259436,20.814305384075315,-2.6633061792389312e-15,-3.558108000505857e-15,2.231921409066447e-15,-1.1360813173798958,-4.170806387844049,15.210445970322251,13.572135958504306,-90.68877557628596,-15.090173807222374,2.9346105080772636e-16,-2.2542115979025002e-15,-5.251608509053119e-16
115,19.314473707315138,-8.257436739288769,177.27306569204518,35.93362579690453,83.77118070816228,3.6648306595379916,-16.358039713915986,-101.33038567229343,172.9057832007556,-73.14911154159827,41.281662728233535,-83.56347397428176,58.683886351804865,-102.48949242263,89.41475824638539,5.022357940485848e-16,-7.104170010130537e-16,-1.8737732438933543e-15,47.37913699891691,-22.032793192616968,-97.28571320617363,-35.51801899087033,24.290763553567324,18.797062044504845,7.104949834169518e-16,1.3125338346532163e-15,5.979446681593733e-16,-8.967584238637267,-152.78560575863148,-16.862783856221537,17.464785864184183,-160.84572269515115,21.790866755833637,-4.138462473349814e-16,2.9472059204760753e-16,-8.268091766613263e-16,-0.6424506446829572,-2.3314211484348797,15.397765875643344,12.686556464319501,-90.65267580786691,-15.26749398496614,-1.3721748861694635e-15,-5.297833710399873e-16,-3.5020880877998772e-15
116,19.55751401330487,-8.18306918533539,177.28278143030388,35.19524033693082,84.18266802667604,3.360613157577633,-16.050410245746917,-101.48979561817102,172.0463411454057,-74.17731951641989,44.57709736798496,-79.65111640745627,59.024977478039496,-107.84505104968869,94.1808817027394,-1.652572713523077e-15,1.4349244006984908e-15,1.2264285525563489e-15,47.6839676462328,-22.19141936501325,-96.45112463752186,-35.53648855644616,24.16046246675238,18.684235619452988,6.98473866289662e-16,-6.187835371329253e-16,7.207267544353448e-16,-8.966865768724578,-152.93987627361892,-16.967311897061904,17.452829849766612,-160.6218647190318,21.325324795607955,-1.3773004001537183e-15,3.2145004742976633e-15,3.9824880061984616e-16,-2.1371248566563317,-7.9180208729525825,15.00933609890285,13.997242916940944,-87.3092296854419,-15.808540651458978,-6.539281083217159e-16,1.0187927165861698e-16,1.1262785371342347e-15
117,19.609804208366132,-8.377145986592723,177.35204765345802,34.75016236450407,84.5302820126364,3.1241402205079667,-14.784857747948987,-100.60732575786729,172.48257553844735,-73.45196354064626,42.11348913651815,-81.55133447527209,58.286261942333695,-103.02101024982727,89.86061255069167,-1.8880654989602454e-15,-5.569502561983826e-16,2.9240787023630594e-16,46.60202662667758,-21.34398331655362,-96.60114941030969,-34.38029953158901,22.917508825952947,17.830600449024036,1.102670763381529e-15,-1.4513146385153869e-16,2.6258845556900623e-15,-8.900910364792955,-152.52842280209094,-16.572288333379237,17.2057353604195,-161.87364385299654,23.349004488053037,3.8489689141935125e-16,2.837009054687957e-15,1.1850990312383927e-15,-2.7727409637410294,-10.872354746015306,14.136500337010908,14.69491443196534,-85.52695829779444,-15.537266553394646,4.1242068140910884e-16,-5.422648603476353e-16,-7.175828913221007e-17
118,19.692407958945367,-8.572526545231103,177.42644912152966,34.46332168129538,84.89315162701703,2.8950667273455375,-15.157488428230677,-100.48261157112925,173.37330286204033,-73.30581420100161,41.8743813824977,-81.46652784093791,59.9759614546702,-107.86081696030332,94.26878532822788,-1.245253072641057e-15,1.4376710128814641e-15,-1.9284639212129717e-15,45.3265134271392,-20.408027038409752,-96.95143643694676,-32.69255694446266,20.86619623332006,16.190081571406797,4.8720053339066176e-15,1.5578811575959215e-15,-6.263275120718294e-16,-9.257602018599671,-151.3376248922227,-16.399163134232534,16.212478578510414,-162.64141185021802,23.001853534278894,1.5289574813967228e-15,1.2921711645843676e-15,-3.0134656869029503e-15,0.2692404836467693,0.9713366367068478,15.491137678721504,13.336662232953975,-96.27749668180907,-14.039864529490204,-3.5374126115426707e-16,-2.5614268763667036e-15,2.0674771440686964e-15
119,19.777453409696278,-8.48310417118085,177.40967002676848,34.80986697986677,84.55752467821874,3.113174971423042,-15.55759511476252,-100.66700328996345,173.5924234244977,-72.8314989351978,40.0897922328911,-83.55022006777632,60.563719414756896,-107.9597018790237,94.5115863417847,-2.151984315408843e-15,1.0096545082147706e-15,-3.849056850822829e-16,46.28546129285283,-21.00648365652611,-96.95116083289652,-33.55894569996959,21.465425580725686,16.50640339185999,-1.6671292154347407e-16,-2.3699060459001856e-15,1.6468507072235737e-15,-9.224273328064996,-151.4724901581431,-16.43062872012787,18.262306107292492,-159.49776667821675,21.18397247333135,7.509672180632947e-16,1.7840484947783263e-15,9.646580208892882e-16,-1.9698964821883365,-7.359358477724615,14.903573705144535,15.23448875651748,-90.66961316105696,-14.854310349325136,-3.956227155777448e-17,-3.921371113021419e-16,-1.476274093793048e-15
120,19.63644698396384,-8.471869843117979,177.38615127426343,34.930774088536815,84.62723542321908,3.0824430558870173,-15.886903086805766,-100.9790856486561,173.0817386102193,-72.27181281413313,38.65792144033352,-85.0248131707184,60.63111804985288,-106.61125638560429,93.28027696074756,2.0557700220644875e-15,5.753065204673577e-16,8.560123546851774e-16,46.33439861915105,-21.116774314877645,-96.95210342723041,-33.571229494462095,21.604589716115356,16.632507733325156,-3.129924331214825e-15,7.157317284653466e-16,2.861490883153345e-15,-8.55221641970578,-153.73469207326545,-16.77030902592319,18.55529062616023,-159.58627413834827,21.76263957092,9.694490649795754e-16,4.4229303214967735e-16,-1.742257171870726e-16,-0.777316201079166,-2.729590443545906,15.883688511116935,15.46428909778398,-95.0627300052668,-14.549020713461976,-1.249607801895382e-15,2.8320421293410296e-15,-4.570867533874428e-15
121,19.675742994615447,-8.847452419850459,177.51257605502144,34.763348143532966,84.97124211210593,2.8723150270365525,-16.3429225603954,-101.20508039391781,174.2965436325687,-72.62914257778847,40.04767561573683,-83.49704759775567,59.82528384579622,-104.42073850457275,91.1526676899144,-1.1879655942483606e-15,1.3447902573879102e-15,-1.5801366128376752e-15,45.31906149255696,-20.29819384507973,-97.3837380070103,-33.04893068144668,21.26286161212338,16.574450943396528,-3.1652214459633403e-15,7.231469799123483e-16,-2.5486967201264844e-15,-8.520482036080763,-154.197331551817,-17.037859650044112,19.67848199916295,-157.49533899426774,20.110560877746227,-1.3186192996397407e-17,2.5745204145032746e-15,5.920403805396385e-16,-2.452811209127958,-9.025973446685722,15.078399963669264,16.157341969222134,-88.50926937079021,-15.686950227414716,3.509291448146233e-16,1.9316409069167693e-15,-4.786896685647637e-15
122,19.540526368307276,-9.027451150829412,177.55024128449463,34.37747116385209,85.27491025950361,2.6721124568590864,-15.079250611922426,-100.75738003233107,173.70015758865713,-71.83763335597574,38.55546394028514,-84.47817786016233,61.179909832119115,-106.70270201562633,93.17382343747423,4.634749860178545e-15,6.069245143267512e-16,3.21230570055504e-15,42.966816841905505,-18.89575366816223,-97.80215940731104,-30.020424426783652,18.20422533662188,14.1459763382048,-2.06360224060332e-16,8.821464434709522e-16,-3.986172662518102e-16,-8.100076505652865,-155.3447403464105,-17.06519338143265,17.22117500759014,-161.2238000269505,22.21307970850113,-2.7794665541908474e-16,1.539392388779486e-15,1.7897560220078155e-15,-1.1865864626569869,-4.35712577488766,15.205004798872366,15.322753411015727,-91.78791499648264,-14.777535758348495,4.2679951553305687e-16,2.85665017486095e-16,2.973548928046862e-16
123,19.747545882709854,-9.042656063807863,177.5863065556132,34.107122271116175,85.1748170977935,2.7100741153742947,-14.662194470588044,-100.08172238338312,175.21274782273443,-73.14175141883585,42.33490768360837,-80.61162866217444,61.25979400827161,-112.25651818056537,98.20502309614311,-3.982126976471904e-16,8.823979086885162e-16,1.2592332669755465e-15,41.90777034237059,-18.20281299369333,-97.98963790883984,-29.162122189178614,17.44729943060482,13.630278638598456,-7.953875282015175e-17,-3.815407539860009e-15,3.4575031016059296e-15,-8.651309137331326,-153.0383159139009,-16.473264478153816,16.831613926172867,-160.05212332480633,20.03253826635718,1.8990169306002032e-15,-2.092685893508188e-15,2.5016430126265838e-15,-1.2864738341363042,-4.876278195711332,14.74386312617956,14.668048934327492,-91.30351914415932,-14.468514047468974,-2.592018346967309e-16,-2.8623243086118434e-16,1.6260910505974607e-15
124,19.570855738543692,-8.56623605438771,177.40708304015328,34.80384138300919,84.42875836715761,3.1866599686012944,-15.807623217900172,-100.01930145459156,176.2101462082161,-71.73868982229492,38.35251098827519,-85.12989269454509,61.382913546785076,-107.05052593299362,93.49728922935343,4.419047240087531e-15,2.1616310642404317e-15,3.746543926387945e-15,43.036498884379995,-19.044187811300482,-98.10079410339614,-30.5476842823974,18.920893789684985,14.734312735522348,2.6083287252381892e-15,-4.4273146721543517e-16,1.2678332325742337e-15,-8.467870784901994,-152.32239765836565,-15.68185483734145,16.060759861886723,-160.13057662620406,19.66377818356919,1.088771689225286e-16,2.0610767432370932e-15,2.392858761732247e-15,-2.98187163259872,-12.054498379056918,13.690347278569584,17.258999445047277,-89.24866303472145,-14.228185787918296,-9.175852795058552e-16,1.60840648003642e-15,1.3275989770420469e-16
125,19.612105364500405,-8.470790610748205,177.3823724484271,35.07813738190223,84.14739954832854,3.371299730905059,-17.710442286524092,-100.375551175653,177.90059198042937,-72.58041146187513,39.81952914630082,-84.07143361277657,60.375140922691386,-105.6384032277545,92.31565839707584,2.1452552253158593e-15,1.2826071723554955e-15,5.49146731448029e-15,43.66287830241661,-19.410422504633047,-98.18111121671373,-31.613554622676293,20.080941985669323,15.693089456823547,3.767393453033256e-15,-2.0239052643540727e-15,-1.3059497738161749e-15,-8.902549013647661,-150.975250689089,-15.583788101320339,17.946410448740757,-157.3821490906293,18.593313884261377,2.7057656546774424e-15,2.151372159720206e-15,1.490728210784781e-15,-0.4700579799230423,-1.749065337712558,15.038076647883836,12.923707684122737,-92.7933964534768,-14.420028607653126,-2.0944432534770999e-16,-4.854867170482118e-16,-2.0899447648580927e-15
126,19.51582153664988,-8.559849057607877,177.39718989565202,35.19392533165988,84.32676927950304,3.2768923192416155,-19.687780903302066,-101.26570579532383,177.8905693619975,-72.19289314543761,38.95307819056155,-84.99166967993692,60.63361038986525,-105.55491400414842,92.21942900233782,-6.493039713152182e-16,-2.732812887120081e-15,-5.3220295878189e-15,44.356820426411126,-19.93441738581838,-97.90828197955733,-32.598561966348264,20.965501949532804,16.198514150449075,-1.6607444599343345e-15,7.07433933701423e-16,7.313788831633668e-16,-9.003882008535358,-151.51712782316207,-16.089956767021764,18.309190786730877,-157.9202180266542,19.37561286757975,1.1761087641079733e-16,4.325262430005913e-15,-4.430353179510542e-17,-2.841293914502963,-10.971743377136058,14.342488789204882,16.24757024572172,-87.44537275469098,-15.330614275997881,-4.932354655524857e-16,-3.266783245592626e-16,-4.871858072466574e-15
127,19.60066797070538,-8.654649028320218,177.4396754753527,34.68777977946744,84.57979521498108,3.090894077785376,-17.48291094744717,-100.854914315401,176.32760023637567,-73.19459836229542,41.453538732239714,-82.1107155518697,59.436046792569385,-104.94264925935202,91.63503040910274,2.936142290754472e-15,1.9879616678288707e-15,-1.3217999820905436e-15,44.386549975926116,-19.978819361870936,-97.34559284317167,-32.48025195656717,20.57537600927198,15.712180581786864,1.1225725954632703e-16,1.2383517285582989e-15,3.4247961191541978e-15,-9.333067862496144,-151.89905016159958,-16.8941433047622,19.858888503643453,-156.69818393519893,19.02871337141907,-5.650709387276434e-16,1.0845904932546808e-15,5.659462915765655e-17,0.30534751021237305,1.0705195785486874,15.918067941448799,13.963458586335978,-96.46214231366,-14.35533017755096,-1.2034370242125536e-15,-1.807984322934907e-15,-3.931292125289343e-15
128,19.73065843871378,-8.661721691112989,177.4606953376241,34.55432058554759,84.65213304758474,3.0392278669585204,-16.33874298726283,-100.79618463439512,174.77159782270624,-72.96009611087209,41.0137225887094,-82.38026738483482,58.75224624333743,-102.37475128616197,89.25144701838089,-2.940249873714918e-15,6.037334192998796e-16,-1.2502703253291797e-15,45.01035163594018,-20.310729376760413,-97.04630378938275,-33.09188662164624,21.069274553410192,16.071167369578458,1.1213632514158613e-15,9.35456521622257e-16,-2.5250762812109905e-15,-9.209975459491616,-151.81750748459513,-16.63176985903413,19.150225910249368,-156.05236285908688,17.501966282773417,5.24945232279764e-16,3.863736897260622e-15,2.1336605224105126e-16,-0.2754899070987642,-0.9649600542206207,15.932216127045058,13.977348647022122,-94.49656996451293,-14.846337846769256,-1.376362125775967e-15,9.043472329213895e-16,-8.460905544359386e-17
129,19.678170624608548,-8.470596306966021,177.39163415213758,34.822242540515845,84.27556593784327,3.2761816714006438,-15.498503405010302,-100.5030457512917,174.44424823239297,-71.9910744006262,38.2705397499656,-85.27891527299792,60.00032188535473,-102.78752847221799,89.7357058146659,2.3688560155976985e-15,2.771590676800247e-15,3.727087240651942e-15,44.830518910544654,-20.1873952187676,-97.41364862741737,-32.280160588185346,20.129390034619462,15.318248902543786,1.1187239125470414e-15,2.137704414123453e-15,5.569376899787272e-16,-9.586735708911958,-151.44172206818033,-17.013418710621234,19.661509191633357,-155.72022085865848,17.260003174297083,2.7135029562386523e-15,3.5049114855942364e-15,2.238434950146794e-15,1.5819106101029228,5.396414070957113,16.29029604846404,12.999084620631825,-100.04639261927088,-14.082821901062212,1.3488698622710499e-15,-1.1526639517545335e-16,2.794104157501935e-15
130,19.90432305444553,-8.675385535307187,177.49017191669572,34.595870210191144,84.51021982134661,3.1234873993092447,-16.300137250361953,-101.00513144598594,174.28203047355927,-72.97612927218428,41.318312442897685,-82.12451461664268,60.7420056944483,-108.88384589817217,95.18765172668996,-3.365082911800859e-15,2.154490587949976e-15,-1.1377686891885934e-15,44.3534366768389,-19.72044316544484,-97.5726062600248,-31.856136896740484,19.485491904971372,14.796934072549439,3.518074711062405e-15,9.051919018454096e-16,1.2465441455807653e-15,-9.961344866362165,-150.19735922424877,-16.805069008078043,18.191105056264973,-157.55189483270098,17.613458346609956,-2.711588465389742e-15,3.0708786165523096e-15,-3.7910386894525356e-16,1.573062535241976,5.353597058248796,16.327439754793698,11.688103313726604,-96.98948195991079,-14.978259314968344,-8.763420209106676e-16,-1.7060367064635735e-16,-4.2560365194960215e-15
131,19.81482149160711,-8.858493515940381,177.53664868563422,34.502889325563956,84.76014921488091,2.9737313128263794,-16.127511172316176,-100.4151536982106,175.52125606460004,-73.53680706254652,43.630296045107535,-79.78593962995762,61.182377916678476,-114.19182250346334,99.96018431101248,4.2124642288753934e-15,1.1246901064222873e-15,2.810689262499255e-15,43.498793831955574,-19.19296584193837,-97.7888543048836,-31.148790194045343,18.985026960419003,14.519782867165452,-2.8090381209631336e-15,2.5601487189884474e-15,-2.499402493702012e-15,-10.01571683212826,-150.89363805660517,-17.348173438924853,17.910901949425117,-159.3852540453978,19.313250809829974,8.076562107075993e-17,-4.388175156380828e-15,1.2271357847013249e-16,2.5216410924716905,8.609587789072416,16.203122322389376,11.212801543955488,-99.04845265715923,-14.619256483041047,-1.0595273462317913e-15,-1.7358870899383199e-16,-3.450407982157153e-15
132,19.729650283957813,-8.94745868610422,177.55283454402985,34.346300069132305,84.91905890446415,2.8717644443543238,-14.292140995868284,-99.72950262795207,174.47392315483367,-73.13545244431108,42.21789367122641,-80.97789327318316,60.83462312376272,-110.0119479000657,96.12862715909752,1.59048448049755e-15,3.701450216002312e-16,-2.2790395620478393e-15,42.16811240126607,-18.44971505416633,-98.02548046515598,-29.93471751523561,18.0878347835782,13.945696693690802,-5.85737619226592e-16,3.7478284365598165e-15,7.268159724570627e-16,-9.475789323314938,-151.68316361062563,-16.989877706944533,17.593839233912917,-159.305791472246,19.28039917029499,-3.3710083006092505e-15,-5.013215008097203e-15,-4.344409624931634e-16,4.099862305286618,14.154015574823749,15.828153009718632,10.005602408663522,-103.14270619248651,-14.014251535912102,-3.6931178247739815e-16,-6.197962819554012e-16,-1.4583067738254916e-16
133,19.52963599800988,-8.93623397627326,177.51942164702416,34.35177513191028,84.96040642693704,2.8487097035409956,-14.345444992462225,-99.0201397644872,176.73912465898087,-71.57784413722354,38.13058260625388,-84.85218446105732,61.465525282755365,-106.64314727029478,93.09311487807578,-3.0057154854509625e-15,4.593441331740617e-15,3.388877606148637e-15,41.70302337739203,-18.20863814386098,-98.14460398880219,-29.410669579145306,17.948102436145522,14.08500132263908,-3.0468865805539645e-15,5.84667793717355e-17,-3.075215054904392e-16,-8.990522635228151,-153.55769613977927,-17.44393453928347,17.660385395651502,-160.47567444133244,20.988330680360153,1.8178596853213397e-15,-2.544473124469796e-15,-1.7087890916886564e-15,3.670072893955511,12.78924296260755,15.747962845333108,10.510946149786578,-102.4824027593028,-13.846869444570851,1.4710606944266115e-16,-2.3524871794968366e-16,-3.4586795260836295e-15
134,19.397321291686296,-8.928885229662919,177.49736474883503,34.27234175046189,85.06654273377049,2.7828598904137962,-13.135284210358334,-98.16018208759988,177.30841333940126,-70.89156768751641,36.35649354303799,-86.4522332732212,61.41126172469286,-104.11015986438116,90.84115435602108,1.3588872525325768e-15,2.288964747528287e-15,-1.9366819750143203e-16,41.76959713985116,-18.312075585443143,-97.95211920313007,-29.444713221413128,18.08233898669215,14.211181206138,-4.642926076190522e-15,1.9489791569415458e-15,-1.89913259211543e-15,-8.661793341468307,-154.12589473430359,-17.250032786317618,17.608954352286027,-160.89465620448738,21.889284857091624,-2.2983758715709376e-18,-4.381437568280286e-16,-1.1925984897514766e-15,3.021469402481079,10.553141052698395,15.797999101719371,11.184571599888667,-101.80584478211922,-13.755431278274846,-6.968017516680347e-16,1.036658076688642e-15,-2.7302713489728623e-15
135,19.53286954019324,-8.846117567294632,177.49108392130248,34.1062144664225,85.00781513190243,2.8041261001480984,-14.41804652192846,-98.38612030821788,178.94316303960247,-70.91812411111371,36.268038868207896,-86.3825355554354,61.01404259905207,-102.8511574738262,89.7203332727186,2.988382622782673e-15,8.32330891757976e-16,-3.647217018644694e-15,43.00616179797983,-19.05445451872311,-97.35058609930759,-30.969946365209715,19.32479867305839,14.982673295034843,2.4605411554871458e-15,-2.360426158961414e-16,1.721939715040218e-16,-8.548904654439129,-155.24713429547091,-17.869945092040137,18.776608431087354,-160.54239064952088,22.587489510636118,4.471814116348998e-15,-4.408294058175752e-16,-3.2163701704215726e-15,2.3365827361815823,8.145455273525798,15.89923750028417,11.16053306760263,-99.36034935510695,-14.238182398800388,-1.8284802656721513e-16,-2.265563323557095e-15,-2.274806354893993e-15
136,19.4742905147959,-8.564521520685497,177.39274875067187,34.18296194760271,84.75247996959352,2.953904285174778,-15.043916450253688,-99.0121358066022,178.23034539451513,-70.09055727084322,34.32181893432573,-88.3111133116025,60.91692067523015,-100.39858570445321,87.56919498208434,-6.745615890101359e-16,2.5844969030412827e-15,-2.8167444375208793e-15,43.95791018887104,-19.823291570155796,-96.85074922554097,-31.940869646676223,20.162247687955556,15.386343217716218,1.047540216352039e-15,1.3581984323762014e-15,-1.6727793890975586e-15,-8.529125593031717,-155.06914306794462,-17.695860903135554,18.421009218233515,-160.86599542110056,22.742495934332066,2.1167514555421443e-15,-1.393935526065437e-15,3.4649811987911003e-16,3.3641102162669,11.880779745661249,15.585132702115484,10.216002112215437,-102.82342974499068,-13.623421223784284,-5.767739354272581e-16,1.877534543201427e-15,-8.165221318817513e-16
137,19.408526820925466,-8.376706522040752,177.32380368443373,34.45143163061919,84.43643730701183,3.1540883293101913,-17.248000219113838,-101.73619121944442,174.43173239051004,-69.35698166942458,32.84934280477702,-89.97302389942735,60.42868416839955,-96.990127578482,84.53747468584034,-4.4848729226638374e-15,2.573072376519818e-15,2.81014213987963e-15,44.10168902059888,-19.994804649385966,-96.97502347340361,-32.38658132176936,20.865262176205423,16.002396643181186,-1.8823801642114527e-15,-1.914819387777166e-15,-4.885026046635165e-15,-8.844510177009584,-153.59459396928372,-17.20571627760433,19.280460983625755,-159.25285177007902,21.792814639052708,-3.9275856683531925e-15,2.2340363497455433e-16,1.2560617619640558e-15,2.0948135842228752,7.2784505665516255,15.97095048729178,12.762452581973328,-101.68464690786082,-13.488380176967878,1.3838744406819499e-15,1.3563812273359704e-16,3.1605972837398442e-15
138,19.476769542747153,-8.380254456819085,177.33446252235856,34.417097441928,84.3647273376955,3.1921339896482253,-16.455172308415857,-101.88488118813781,172.92842602770597,-69.67862872926423,33.40490718669723,-89.42892932975609,60.53813188346562,-97.98004267512535,85.43492450102315,-1.9441094416571507e-15,1.048807690237783e-15,-2.026811559595234e-15,44.4802499248831,-20.190860854964157,-96.85363644562958,-32.87458391560447,21.41728165192407,16.487977736502106,9.518663897812549e-16,9.960166963591926e-18,-1.3533838684337893e-15,-8.721588829086867,-153.48042820227312,-16.90241668941234,17.959630061967182,-161.0025628929771,22.887309189263714,-3.1235431488906045e-15,1.7635789218689246e-15,5.418179108295114e-15,-0.9204129501374597,-3.2838695409357515,15.64033540485688,15.194029686410419,-94.84764898430865,-14.393375337320661,-4.146096815571261e-16,-4.173520082360406e-15,-3.998777513775605e-16
139,19.40363423946008,-8.470486015597489,177.35284284359366,34.58740080105305,84.31986448273193,3.2315751439010043,-16.839818721625683,-102.36195490255284,172.3397297585713,-69.81175454748617,33.55607005753915,-89.47002690074846,59.299856338095765,-94.98066226562186,82.79686175065251,7.552154112017798e-16,-1.613908341602336e-15,-9.88895754314348e-16,43.540317337767256,-19.523847672579898,-97.48256976719126,-31.735183522070276,20.359264043626236,15.82730558603232,7.056676738003736e-16,1.7700470617738527e-15,2.447686063550457e-15,-8.47548927559036,-154.53898505633123,-17.19957953240407,19.824046822083805,-159.27177484086238,22.747541030844896,3.567962339304429e-15,-1.4417591368431636e-15,2.4761137926655606e-15,-2.060983989039815,-7.620086715815506,15.046153281049547,18.032045319738824,-95.05851640475348,-13.613874778187112,-7.361775948686698e-16,4.518996120132172e-19,-2.9980526566857553e-15
140,19.77395568482783,-8.584314889893127,177.44190169050015,34.267486420717766,84.45216592091232,3.130428290424603,-17.237000107360974,-100.93931341044001,176.31283660716807,-71.42748193650567,37.03841210392211,-85.87074892844679,59.60887913136896,-99.68549262087699,86.93333434683564,-1.1549434949445426e-15,2.6285281180296843e-15,-5.638564771344748e-15,44.035045389094535,-19.61842733928605,-97.24401679236891,-31.931562010508532,20.027648317845724,15.424231559112904,-7.407477764277226e-16,2.5328318180430734e-15,5.36060367643256e-15,-8.95642481512404,-153.61187563633524,-17.421083510299713,18.5933051381469,-160.04597160318232,21.76541946787805,-6.115753789036246e-17,-6.650970584609173e-16,-9.614204410970705e-16,-0.7142363885203342,-2.5883429058953022,15.416120339254176,13.073725368538453,-92.09748970834602,-14.957593037642672,4.898169048190777e-16,-3.715164401411963e-16,4.168589366589079e-15
141,19.40527591603088,-8.470813151049992,177.35317647509137,34.70321049430208,84.36218331731156,3.2167687262477065,-17.721977107878114,-101.27566580743925,176.05006117323856,-70.3297778973551,34.75280757331525,-88.4508532700482,59.61366466997563,-97.03622633914883,84.56008930486242,-8.827355695056957e-16,-2.210605287698604e-15,1.7459186069667356e-15,44.362994391945435,-19.939152114112375,-97.41164215619428,-32.53786165375127,21.262574740673735,16.662004872102994,1.0640011499634759e-15,1.433421106104214e-15,-6.528017793854396e-15,-8.484989490893618,-155.14257823726047,-17.66612806868646,18.910900667803844,-159.79509845521517,21.8289970774547,-6.699735738372346e-16,-1.1799264297310587e-15,1.394212699368888e-15,3.0058100881175815,10.73109985095418,15.466385898301251,11.921398386861556,-104.38807771101591,-12.715364607964887,-4.3009655632056067e-17,-1.8118496150766593e-15,-2.401869433767352e-15
142,19.500166691577807,-8.566141805673174,177.39696286695886,34.613051721834786,84.53540464773539,3.1104479360461696,-16.78416832613793,-100.643744367324,176.1791120679586,-71.14428575833718,36.48391210486204,-86.7288318725316,59.58319241912314,-99.1773006090507,86.45294615436801,2.2274584659856044e-15,-2.1471967556549167e-15,-1.393828607182574e-17,44.38024090845381,-19.966571967202427,-97.28569855970157,-32.12088270784345,20.252014561671004,15.521409751341313,8.588041857948819e-16,1.0756466708943547e-15,-3.1921394690688246e-15,-8.418270979243953,-154.91502062517011,-17.366588611487213,19.452596709471923,-158.43000684587693,20.86877456231225,-1.4571490245927304e-15,-4.3193138793092076e-15,5.967044073507198e-16,3.9774327674821257,13.906067231810281,15.650635368310908,11.498586898563133,-106.68591157349802,-12.716381098378575,1.8451337122634297e-16,-8.392911471843354e-16,-1.270584411542582e-15
143,19.23730531984606,-8.83067953393962,177.44259965086974,34.86049694001211,84.80385558194813,2.9755051395826615,-16.692004220316452,-100.89414312056992,175.18797975803045,-70.15656247405929,34.603177610412736,-88.71165602969637,59.55031028952934,-96.36617870892107,83.91213244669159,3.3942822266972717e-15,4.264576996882785e-18,-8.891623821808547e-16,42.52311498852897,-18.8982034870241,-98.10872181800185,-30.27285101859614,18.78806032193773,14.560772978628464,9.956073886573722e-16,-1.9514997702848773e-15,-5.093981009899456e-15,-7.695536612396609,-157.1532134023051,-17.631824934387055,19.8612162274146,-159.34382375084928,22.835755046156535,-4.22552128178861e-15,-2.672249037260586e-15,2.74690435374425e-15,1.8288867861883011,6.312523329171613,16.092922816737577,15.742210961237323,-105.23728211668214,-11.967146956622562,-1.0300483004405046e-15,-5.679568233015394e-17,-9.654821495172383e-16
144,19.48993042706626,-9.02827056310656,177.5428825619704,34.38671744735825,85.19159265296494,2.720019929507684,-17.023625773727726,-101.1176697929969,174.95975120663877,-71.15132347158556,36.73888333150889,-86.2170680018365,59.12629174595702,-98.02219666512268,85.35612747345458,7.156939884577244e-16,1.2477130838724564e-15,-2.834698468147243e-15,41.71173377184853,-18.29176992629983,-98.06297297825158,-28.788668593402452,17.048522874607713,13.089708106172225,1.2818518377158617e-15,-9.724797046903246e-17,-3.7261786245721127e-16,-8.293822875678622,-155.7085999858565,-17.724148371026434,20.53721399820964,-159.11912268701087,23.09005848368684,1.5236523839826443e-15,4.258908068082432e-15,1.1427904377811186e-15,1.6114513257074403,5.554739353614395,16.127556880223068,14.012521267733385,-100.64562765756114,-13.599790263020392,-9.249818560954848e-16,-2.4982770309921478e-15,-1.912748920610491e-15
145,19.56290937603438,-8.938583941304918,177.52513303042358,34.42343673493016,85.11763942171385,2.764572707030817,-17.366862900780657,-101.19340904467987,175.08083252961552,-71.49218420848459,37.63099551724801,-85.40900361818252,60.52169868338474,-103.03212337134867,89.8407961386074,1.1219729598713147e-15,5.987168374135216e-16,-3.391915175441785e-16,42.72349563297711,-18.77178033644464,-97.91182291343497,-30.70749585317006,19.358811498916552,15.31867680933834,1.4286282339619512e-15,8.778273661526049e-16,5.012180298555805e-16,-8.358256563878442,-155.43355833462408,-17.64017598018564,18.33212569221217,-161.8565586370528,24.362546321212868,3.4896263117248114e-15,-6.688965983918301e-16,-5.357033277056009e-15,-4.12520885539055,-16.14555265184964,13.954650614961682,21.804215584944373,-91.5976245376429,-13.946454826794715,-6.719554112954093e-16,-6.830447713965735e-16,1.996384494678595e-15
146,19.52100580613641,-8.469458380632817,177.36908916615434,34.458073357302936,84.62683909634134,3.0462209373344766,-16.77167003988502,-100.81751789562564,175.46374461450708,-71.10323911299182,36.25144262045917,-86.79872981816946,60.472478244340294,-102.18733899765193,89.19998406540739,1.2572553775368854e-15,-3.748781756539691e-15,3.403238029309805e-15,44.587874955194344,-20.0467544537044,-97.1108659451868,-32.99907860613025,21.979267811565926,17.36569546332406,3.27510211439453e-16,2.3946984774350147e-15,1.9899228063410183e-15,-8.7840549564922,-153.99797465352725,-17.38405865496938,17.242640098750414,-163.04968797890282,24.787017712944674,2.319573577690406e-15,-1.2932908405463285e-16,-7.173580007731057e-16,-5.155042379896217,-21.21010582051018,13.035934625959552,21.19792486971469,-85.14276258717958,-15.76177209210132,9.526095200074186e-16,-2.2724714338331885e-15,2.4214102703763474e-15
147,19.49983224584245,-8.562440945944392,177.39573363616012,34.505614764735775,84.52666847070799,3.1069881001767334,-16.064386004274596,-99.82212696067546,177.26058625493553,-71.59533683248618,37.494081807108884,-85.67176647163697,60.459679778234246,-103.22495473164133,90.10578940866881,-8.533544730232721e-16,-1.7477265861762785e-15,-2.0864513849512133e-15,43.7755798999308,-19.515983967916053,-97.50153430472126,-32.05670910583097,20.906387104929138,16.521107091790597,-4.347522254472586e-16,5.903617567251547e-16,5.016995579675727e-16,-9.114021359363182,-152.6866185829608,-17.051720167020473,18.41650521759029,-159.56193484990771,21.01953551113054,-7.5392878685468e-16,6.92229786422184e-17,3.362175360652686e-16,-5.029420889243983,-20.791258234244705,13.001285694943006,20.712660400414762,-84.50365455363264,-15.873722171883749,9.26660113109173e-16,4.6986740504563035e-15,3.769152493236043e-15
148,19.38621737021874,-8.462614822786565,177.34789215466316,34.69386670277607,84.38483231871669,3.2030368198538186,-16.088507438473997,-99.81222652253173,177.32728766297365,-71.01308782627838,35.891219661954096,-87.39675176157284,59.387640941181246,-98.46413411889344,85.89403321988968,-2.6623788773438157e-15,-2.035722562445984e-15,2.353902804213839e-15,43.6200474854803,-19.588398208216258,-97.53699485962869,-31.526896971938736,20.108750626330707,15.616309648948253,-1.7430518838938995e-15,-7.165197449566651e-16,1.2915010834468194e-15,-9.502974955912139,-150.58321952152858,-16.320170791087545,17.583989865828933,-159.4332179084133,20.01924056486973,-2.222966882489315e-15,-6.9273963388199325e-16,1.4611848664875788e-15,-0.12532225792159654,-0.44269058662050015,15.80609381553355,12.567774128432246,-91.68849920233032,-15.439068795240205,-5.79229563728462e-16,8.824477286629336e-16,-1.1330806171607363e-15
149,19.297439431758075,-8.544862121072343,177.36128362368905,34.79011232394227,84.38487733614308,3.2107623763843423,-16.08754192300595,-100.23742177842662,176.18396481895908,-71.6535500714792,37.448029243020606,-86.01925642986751,59.3189737355101,-99.90297099396726,87.13869894501538,-4.143437863584003e-15,-6.340972792805821e-16,-1.7016483029695817e-15,43.08290612972591,-19.276039954097023,-97.80684327817325,-30.577412842161348,18.98234826274661,14.624210337717109,3.904612099006875e-15,-1.595560520561082e-15,1.115477235664883e-15,-9.263100521214605,-151.74959421906624,-16.676710450460565,19.56326360566854,-156.67946395407736,18.82540181060221,6.577120980922116e-16,-2.3363732835101284e-15,-2.2840187544351723e-15,4.641629865537826,16.427614629306923,15.347737832146127,10.009184378220255,-106.53220000188233,-13.064838972234968,-2.591268627103702e-16,1.176661035789212e-15,-2.29224754376242e-15
150,19.325928425490616,-8.174175779646431,177.24839003880913,35.17804776085919,83.8382764882604,3.5590513717846703,-16.574455687121706,-101.00711396496517,174.8985511366925,-71.36587930024132,36.64635916058429,-87.19988670501472,58.41806830581936,-96.91619347570071,84.520024496056,-3.825566585095599e-16,3.1886802995286066e-15,-2.041004669708346e-15,44.93722964213643,-20.50892582383296,-97.42952411033643,-32.42642414680834,20.589887200523158,15.667860060128508,-2.456226048114917e-15,-1.1281401594231873e-15,-1.6583217489218095e-15,-8.877052021063482,-152.24085301944592,-16.340628512319174,18.282094848558373,-159.65056179619486,21.685833601460903,1.3127333341467768e-15,2.4232434991160534e-16,-5.146864237946788e-16,1.703757679977471,6.036388961815734,15.703929808773493,11.752181422793436,-98.32859131904941,-14.08586592441536,-9.362530897574898e-16,-5.832003556695452e-16,-5.815656222654484e-16
151,19.241354126403728,-8.166345890320608,177.23439632501456,35.52980092919195,83.55911330944977,3.7534370120283427,-17.482036010848965,-101.04050039194715,176.19759584712563,-71.2293051908561,36.41274590064401,-87.78149294082503,59.18497999001417,-97.8880104672483,85.37997087150522,3.014229209690215e-15,-2.3605704069665777e-15,7.963986969473621e-16,44.81801595384652,-20.366289518362372,-97.92712636984109,-32.35883884977242,20.62959939909368,15.819710172198347,-4.117102657228194e-16,-1.6680642062135946e-15,1.4054359201982831e-15,-8.43222215608839,-154.934069100353,-17.40759987299485,18.87451433126131,-160.55360129806786,23.21215856955942,3.0364263150874135e-15,2.3305166975690483e-15,-9.403862313848853e-16,1.3039751022077286,4.554433212141325,15.943634255172137,13.392478670864037,-99.46070141268098,-13.785163150218107,-3.370005695584507e-16,-1.205554329579398e-16,4.0455241177766067e-16
152,19.331105116824762,-8.083993073324885,177.22066291273842,35.40661742653768,83.50715868109641,3.7725166739205873,-17.8538658725924,-100.97153153428874,176.94745514261436,-70.7444119805505,35.509894171703436,-88.49754232812458,59.32155783067446,-96.93887655232456,84.50554516641765,-1.4398844323219326e-15,-7.418087388138163e-16,2.024571817830208e-15,44.198311653103545,-19.969439583646366,-98.05141366935727,-31.596943157361785,19.834102963709547,15.192664533296027,-1.300660192020616e-15,2.5446354771054022e-15,2.2109106061228443e-15,-8.70357018094525,-153.775514189168,-17.076763146860294,18.0433931184603,-161.19191239416207,23.176403051615637,6.113748827873608e-16,-4.9175574496942744e-15,-1.5775927677367304e-15,-1.1874645684491827,-4.266224308965315,15.525632944973193,15.233707139052685,-92.3399535047056,-14.954706828938317,-8.033912554368916e-16,-2.2160605638059114e-15,1.6330747502816312e-16
153,19.35847650475938,-8.175816099684942,177.25334491808974,35.13574743462471,83.72262168769099,3.6224198857853263,-18.17381832669443,-100.91431135564355,177.60518310085058,-71.9824742827409,38.07739005569049,-85.81420837179664,59.99691050383188,-102.58194259627483,89.59693245214982,1.8105393915220595e-15,-5.525145852582517e-16,3.3158025886052895e-15,44.5856911264753,-20.174329286962642,-97.67014266403123,-32.254519846886545,20.607019926788016,15.882297092182872,-3.155968111354656e-15,3.6189157090232885e-15,-1.3644211058931452e-15,-8.879793710488423,-153.9491429018171,-17.524929665518048,19.366264296200345,-159.52590685494263,22.026638444854495,1.4383877727955602e-15,-6.366787453060607e-16,-9.478679361964282e-16,-1.9759664674461996,-7.133781279428705,15.402873228684202,16.230655204558094,-90.5829296943647,-15.363119475623833,-1.4923782976551647e-15,3.539350059436225e-15,-8.716250282103553e-16
154,19.324298146034703,-8.17409268499014,177.2481413095814,35.022281660677464,83.75867897179909,3.591386880541399,-16.609158199811915,-100.43211807121685,176.81768896176737,-72.75841162097036,40.364281585206434,-83.51391552056002,60.464851825366445,-105.1699118781625,91.90855390516509,-7.950136644595292e-16,-9.483392938493053e-17,4.973721765197336e-15,44.528403737071706,-20.15663943604198,-97.55314043831171,-32.29837225762557,20.76025164845816,16.047442203612707,2.3928279685797994e-15,-4.702589196376294e-16,1.3773419689902743e-15,-9.161546007279187,-152.7281172697402,-17.163420823246778,19.325958593750425,-158.49381726694025,20.63582161667633,-3.63418425282123e-15,-2.239491043095119e-15,3.6690238165834765e-15,-1.8260380388345165,-6.6198966723130725,15.353123366064018,14.553956161546433,-88.33867044229815,-15.876326903656995,8.535118826133755e-17,-1.235949085881431e-15,-2.9918853085023606e-16
155,19.33760383449867,-8.171395238270946,177.24910833113736,35.18220474404314,83.65993419050716,3.662994113783233,-16.688371166874187,-101.01787018583668,175.33875768114717,-72.89451983515086,40.74498281231945,-83.31719568500299,60.81782174188352,-106.79154109465439,93.4020571170502,1.1969982472712525e-15,1.4455072061184265e-15,-1.9152797345035926e-15,45.94074054394624,-21.05542482867648,-97.16938639048345,-33.65480642842688,22.054370362376577,16.997431555432033,1.5054222942374343e-15,1.843548864577614e-15,4.70997119719975e-16,-8.872293683317881,-153.943261295341,-17.506867373186566,19.074864287432536,-158.36116612079198,19.917271961811558,7.54239749289509e-16,-2.204237403400156e-15,-1.56434388429057e-15,-3.2901852686648727,-12.490828503755274,14.524798254682235,18.126496124825294,-87.92308482087452,-15.531380638852955,2.7224956726563684e-16,1.6739072195829422e-15,-1.9082350918720808e-16
156,19.478893433530214,-8.366532482526116,177.33039759979138,35.100103563491835,83.88186113735124,3.5269417453207486,-15.92368465105958,-100.79928165559605,174.57289032593445,-71.99279272765298,38.82824690252755,-85.01345357781818,61.89456947049686,-107.63328509932387,94.14271293405818,-9.602840993647113e-16,9.267121445800154e-16,-7.118487026224996e-16,45.37150275603841,-20.638677203747058,-97.36475086786703,-32.99184513371239,21.027798282598408,16.036962793876572,3.3941011342500326e-15,-1.1933581167022416e-16,-2.3929107371238636e-15,-8.637910703632262,-154.4797818058702,-17.46321958697094,18.17180006929994,-159.2729184285022,20.070894325931857,-2.871437728926068e-15,3.6101416698800705e-16,4.358206741281029e-15,-4.012486070296124,-15.648491822973392,14.025554116422816,20.60801044308698,-89.14115011864429,-14.879458850681289,-1.2245365925592702e-16,1.4550077649580272e-15,-1.3407609231005994e-15
157,19.482049773500638,-8.179681815136913,177.27141602672805,34.95413776352707,83.71183512205255,3.612359384912277,-15.027349364495379,-100.92831171711103,173.04816853357875,-70.98457593411007,36.038219760249,-87.53635820536842,61.387028881005634,-104.03328735728034,90.91419018799972,-3.992204467611657e-15,-2.3371987750518826e-15,-8.507380019189168e-16,46.06830926722401,-21.164662762230407,-96.8540003951989,-33.640444914397634,21.688551365229767,16.496362133688727,-1.197701779771496e-15,1.5341439000371838e-16,-2.283184521812169e-15,-8.364500436875653,-155.44445886295733,-17.660781406022085,18.050026321872938,-160.12211815891536,21.111595946802154,-3.3240248372505025e-15,-1.4039338997428773e-15,1.2585107457479927e-15,-4.3831831256179346,-17.48035957869924,13.641026641160176,20.975039243514164,-87.89916824651381,-15.067525293387243,-5.596850643141808e-16,-2.1520618757855774e-15,-3.9472066226710415e-15
158,19.667786665326553,-8.377389857221388,177.36021388383566,34.657382971527554,84.17180212066545,3.3220598544069757,-16.477351878403557,-101.65209645821989,173.16953575668418,-72.44138056434804,39.57968220321924,-83.86873927582502,60.80893308148259,-109.51140059728793,95.79035880121091,-1.2636846890912115e-15,-2.434891111382638e-16,-1.0355594944049706e-15,45.416044798082034,-20.59593478947178,-96.9786647676636,-32.57045945620372,20.222005428909615,15.260855143608238,1.584872907413103e-17,-3.3025682805661488e-15,-1.6809908103427707e-15,-8.957986220787337,-153.35146666905513,-17.23855532206179,17.277109434172228,-160.74708351925304,21.010932481771,4.776532250336776e-15,1.0983300808124483e-15,1.886539857369244e-15,-1.6687294908816954,-6.087434983319926,15.272649111312361,13.765972767431636,-88.58896666062846,-15.697215433179355,7.299660970893895e-16,-4.4383990273652973e-16,6.471697880460082e-16
159,19.56512717500499,-8.277875607824459,177.314096911357,34.70241874679956,84.00970049562926,3.418780135309941,-16.074499012269804,-101.72431124979896,172.52259206004695,-72.85563041042191,40.631380801867145,-82.92698868791975,60.74328588101291,-111.13137216860578,97.27520728412988,-1.4931658936904208e-15,-5.787033104671628e-16,3.0298394573031718e-15,45.76549687363304,-20.902602563254693,-96.7901954332057,-33.56695803100398,21.597378388254334,16.446227995067506,2.823755879429618e-15,2.895717009154881e-16,1.8265586530923623e-16,-9.000130730518,-153.00151308708806,-17.068810613985352,16.547265811711064,-161.97881319072025,21.966637199721774,9.020798474863556e-16,-1.7101385000443899e-15,-1.1820710729155689e-15,2.46386494984643,8.626934015387134,15.820214030974807,9.855902233495211,-98.94818812453723,-14.46221301008138,-9.170368669271335e-16,-4.478134352771108e-16,-2.365993286569521e-15
160,19.750318168132594,-8.572204772045557,177.43461597488863,34.40812465218797,84.3288677339684,3.211804257485271,-18.034617533399743,-102.80036780625004,172.88814450394077,-73.59592485600842,43.145778857640536,-80.20421826370767,60.44775438454704,-112.18934335647741,98.15257497613545,1.9961480075550643e-15,7.722835538797172e-16,6.022956035171008e-15,44.2844441658432,-19.776133744512702,-97.29291856577038,-31.9673980659136,19.79623770312522,15.078717012780496,-2.5916617303939584e-15,8.650424792780292e-16,-2.842348482504117e-16,-8.914221736760354,-153.06938034601217,-16.963281904776494,17.021017431671417,-161.66221807419814,22.347802530499926,2.2945258103562044e-15,-1.6375699320704135e-15,-1.874321765151794e-15,-1.0416597667819174,-3.709809490795029,15.662290875536257,13.23335414775264,-91.29661602739364,-15.399160246890146,-1.1379096854328307e-15,-1.5113112424822813e-15,-1.4544857435985394e-15
161,19.57969336723827,-8.469075351739303,177.37724988651988,34.482065053525695,84.01377388302657,3.3974894843965666,-17.297490266473318,-103.16597743689734,171.4404912640092,-72.96270001915777,40.90933840068858,-82.44285157898075,60.33734858321723,-106.53564034923657,93.11867610228228,-4.121912060391099e-15,1.5989615695114574e-15,-2.187927079265979e-15,44.08655990165884,-19.75025218690814,-97.33223479725959,-32.35898037131618,20.612530813026524,15.86505551181971,6.520576941592541e-16,-6.423724671851512e-16,-7.370020035935891e-16,-8.177002464192556,-155.2530615655551,-17.14853350229267,17.695355318428927,-161.40515813170305,23.151111056849533,2.080355688818549e-15,-4.387518990690248e-15,-3.518057387655353e-15,-1.1338080480056063,-4.038057505280066,15.658036992548668,13.670094763312179,-90.87942862339142,-15.490157088758998,1.1827674306930878e-15,-1.2500484835161179e-15,3.9459295663000995e-15
162,19.647269063877033,-8.65693703475463,177.44712651055787,34.196522476607775,84.28316804206838,3.2203589947399314,-17.154662963865327,-103.07193658916117,171.4980309248506,-73.27513483047456,42.02902478740255,-81.06644594726102,60.53392993192778,-108.1711885695873,94.57346091783377,3.3931664911424395e-15,1.0979646870925517e-15,7.147427442043911e-16,43.84854110707696,-19.433058363777874,-97.34072504088222,-32.149079792924326,20.567468384644098,16.085855875863473,-6.211288534419892e-16,1.5242682064288206e-17,6.009110275069292e-15,-8.152213938522724,-155.53142735592562,-17.30765927156536,19.26184619977451,-159.9074802880909,22.966594679803315,1.3696839102470912e-15,6.300378059199191e-16,-1.811653044409328e-15,-3.6797758738190827,-14.079667523171391,14.353735609519013,21.219038909359156,-92.2063069765774,-14.009424789666951,-5.498762071536655e-16,-4.349044328688888e-15,9.092848090560518e-16
163,19.452892141534903,-8.740438596883386,177.44565045781638,33.95038642578699,84.51863007646551,3.067645859713494,-15.303857488374955,-102.29176186105391,170.54497883471657,-72.61234783317731,40.60458912766223,-82.13910083308909,61.20862318973573,-109.14213622671207,95.4001026456184,-2.865143686350803e-15,-3.3177364904322346e-15,1.852909705838885e-15,44.28986480721479,-19.767398485679177,-96.83918651545864,-32.56589500192247,21.11541848876063,16.536251500809954,-1.0791338655245049e-15,-2.4650804879880563e-16,8.79634277287161e-16,-8.270203930295121,-154.9859766673102,-17.13307966714864,18.74835942862415,-160.28320583656551,22.91643639055472,-1.7628011879108344e-15,-1.077127900773876e-15,2.989920949644644e-15,0.5149708918105549,1.803971905866299,15.926990055685678,15.80661016638381,-99.58216336981745,-13.30224541181612,-1.0763042455648445e-15,1.2563903541722516e-15,-1.3654121966252361e-15
164,19.458600726552792,-8.650386179192703,177.41782325665307,33.890104435755,84.48706161224545,3.0805739952829154,-14.720982081287442,-101.17142097698877,172.3897424740389,-71.44292112930273,37.81280611264047,-84.70944746719243,61.65758872122257,-106.80870108493987,93.25898715397561,-1.0397187142573148e-15,4.147299582796285e-15,-1.8635148710000824e-15,45.22740512748424,-20.383581512316812,-96.38530031080286,-33.35545052729491,21.830420672382754,17.013170952163424,9.923731948875966e-16,9.864621571784542e-16,-1.1041760258198107e-15,-8.783833071499652,-152.73952565075604,-16.508023354820224,17.89113942430456,-160.55191548883744,22.382586674519025,1.8788632915430613e-16,-1.2382928238242282e-15,-1.4043372076125412e-15,0.6761199773923224,2.342500447183665,16.090957505947973,16.09193283491481,-101.44654025418836,-12.89251086847455,-4.0213192749913544e-16,6.1696074366803995e-16,1.5554083911658148e-15
165,19.229951337963474,-8.73201501307504,177.41047835891516,34.316277021551045,84.48389730710608,3.1163289121499957,-16.224633592541615,-101.65150175568753,173.45451862312254,-70.53611826233197,35.773809319357234,-87.05311845038247,60.22278633823786,-99.05653414700159,86.20387383888729,2.2371497765026634e-15,-1.988688292452885e-15,1.8384163922475944e-15,42.91011043669446,-19.05105200442285,-97.54626182274735,-30.737573691346395,19.36290862645643,15.163766944717258,-5.838180577194875e-16,-2.55951564052352e-15,4.712797157650909e-15,-8.876857946975997,-152.17513511187005,-16.297329242305587,17.27580585427247,-160.0455713505581,20.781022688389736,1.192061614540849e-15,-3.507885881184197e-16,8.897400589924526e-16,4.374692840626828,15.213900024924575,15.667907430522689,11.568143227118574,-108.20186251881239,-12.479858716513698,1.6328013085631656e-16,-2.0871537051863484e-16,1.546179551074738e-15
166,19.345523016812262,-8.547179449116832,177.36887075077513,34.64866088743045,84.18092738653658,3.3161054432123978,-16.366701415615566,-101.7644196559798,173.18378737522218,-70.86838324730176,35.98854945818211,-87.2379843972188,61.15770310482671,-103.04146160880377,89.94777681896525,9.26640700544074e-16,-1.7883659975950028e-15,-1.5914851471673897e-15,44.097095545961075,-19.755966944377185,-97.488165397274,-32.28493608944469,20.98568441636352,16.452650695366753,-3.659147839584171e-15,1.0944894753582865e-15,6.194253957385909e-16,-8.562976257791329,-153.52278489531957,-16.643383258860474,17.78883234678141,-159.67626550878848,20.856061943481794,-7.017580159634597e-16,4.796886741219379e-16,-3.4128555426891022e-15,3.073477510178288,10.48110374570986,16.162782027327278,10.742335547512004,-101.64623198650315,-14.244662388512532,-2.852060014094051e-16,-2.3661634227758797e-16,9.587282876873417e-16
167,19.263501119121937,-8.633187766394796,177.38424694120096,34.769218220269664,84.23097899284906,3.2974308720194547,-16.619300385655542,-102.50240500387287,172.67663155132863,-70.93695440577686,36.01574842030985,-87.34021006521704,60.46062659172525,-102.45189018353393,89.38906911587156,5.668199744865376e-15,2.2721821726479096e-15,6.132496875781308e-16,43.5760054048226,-19.44798824376943,-97.78215646112893,-31.77864940493112,20.523679355268776,16.120429954135115,1.5166768004903634e-15,1.0121511224864847e-16,3.87644582287752e-15,-7.918690029238955,-156.1718503175764,-17.325096609816768,18.217158553007454,-160.53012880642942,22.48752221792434,3.5611205080285534e-15,-3.0687007182838424e-15,-3.682217607493723e-15,-0.4769354141287578,-1.6757218814858847,15.882667060957777,13.304280864692164,-92.40757223192793,-15.335296598452931,-4.315561514226226e-16,1.5374256967959797e-16,-3.325286189772362e-15
168,19.21462122225626,-8.352652777220202,177.2891593753372,34.7540242380198,83.96890740369834,3.4466424722052773,-16.63949534407947,-103.59635735224327,171.316101455836,-70.14807325053057,34.16491742554444,-89.08942446690526,60.21889021127764,-101.15514885892289,88.25035664785568,-2.5330843048511626e-15,1.219589615470931e-15,-2.9136653267620533e-15,45.321461608198625,-20.648135191448144,-96.98134291519162,-33.34798589759608,21.968114526377274,17.047407557687404,8.992880160037403e-16,1.4699770577767744e-15,8.296874901245923e-16,-7.490337856178709,-157.59990307523003,-17.550762655430198,17.197851809320767,-162.91083342003657,24.846905328804166,-3.155566437964607e-16,1.3805855248919777e-16,-4.1154386585912955e-16,-3.0483626106741792,-11.455990726369635,14.70369618345276,15.88253530710164,-86.3966673082969,-15.99685324808219,7.268333504720324e-16,1.3369788056271842e-15,1.7626787640877529e-15
169,19.126115502862167,-8.445387224677095,177.30576965193296,34.917302290584324,84.03557797452024,3.422306415147147,-17.924676719736237,-103.51876158540266,173.21706759942748,-69.95405194306501,34.16269043820888,-89.21857388188978,58.54443247417431,-95.89917708264291,83.45771419866954,-5.192091531060008e-15,2.9506558214975385e-15,-8.772177103614894e-16,43.610024919257654,-19.59071189439967,-97.7701826309794,-31.560848059473532,20.31443501628688,15.880543679761786,-3.5062214174937902e-15,-2.1829597113328187e-15,2.45323425545245e-15,-7.632327520600845,-157.0671183333086,-17.427904219708132,17.277971733982668,-162.57703691869992,24.44503592566251,-4.228646052520379e-15,1.1781579121583412e-15,2.2194894468214666e-15,-5.858690539031484,-27.132285040420854,11.265623404014859,26.869120111307204,-92.62004305453655,-11.495690716423095,-1.457406037757942e-15,1.905977130675807e-15,-5.204615779490953e-16
170,19.100509507504274,-8.534081353252432,177.32982470723366,35.08122816542734,84.02390106255315,3.44304559311308,-16.730114994162832,-102.15843905155403,174.57195534901314,-70.81942116298657,35.987024108384134,-87.67229583607121,59.41019413282382,-98.64200151362347,85.90170449565242,1.7579000128075692e-15,1.790999303936211e-15,6.169862865928381e-16,42.96180708449639,-19.265166191610714,-98.07720187527828,-30.978081886702014,19.641074502697773,15.228052022255605,-2.4081778354969047e-15,1.602028294830372e-15,-1.358960232621634e-15,-7.873794378172483,-156.17801061659412,-17.238005258341513,18.96511463644382,-160.25728257869582,23.26076754859501,5.908779170186419e-16,4.48961765362188e-16,2.4285733191492523e-15,-6.426237341293299,-32.815084295431646,9.846820846237609,31.923374767554005,-110.04075112784832,-0.8233169225980463,1.4974056999768992e-15,-6.5185632627289414e-15,1.657333569407653e-15
171,19.10258619292462,-8.714001826455606,177.3862761205955,35.416446639220254,84.04650929859494,3.4584024632621926,-16.2776453541072,-100.92304314962728,175.7143621615545,-72.38422988884872,40.16687354428968,-84.03471711460502,59.465233134244464,-103.12406973246034,89.78045570747639,-2.500114655930926e-15,3.3746986895024047e-15,3.041844881371875e-15,42.80470257609328,-19.10342723710344,-98.5545720274759,-30.998129259066285,19.637850154201615,15.254759158738294,-4.279018138307179e-15,-2.1381744657925644e-15,1.0856263796004257e-15,-8.242558416211303,-154.82521449798477,-16.96236268942873,18.381099724454653,-159.2881191282409,21.021840836253126,2.149964605454327e-15,3.474847168667163e-15,-1.0751003526404482e-15,-6.123781875246522,-28.892818442465856,10.940450530417507,28.32713328187262,-92.74362485663683,-11.216826847172728,2.1346473325037484e-15,-2.0540446319822727e-15,1.1471133395106199e-15
172,19.20078735550934,-8.809315510824588,177.43050000706353,35.313615179142225,84.14169854950927,3.3942743256221513,-15.813604831334874,-100.23640935773989,176.81758252056665,-73.098801946728,41.95338516098579,-82.24157705576265,59.42483169763317,-105.29402151430735,91.76602287614165,-2.7095001709412912e-15,6.685498735883197e-17,5.124454399807401e-15,44.115904444828594,-19.8078003395011,-98.09771862638338,-32.84274639931974,21.64987675620512,16.93648208068184,9.73472091662871e-16,1.7093941456862845e-15,2.9683854011183075e-15,-8.952276098528086,-152.62148034814965,-16.724530852876196,18.733097747983976,-158.39356164852725,20.129040726223984,9.589748745530839e-17,3.6223391809107515e-15,-2.4577628320865744e-15,-2.940220699490907,-10.949394871685733,14.849445736753523,17.075755380180524,-87.70325597881818,-15.806044319533102,-1.3341833140023403e-16,3.6407221624415925e-15,-8.041524011445894e-16
173,19.405124650945005,-8.823957813560302,177.46520079319248,35.04584466250413,84.18636501353144,3.346068459376533,-14.794505076719652,-99.46515370542468,177.49953376388146,-74.25758279441295,46.01684698925166,-78.07449494719638,58.729847999797634,-107.28101918992799,93.4250886867464,1.2141824361724941e-15,-3.9971513971883156e-15,3.4764355795725208e-15,43.711694654180114,-19.46899251966589,-98.09197824263002,-31.611207834678545,20.248385174860914,15.916855664345528,7.746426037265706e-16,-2.531676600374176e-15,-2.6079104662727894e-16,-8.982970568334206,-152.68493479985605,-16.82124179702544,17.822865078518298,-159.25033322885483,19.926040790848436,-1.8000636523553435e-15,-2.470387849273973e-15,1.3199466431217966e-15,2.39256181125873,8.26133523096379,16.040801549028796,11.736690619468183,-100.15475240617188,-14.12701205617898,-5.466477071217828e-16,-3.57296754336887e-16,-2.3754948434136013e-15
174,19.34792524947797,-8.640812580596142,177.3988281649151,34.92689102747185,84.05219523797608,3.413541634256302,-15.522540023317848,-99.35700173329074,179.19322514004023,-73.1579752281085,42.13516674317539,-81.68504963689772,59.39645826948026,-104.09249309769895,90.71280709762401,-2.9079164365149056e-15,4.627340411135323e-16,7.238755065756717e-16,43.3932767217934,-19.369392436747418,-97.97230394295092,-31.44330391977027,20.43060356431197,16.199118451389992,-5.158746449701068e-15,-8.982962009025923e-16,1.7377146815567181e-15,-8.723381739338373,-153.59926810652283,-16.98873740846263,18.480569363644786,-159.78038268981058,21.677528043056693,8.728573799325698e-16,-2.1235091245282014e-15,-9.213609455743922e-16,3.4103185598974917,11.952295579431171,15.695925476087545,11.67033791268878,-104.35269056681041,-13.090118665450271,9.037009793598014e-16,-6.638791214444855e-16,3.0272261133016124e-15
175,19.452553230455333,-8.650275885934327,177.4169122362928,34.780506460499026,84.07247874195315,3.3894162675181465,-15.643188683002288,-99.71878971457132,179.4625960853924,-73.97368162183679,45.05486247843602,-78.73441928168539,58.624292493698576,-104.52457026891544,90.98056557208656,-5.131363765052691e-16,-5.286415336431211e-16,-2.1869942288811504e-15,42.47416953616124,-18.78926002269729,-98.18398074137453,-30.458021333285,19.33155146195291,15.303129071486193,-1.8281192224932418e-15,1.7140372946599548e-15,-2.5202184089296487e-15,-8.047433261704398,-155.81044435490008,-17.309654477764724,18.48103875587997,-159.84848174031788,21.783984452877945,-1.3193889770737273e-15,-5.954732736862343e-15,1.2571022716096563e-15,-2.374925715529577,-8.762671989527476,15.047298517956099,18.209815749540024,-92.80913743497129,-14.350802705202598,1.8400207718490467e-15,1.9008303157349304e-16,1.9307004220270356e-15
176,19.49782967521416,-8.468477117967819,177.3655030684961,34.624699693379526,83.99389664353262,3.4211427807043355,-17.612674092606984,-101.332839878683,178.00662963121974,-73.6148576972055,43.54770665022026,-80.03745640190937,58.18409729009479,-102.32809428227571,89.06876027067635,-1.6753760396742998e-15,1.6178381875993876e-15,4.45681975182293e-15,43.516240873427165,-19.358899370142087,-97.73858412392717,-32.254411664899074,21.354141770640656,16.981653064487034,1.1289271602355938e-15,-1.2940440711234804e-15,2.623730886703794e-15,-8.472310161920744,-154.6060251509949,-17.24243444871638,18.16864467433482,-159.52707112932762,20.71369773616454,-2.2158255494168913e-15,-1.1123803958500287e-15,2.0250361114299257e-15,-1.9722857509752807,-7.269457060827403,15.098927165747018,17.49063058015761,-94.06779353237813,-13.999778904908604,-1.292507580442503e-15,3.280901547699294e-15,-6.143250376957306e-15
177,19.75174055816698,-8.481966757330223,177.40567595337237,34.18413898190194,84.11181491431589,3.3162904773176343,-15.884425679109146,-101.22714803087521,177.00314560537086,-74.0938756566025,45.03768266410419,-78.16936027166001,57.34921978925827,-101.70359122526193,88.49378271061268,7.150185647327832e-16,-2.7448843951535756e-15,-3.1604916186058283e-15,44.15102568323562,-19.628509862759476,-97.2120440416493,-32.629806744962664,21.26173326065826,16.728770333054566,-1.4845827736720342e-15,2.800310311018174e-15,-1.2799790974949514e-15,-8.902385650267652,-153.70047687100487,-17.386510884047812,17.91886004550998,-159.53398681496216,20.031578338654505,-2.6301199209343882e-15,-1.6317582748429147e-16,1.107457261043995e-15,-5.034224896063996,-20.789321576479967,13.014531379504403,23.6392711849355,-91.3234550528527,-13.407819873518832,-4.2474207117088055e-16,9.85127052837437e-16,-2.443610135666914e-15
178,19.475975146497213,-8.18535289728349,177.27239270632077,34.208171931181205,83.91774817115395,3.428255718427717,-17.15839827505989,-102.46205875584097,175.0899225010429,-72.14613344468152,38.970514340541854,-83.99882061988482,57.40712431072533,-97.00840394663223,84.46144188639339,-2.089832747414335e-15,7.76796706083763e-16,5.258102825767853e-16,44.34309251490939,-19.977857287870915,-96.87931528261313,-32.25143554929474,20.851306742452408,16.249106696969818,2.421033821345754e-15,3.320452203351372e-16,4.796437737345301e-15,-9.26611373355516,-152.400687716954,-17.119466820592713,17.102870326818763,-160.13416534579648,19.742976479212487,1.4195620644078206e-15,-1.235725963903894e-15,8.491271476424908e-16,-1.3031274894537204,-4.661570909613574,15.584090693499366,15.906710213866555,-93.57214855666156,-14.65693311317275,-8.707778891708435e-16,2.329767951491225e-15,-4.3115456105565055e-15
179,19.364517092789523,-8.17970398288797,177.25539965947135,33.90976134683826,83.98292423673954,3.365365138654245,-15.295255751624872,-101.53626726715976,174.925388940372,-70.32807564953387,34.72358954977077,-87.70346651669072,56.20898442391648,-90.88674917990215,79.22675867990056,-8.74823887297607e-16,-5.732267892461129e-17,2.150097068866465e-15,43.568360227848785,-19.562760859505865,-96.78147966636918,-31.201623008320958,19.709467434317332,15.271979815765691,-1.727893120371809e-15,3.3103361366470596e-16,1.024975763932048e-15,-8.755341232303818,-153.7739357640118,-17.17051551861824,17.44489025861705,-160.3110870702586,20.742033568588596,-1.987617050140881e-15,8.963149148320253e-16,-2.129946578677146e-16,-0.710468148874852,-2.496206191873093,15.877436922592475,15.571915842651785,-95.20443367818828,-14.492221776249242,5.273697951875664e-16,-9.431953681536757e-16,3.830188733734008e-15
180,19.313675123543625,-8.271108318313294,177.27726613555063,33.93653478007505,84.09242060346511,3.30611235982577,-16.22579677293808,-101.87895039893122,175.4335051875355,-70.45132845038346,34.8381427201068,-87.62917995309911,57.524545975430286,-93.25845548380275,81.28344387676216,-1.784306176388556e-15,-2.357513595983336e-16,-1.1213214076763633e-15,43.12916791389071,-19.296549101465107,-96.95883919102381,-30.621404605225468,19.114121321816,14.798794347006112,1.6974783004394435e-15,-9.734984233666604e-16,-1.3281715268253559e-15,-8.387840299606708,-154.68211707662888,-17.137028763878746,18.707552407614568,-159.67426211938286,21.864158454335136,7.403036562158024e-16,3.595314779862915e-15,-2.6924950434383904e-16,1.4764877761960342,5.084780988525176,16.14991403234106,13.353327363647084,-99.74342862739154,-13.944423780342204,-9.965318907066587e-16,-7.987979599635221e-16,-3.413241221515215e-16
181,19.4616056097589,-8.188230838792789,177.27134518169092,33.729599327569254,84.24287912122828,3.20423797925636,-14.895048816828067,-101.03657551350967,175.29575809758742,-70.67989569370387,34.87044297076055,-87.42034138276911,57.14178162297007,-93.40318231230029,81.52556270614599,-8.797705453381429e-16,3.178067875703355e-15,-3.697234106878547e-15,43.654951073755456,-19.58997833868782,-96.59044280678094,-30.640605459640806,18.861490535147116,14.472451462540517,-1.2460372956875808e-15,-7.280530802610091e-16,-1.510171366148506e-15,-7.9590434088136774,-155.8334184267627,-17.149193875710342,19.11949953586044,-159.48905140299598,22.34759473835392,6.532068646104285e-16,-2.6114676469490468e-15,-2.6971645179322968e-15,-3.9938141804011926,-15.318564748886072,14.266235719439072,22.056795596871183,-93.51653368781272,-13.481570324642682,8.559121404475426e-16,1.8085548614825963e-15,2.529325752271107e-15
182,19.454632529477546,-8.281887150640314,177.30012430147934,33.53687240267618,84.63657077228784,2.969177368935564,-14.967596296206619,-101.17587377565262,174.7229958829921,-71.75947364825204,37.25667337813752,-84.96348916445011,59.29641008885476,-101.1573770983742,88.34165563810019,2.5010937522886215e-15,-1.842859076445366e-15,-1.6889482001576798e-15,44.347175626428175,-20.004610531595077,-96.14095818586644,-31.61425825873657,20.08148892356664,15.603265174197357,1.0664054170525776e-15,3.1567702018445824e-16,-1.641316330179949e-16,-7.881501814136453,-156.75312196090928,-17.70383455883892,18.766958775328806,-160.89004178929628,23.550731533312973,-6.262994373911651e-16,-2.1729850383745935e-15,-4.720716491183601e-16,-5.930189894058183,-25.83617887529162,12.044956805285688,28.063568028274243,-95.35735932349671,-10.880166456603549,-4.902742521829744e-15,-2.468044442495248e-15,1.050066971949976e-15
183,19.422719384848616,-8.095836488834655,177.23676384072866,33.29214189373296,84.78364059625771,2.8688398807368323,-14.575296789842916,-101.77489173611185,172.40492217187713,-71.43143935411747,36.52403752483278,-85.40148046275604,58.50964290261145,-98.99787043264374,86.38385764676812,-4.185989108298678e-17,-2.417300194284497e-15,-3.804348857040139e-15,45.15991031267037,-20.6191485362172,-95.44963603857316,-32.28820272850702,20.86985759518001,16.21670839172148,-2.975544353759115e-15,-4.5795772934254514e-17,-2.079266877930645e-15,-7.814726877395437,-156.30505146798745,-17.21418489348596,18.321810809928895,-159.92900138212477,21.851473534776535,-1.7918168434359485e-15,-2.4626089197908767e-15,-6.232728992375014e-16,-4.819014710938366,-18.95176671769031,13.747239274766825,24.78256552729036,-95.50605307040998,-12.23816520435185,2.6757493384984367e-15,5.39538787172633e-16,4.8018658261738606e-15
184,19.440950672867544,-8.18718260856783,177.2681938465581,33.19027961805509,84.73269853663749,2.8891322055116766,-12.004733296227243,-101.24393257136836,170.25287820754178,-71.26060182203085,36.26501256219131,-85.53648525754119,59.525445319854924,-100.68226326467698,87.8869862853362,2.7557472623359926e-15,-6.627967757331529e-16,-1.7363540673359295e-15,46.47957413517136,-21.434300993702795,-94.87022944500605,-34.12969771031376,22.969720109613824,17.930329652928048,-4.415101177040806e-16,-4.187741030232826e-15,3.98083516110689e-15,-8.149855980777318,-155.04548782425687,-16.94294816892798,18.252276601954097,-159.3311434886099,20.951187611032537,2.485247313583288e-15,1.4039752577568123e-15,-2.0074254951393487e-15,-3.3837348709118062,-12.438540651622205,14.980987485214701,17.161933277115033,-87.16847099118506,-16.185966309840715,4.573896171417447e-16,2.710497264916551e-15,-1.2477960753303878e-15
185,19.336660128927374,-8.27227883202155,177.28080675985922,33.87975298704068,84.40737571727576,3.1244565644464304,-13.876279683244327,-102.23846469136636,171.20247790373594,-70.33617558441235,34.55651552126863,-87.82515974691461,59.32615506815744,-96.93320780389662,84.5126772572307,1.0907859074773844e-15,1.214578018615711e-16,-1.662401141235379e-15,46.223660434247854,-21.250652737137774,-95.69961345029907,-34.013780387582294,22.773434360091496,17.736168026047675,8.307712730640936e-16,1.2703451697881448e-15,1.3351596355019977e-17,-8.245106719485808,-153.9920629132204,-16.379477401175098,18.22667924822507,-158.55709667930824,20.24560078798744,-1.307630211331705e-15,-1.5329742239604933e-15,-2.1422058723130207e-15,-0.7863347643575233,-2.709044264677067,16.17413345897108,15.284130619969298,-94.29608258636446,-15.05827539742412,-4.0081764210213815e-16,1.1967005676668786e-15,-5.082465382984266e-15
186,19.42501136758188,-8.273475103442195,177.29337257807666,33.904689806415405,84.09617960644297,3.3012748969446712,-12.601282573698684,-100.46178654269497,172.93084703736196,-70.50665883975388,34.90543965354294,-87.5378851736382,59.76818909890582,-98.01545307860087,85.48584659468152,3.18409810169739e-15,-2.6139586157504862e-15,-5.44197851506956e-16,45.665684834233865,-20.814952327091788,-96.05558582724643,-33.483206010552834,21.99966725374195,17.069937347951765,1.0979677601389204e-15,2.6792772937732693e-15,-2.737002576667023e-15,-8.986624613456392,-153.02964908206738,-17.064390512572448,16.728625719778883,-160.83847828977738,20.41311257283484,1.609534651585181e-15,-5.367616291938971e-15,-5.374727648777926e-16,-0.9450554568647503,-3.220497502235846,16.337325003496964,14.63005741007714,-91.48401681291271,-15.988985590924079,9.429464440304769e-16,1.1945168029393467e-15,4.097073629194937e-15
187,19.703016533284217,-8.385311042355886,177.3676720547301,33.483954240364874,84.23974464387324,3.1854170189466844,-14.762919929607069,-101.47204760004526,174.2004967872646,-71.70738116554494,37.754383114635154,-84.4161130272819,59.31114883718967,-99.93326407369169,87.12207622559178,-3.1585815180096013e-15,-8.299274744968084e-16,-1.472037005005108e-15,45.08443957743751,-20.27462310999745,-96.0686017040976,-32.828194739487245,21.061767022557405,16.328400390872705,-8.940392339454771e-16,-1.0145970885197093e-15,8.424515417144155e-16,-9.459222721248302,-152.06200668937973,-17.218092881260695,16.130998283158508,-161.76434820016775,20.563777032545314,1.4354125571157004e-15,1.3400182466728663e-15,4.135756182050855e-15,-1.0140395415371795,-3.4648008841517104,16.293473732054032,14.136792948321363,-90.2264612681701,-16.268833804814083,5.425387323633618e-16,-5.886209173471228e-16,1.7455673236044094e-15
188,19.74424531612611,-8.108716390864418,177.28426316708837,33.26257180012479,84.22961729042972,3.172418753086169,-14.033096573931745,-100.66223151988675,174.3084140233657,-71.24868098437217,36.59665982390194,-85.29271634154512,59.92705118852908,-101.1112586792365,88.20419309319671,-3.4633087708917997e-16,7.15310678630176e-17,-3.5858927771811356e-15,45.23146880209705,-20.46773884688,-95.6641320795072,-32.42134930297039,20.511960044324347,15.777645051691513,-4.6018624377102876e-15,-1.1018581590605819e-15,3.3341391815832513e-15,-9.441664184656162,-151.93993163707884,-17.10532294193013,15.866425622037479,-162.08422777971117,20.74996475887429,-3.09222724470107e-15,1.5708389806991373e-15,9.162688052106243e-16,-0.2640429982309776,-0.9005760126085272,16.33946343930307,11.849059200731526,-90.18513523603653,-16.303523893080612,-4.121351290161161e-16,1.7757330132767286e-15,-3.491850520454651e-15
189,19.582938200358946,-8.009964655243078,177.2309496935874,33.401710872793686,84.33006534337274,3.128447482787998,-14.992311083043331,-102.10735255195901,172.1808265596876,-69.9825535646662,33.96301361819931,-87.89509630148339,60.660336588677616,-100.10756190702037,87.32884103380519,5.246865811188734e-15,2.819396949482996e-15,-4.1745567739078035e-15,45.04219972237196,-20.472107324793612,-95.71575609044115,-32.01319704930341,20.33398818379708,15.705070855481715,7.586643337613052e-16,8.977924102791437e-17,-9.948914030424677e-16,-8.853055819377996,-152.69636660866306,-16.60095420484076,16.838267905886834,-160.93045319426068,21.206431336637042,4.065826463222277e-15,3.1317804536217015e-15,-1.7237705334976232e-15,-0.47911549893262567,-1.6701722714281286,16.0019022900828,11.342666726660413,-89.42384270291907,-16.1222061089226,-1.312410107143781e-16,1.0849410007870661e-15,-2.389419110979156e-15
190,19.24240934851503,-7.989413287394651,177.1790431645188,34.01665532114162,84.4806709512478,3.094274304187057,-16.346221521494165,-103.14586986557745,171.41234837066202,-68.39249089541222,31.12716794687697,-91.13533013806848,60.95630061848169,-96.97709363046316,84.5354910955034,2.136510884936257e-15,2.250138851067438e-16,-5.6756003690244616e-15,43.3463799931293,-19.606595885274047,-96.71299272348642,-30.03067224544644,18.726533326969825,14.541581920169042,2.2589815908018298e-15,1.2245318587518302e-15,-1.170285832198219e-15,-8.54845258212423,-153.71989597106082,-16.753102412478565,18.11879611497503,-160.4091460782638,22.39469181072167,1.2709484327680916e-15,2.960665723715463e-15,-2.069218577735934e-15,2.4780520178821606,8.46891603239538,16.192291574679633,10.342500937911225,-98.80086032183796,-14.783624202394197,-1.923947015870649e-16,-7.726778227827537e-16,-4.717035207210454e-16
191,19.36908109276282,-8.089504350228907,177.22752550726446,33.969580622747664,84.5066637477356,3.0758977360634585,-17.08514003044913,-104.2639879610321,170.9005601077426,-70.14339544750959,33.94295148858525,-88.50413931086129,60.26811840569885,-99.50420515873377,86.87093165625471,1.0472604226734164e-15,6.834346590692727e-17,-5.150520790460624e-16,44.06567478800601,-19.943608214992167,-96.53937627957517,-30.989042825838812,19.472045127985353,15.065087247966922,2.896350227833037e-15,4.057548544063386e-15,-5.931914049611522e-15,-8.813061839549983,-153.45751170931032,-17.052041337854043,18.598249996908667,-159.57359606216377,21.441179866264036,9.515640648942162e-16,7.92678681111219e-16,-8.401543783573997e-16,-3.565414072840854,-13.411502478017226,14.61745833695804,18.351957184981043,-88.03931514265888,-15.654339762089887,9.738563608512676e-16,-4.808246640167065e-16,6.922165914188341e-16
192,19.53099050082686,-8.470227077437022,177.37074177890847,33.80986162106456,85.00160143499953,2.786181144292524,-17.45097586356128,-105.28258110033298,169.74200355607047,-71.63459794681063,37.123443308357935,-85.33640215124609,59.250691173014324,-100.65436624354575,87.85403468317946,-2.403941613701313e-15,-3.505267776019659e-16,5.376169427851533e-16,43.73393913936819,-19.5533507450909,-96.71863638090096,-30.39284927146094,18.60414746622406,14.357335777106245,8.926444948637736e-16,3.3636000402446692e-15,2.3446879258092437e-16,-9.20594014266326,-152.99998977340866,-17.431517488574944,19.277912262634942,-158.26905351473278,19.989780026479096,1.1788471237176795e-15,-1.945996638135197e-15,1.2465249138419249e-15,-3.4384288268968217,-12.868981911112428,14.709455494549934,18.972406421884088,-89.26095092436731,-15.3376342747873,1.132148772836355e-15,1.1587001519718084e-15,1.4078373482211028e-15
193,19.69453531507036,-8.47891186064877,177.39661066299945,33.43107630894044,84.94699860207983,2.788902827219422,-17.535870554625753,-105.37269339453643,169.06693772781964,-72.323379352723,38.73740386711468,-83.43712617065367,59.22747012877889,-102.56675670614314,89.56458450930273,2.2770043790032535e-15,1.5803633594820157e-15,-1.1235705647006785e-15,44.66140134597001,-20.118319314842648,-96.008351675333,-30.91933578955996,18.561263435504724,13.973897303664693,-2.4119098364989566e-15,2.0790939301597915e-16,-2.6299914769875292e-15,-8.722571697614068,-155.07450337573306,-18.072650248925047,19.242671481734046,-158.4588202055415,19.854564312218603,2.7654638290870496e-15,-3.5758167946629745e-15,-1.4923631273427785e-15,-5.992102024462479,-25.662072795264542,12.25853106976858,30.497457197753647,-108.73115333901306,-3.8602789592586304,-1.4243177424571572e-15,5.88369974461916e-16,4.382360679168438e-15
194,19.706633741068377,-8.476310339980307,177.39748438984992,33.290829836113375,84.89189294529885,2.8089834435694985,-16.59987260826773,-104.51933343930286,168.57849652204456,-72.55068975537984,39.60715510513264,-82.45723062995904,59.601809574662774,-104.21846800225325,90.99673234037942,-3.332551361479253e-15,2.22099022205712e-16,-3.8563753684228854e-15,44.109716120092706,-19.77116482371396,-96.08229601587296,-30.016142673467158,17.61971269186688,13.17475940500117,-2.664861938349546e-15,2.1042232959356084e-16,3.178159764293182e-15,-8.504642349827533,-155.86604489399258,-18.26734702234809,19.49093675375773,-158.99854018387344,20.90662440166695,-4.991443310314259e-16,-1.7201632088122845e-15,-1.46671251342742e-15,-5.097296589146558,-20.387922493003117,13.444657690240728,21.793198843956358,-87.10700074020446,-15.43667253084979,-1.5978177824400129e-15,1.2408429380686718e-15,-7.128888137543466e-16
195,19.63055549073402,-8.25832129923539,177.33340936864622,33.277540043307944,84.63202247507215,2.951418059813827,-15.829241740645546,-103.74263828408918,169.19106840180953,-71.92194736458879,37.0181660016999,-84.97141864426224,59.633270453506015,-100.3631701060361,87.84760869903748,3.1327923369351517e-15,-2.4105060530635024e-15,2.3614366465149145e-15,43.72656506141368,-19.603028423839863,-96.13378481173838,-30.449903916310603,17.945201250337597,13.252111077867786,-5.757560312187691e-16,-1.667711213131678e-16,-1.4816851364552095e-15,-7.857510007424414,-157.48342863406953,-18.251378514644838,18.92484545139993,-161.07397357015694,23.589029471751896,1.0441532545848334e-15,-4.451463836696892e-16,-4.332588897249124e-17,-5.3230961895584175,-21.77099443703924,13.077176964534637,24.753845104879616,-91.8866325783771,-13.311348487945583,-3.3321211600486617e-16,2.3466642900984646e-15,9.402776839246522e-16
196,19.60307071081937,-8.235085010241077,177.33864985684937,33.04896835185451,84.69882420076966,2.8968330085421594,-13.446344119590377,-101.3136451167999,172.09450927044696,-72.08636210543743,37.11672404133223,-84.66579823822602,60.089544382074976,-100.19774834514749,87.82485834857613,-6.890834582287601e-16,-1.0682684484118725e-15,2.1924789812683454e-15,42.83078989249223,-19.064471196113335,-96.21533389743738,-30.286144601969315,17.708677683631908,12.92986810651886,-5.517500859088448e-15,-5.593654172848202e-16,-3.0164442941704313e-15,-8.401473985856969,-155.4214170327518,-17.71577057242722,17.878739366646737,-161.6677805965482,23.267411324934052,1.9705532438759235e-15,1.6205791256279165e-15,7.745273772607833e-16,-0.7546847764357318,-2.6838307344000576,15.694462557258657,12.656864138118051,-90.16044562424743,-15.676985797051556,1.1539436307812838e-15,1.4281921097816828e-15,2.6765266797565405e-15
197,19.36108806721329,-8.572981327787572,177.43667989836376,32.9511754378668,85.54866194785369,2.4246250406596848,-13.115924842837,-99.97808349622345,174.5316128190759,-69.73636063929315,32.123881869113156,-89.23568243589516,60.388956650394775,-93.30241803054989,81.7649922999525,-4.771460001211618e-16,6.148035101711853e-16,-9.674918829588778e-16,40.718756125929666,-17.65412570983028,-97.02397805134461,-29.47616889882811,17.046145180545917,12.517759346398256,2.722388963194113e-15,7.401029185046034e-16,1.3616213710531025e-15,-8.803994370413182,-153.1838818023555,-16.845534829727953,16.02658788382818,-163.04407777016993,23.213285267226567,-2.848891842923712e-15,-4.3940285555428e-15,2.543047332825704e-15,4.280965212148425,15.777583810625382,14.799011054096473,9.459146571841625,-104.84247118605846,-12.898691852361337,1.5775584100027527e-16,5.557345300027597e-16,-1.6868461514140845e-15
198,19.516378166781344,-8.799474149775893,177.5232975683912,32.131679098766334,86.30405692243723,1.9677068242165583,-12.026834976355335,-99.10361720438267,173.35139530525439,-70.7286151430506,34.36870267784156,-86.26174486175324,61.03549170137732,-96.38417242162345,84.42585140543241,3.337444042527152e-15,5.679427396759955e-16,-3.158441434474123e-15,41.506582851697175,-17.733267412498876,-96.42637545061383,-30.827850007081157,18.08155097584694,13.508583776264643,-8.190385701071374e-16,-9.861025753186315e-16,2.121168246164624e-15,-10.214971981133193,-149.64489776384997,-16.847120370006493,14.44173798752791,-163.71897257548628,20.869531961306937,4.72144465938517e-16,-2.3194809155024612e-15,-3.4111560424390596e-15,4.768325639419756,18.447365302800623,13.993139047169914,7.959377584064486,-105.92869994824214,-12.504774952424391,-3.0499977790839183e-16,5.925207676890226e-16,-9.014120238743474e-16
199,19.869656028077873,-9.04787782900719,177.8282031549572,31.018314716816402,87.15190063563446,1.4685482704769173,-11.185424343832226,-99.1397270523892,169.9173217705429,-74.22266515689955,43.4160823960084,-76.53415267271242,60.021790351436344,-102.33646341535884,89.73765955592467,-6.439610025849039e-15,1.2049948942582212e-16,-5.702687104601993e-15,41.06912339082608,-16.83301932100267,-96.32262926506827,-31.981678823896516,18.321145721272266,13.630463290232747,-7.941375513707632e-16,1.3423396668674356e-15,-1.7069727272885304e-15,-10.692372518282486,-147.37068162952934,-16.160924633987094,12.409136232894026,-165.10185413676825,19.629790349643887,8.04242200165292e-16,-3.4251348305526255e-15,-2.253036399583972e-15,4.1216309165256835,16.904620961788442,13.305786705339,7.99999294756659,-105.32451562988766,-11.73446477772207,-2.0384778239189308e-16,-5.828702835605756e-16,-7.054374399156062e-16
200,20.41392343387089,-8.994591701214926,178.02678159839903,29.373943692322303,87.46554595150481,1.2437847832843425,-8.500226196650193,-97.90381165473097,167.1456552157451,-78.65047582588294,77.58804837985392,-41.574464390130274,56.81290858020758,-114.59973773631525,99.87354735173975,-4.576760088054913e-15,7.130457755373706e-16,7.128383317679177e-16,41.68755094415801,-16.729858610852833,-95.0769730277045,-34.21235054927528,19.343969377779253,14.066951469449407,-4.1037443508184894e-16,2.012667677529713e-15,-1.937956978063858e-15,-10.831088908188262,-146.66263035111686,-15.94283526444971,11.870783231143575,-164.99473205611255,18.308667952444754,-1.2547983636132094e-15,-1.8401303903033298e-15,-9.927277925768418e-16,0.25016398326025185,1.055788200340702,13.32863039745134,10.493010134165774,-93.22025286549164,-12.743879404755571,1.292831560208701e-15,-5.7699311362847716e-18,4.299648403573661e-15
201,20.509454000622,-9.027974844321594,178.17489544646705,28.56697084150407,88.02822062997791,0.9431637996414698,-6.74146484235152,-95.89627573321542,168.55793680811703,-76.88064277926613,116.55395562977837,-2.6283921405857913,51.77892496092087,-122.70945266763425,104.99688445042507,2.7722336617672096e-15,-3.3823225490369855e-15,-2.521796663612054e-15,39.93621505078119,-15.688490870749993,-94.9500275577716,-36.23604823720635,19.84282253738195,13.503659524820133,-2.2298800760955085e-16,-1.9185789915946408e-15,-3.4768790950979655e-15,-8.9122556480794,-148.44068739480525,-14.156046013094747,4.3561022842643045,-174.57791548538495,21.988574773739924,-1.1537591686751213e-15,6.681031574978702e-16,7.555509910909128e-16,1.5753610883530835,9.791168743525335,9.051546004700317,12.117465443649987,-105.54375716082016,-5.844912755948721,-3.359813209052584e-16,-1.3180247057677573e-15,-2.3255673074257356e-15
202,19.949454578915322,-8.940413308071612,177.9869644471766,28.796285039440132,88.25287328654008,0.8417858112186863,-4.189407396336188,-93.70570086516206,169.2846264899647,-75.03618437435469,125.39188643792478,5.656531536426332,49.276545527386425,-123.81932285096623,104.62605521637175,1.2818612605304591e-15,-8.868536379018467e-16,-3.0340269270685005e-15,38.99183941920022,-15.524883262742184,-94.98636272223997,-38.21192207801223,21.441223898591698,14.115935383283565,1.805934857202924e-15,1.7779583482442312e-16,-1.343671961807885e-15,-1.957239997950136,-153.3458897949092,-3.8925575334104803,-2.907393504094157,175.61023724501985,29.09777395966557,2.4494613440781607e-15,-6.917722548885554e-17,-3.1279419225998865e-15,1.6747418847848778,20.692745927871005,4.424327272276192,11.675923382920173,-120.44447293012261,2.0530434581980734,9.28755558056606e-18,-7.398402529794201e-16,7.209408221998373e-16
203,19.29053190684808,-9.036095543829445,177.84273405956577,29.295646662493198,89.18803044297437,0.39733008076716947,-2.3775009294356826,-92.01362543047136,167.79837182112797,-75.21090871643368,122.49582608060217,2.329417206816418,48.79733130477917,-121.18668419109318,101.93214895472971,-4.89709100782576e-16,7.496379544744525e-18,-4.7973195498490275e-15,38.329574436778884,-15.510708267054182,-95.19008871028049,-40.13383537683584,23.174557708771797,14.900734979893539,3.242331167703757e-16,-1.1857314385382918e-16,5.817791581149449e-15,7.594348047106975,-168.89205509432858,33.94544303611192,-4.846164766800955,166.25295339609923,53.735872697523845,1.8223911203486187e-15,1.668446826878898e-16,-1.3939394876942063e-16,-0.36480840436759,40.62502960816333,-0.42524247755421885,5.600996834280217,-135.63347223531906,6.258540453034525,9.394520366944404e-16,3.377354611414844e-15,4.1994206461850905e-15
204,18.439206749515627,-9.108730118313252,177.8564509846895,29.776964554752556,89.54275467831413,0.22708310827096004,-0.4950533595997047,-90.1738856913505,164.18034261114923,-77.04263549410531,106.19730752611551,-13.972017334323402,53.672334451859,-118.42656311751372,101.10220973268639,5.590481340663574e-16,2.0064104260955084e-16,1.8362799565766252e-15,36.369077363110875,-14.714794649953546,-95.89014293348433,-38.54750811218763,22.194749707640803,14.182604789119631,7.680573587881275e-16,-2.072350801560222e-17,7.565892515390594e-16,-0.43358550685030856,179.53640477426723,43.083336194994786,0.5335480102806017,-177.6371939177409,55.80254609675926,9.361739071708682e-16,-1.2171612409160768e-15,6.601253186315184e-16,-1.5659403936747036,43.478755930935186,-1.6507202514795674,3.8707602215006585,-141.3981611110528,7.108476895199336,2.9405373330935345e-17,9.165706157446933e-16,-5.692147963489149e-16
205,18.108034874443252,-9.64167326703821,178.0738710051522,29.806895131802747,90.61250742250215,-0.3044729341508619,0.5710111571384714,-88.51558458104877,163.3073178737498,-76.79001980168894,105.73161731097328,-14.473119273693822,59.186801652923265,-144.9662438975804,128.04311813945597,-1.5205877096825215e-15,-5.784614110102868e-16,2.336744945362425e-15,39.073218090153624,-15.768996912421253,-95.67540429104945,-41.5934641507629,26.988635018187196,18.987760585579746,-5.625408440279771e-16,1.1305612167353478e-16,1.9862447133430163e-15,-5.5683508564412305,174.36497915324927,44.521370092685274,1.335958884904535,-168.44477547043695,51.301140377201676,1.7285139958655483e-15,7.162055554289274e-16,2.458503641134829e-16,-3.336427801924174,45.492201463947396,-3.274169437312138,2.3189256814712187,-144.88100440103068,7.965952404670841,3.7647430125372234e-16,3.208553573444233e-15,1.8000863218080285e-15
206,17.996226360841604,-9.838290966813801,178.25701237928143,29.949582276097694,91.15334772808076,-0.5758531104828023,2.1007011251185452,-86.61550562621359,164.60570208604267,-75.51841751567065,117.39035437974245,-3.3128288222934748,-8.100648799818655,179.0605668129956,160.446701228275,-4.198590724451401e-16,-1.19294275949155e-15,-5.914656125724509e-16,38.485118322675824,-15.165137844468255,-96.41961155754345,-41.02505682451093,26.999263313072863,19.605705282306634,1.3539698845620987e-16,-3.1507208583646164e-16,-3.631103147478722e-15,-2.9000886620387902,176.03755342212398,36.144924993176964,1.187191284967714,-169.09544379353324,42.383592123010374,-2.3788768407916727e-15,-9.176515358879186e-17,3.4269646799694615e-16,-4.299307258538693,47.683471363778175,-3.9046082491221465,1.7932033708437827,-149.50855497381824,8.847224892865645,7.056632287532823e-16,-9.599281514360725e-16,-8.281339335096457e-16
207,18.149799006799622,-10.14812427810852,178.32373348716342,30.10839439621205,92.12958384571708,-1.0686473554744909,5.296866817941692,-84.36982187804284,169.25847172308863,-71.86814831256208,134.11029026173466,12.528092198716699,-71.59964858545078,127.94464985675056,113.26538831306964,8.626652415362057e-16,3.6815538786763116e-16,2.804089432556343e-16,44.79633677012345,-18.21382932870449,-95.09248292018832,-46.76731552445313,35.298985292638314,26.70615335254803,8.643487916592606e-17,-1.7958631249976334e-16,-1.7257171598724987e-15,0.5519591712890058,-179.13419389237444,32.51549797958717,0.6301615555224385,-172.46583777692246,37.273233656993355,-1.3651707831944113e-15,3.9731004579454567e-16,-4.1057038081147005e-17,-5.597502102520496,45.74545366250106,-5.428735775181112,1.4581871160563347,-146.44797804908856,9.989043841601346,-1.098144253721949e-15,-1.2765413479120916e-16,-3.1469430128749117e-15
208,18.09239310367509,-9.924552572230215,178.20971805509294,30.54943593577229,92.41623989191748,-1.2286704790940646,6.833914407956475,-82.93499439589885,170.2008425032059,-67.3483535813762,143.60546730358905,20.812931132234777,-73.60831163042431,122.87046708199222,107.88874384499071,-2.8957626671897685e-15,-7.742941174393766e-16,-9.725299709598042e-16,45.99884597186979,-18.674205313257975,-95.40497756202659,-47.2505550880605,35.62078345573532,27.112785517665053,1.8666231382388444e-17,-2.685840174252754e-16,3.4278852624019945e-15,2.469867913265226,-175.94185248166943,31.275052612589604,0.423012689013617,-174.76434279845506,35.96887489605855,-5.98280441516238e-17,4.474231650654342e-16,-2.7053664546764785e-16,-6.407638951408471,44.93296926177522,-6.382734870044096,1.393179762295819,-142.59352741655889,10.855751210540335,4.314162980033093e-16,2.255621272180084e-15,-1.1868623545212238e-15
209,17.18069575674878,-9.56676097802141,177.91815192498984,31.522699195917095,92.23489037316249,-1.1689126251316706,7.989279961065615,-81.92553210719946,170.37572043224216,-69.59855106107898,135.9941689481155,12.596540204474003,-66.55337164534585,146.5791393620672,129.78514226837171,2.795782535578069e-16,-1.751506236510986e-16,7.173941986028418e-16,47.73406941514965,-19.665285505985768,-95.76577329422905,-47.553893615194546,38.63197715544172,30.277243144560046,8.770093368410528e-17,1.148837504838878e-16,7.658159918390443e-16,-0.17027153346000246,179.7636312400649,35.767424120537605,0.07587362997056014,-171.194670386418,36.25757572869357,1.6941535890730717e-15,-2.8234616555651336e-16,-1.0007631783580875e-16,-7.187382244745482,44.30406229343483,-7.3050002830856196,1.4001951040313927,-142.20245249312634,12.038808102992862,-7.738615102551065e-16,-3.788602598608839e-15,-1.8787539055918824e-15
210,16.49141533926206,-8.645621304636608,177.30635257248366,32.94067554129142,90.97613853523096,-0.5308313924537416,11.846075627713656,-78.3710294041998,170.66762025709397,-70.73875606693647,127.53599500794436,3.0095836581062247,-54.063808324430674,160.0962575935933,140.4191077433337,-1.8114269384602856e-15,-7.312948013112636e-16,-3.828434999327157e-16,43.28508797596371,-17.369762198562125,-98.4207807363308,-42.68412745060897,31.619171195305018,24.656414635469304,1.1891723646415988e-16,2.1263007162557776e-16,-1.5232319779363779e-15,1.827541569909517,-177.81133757527752,39.84351740792882,0.07608520855055377,-175.32343399196546,40.80844858691904,-2.3377949261921786e-15,4.637868007770164e-16,4.693492447381518e-16,-7.650991014495762,44.91475810143289,-7.6060085893225065,1.8762878478018943,-142.66347893769336,13.230166175186499,-7.974283745704646e-17,1.7599186319825012e-15,-3.1249111163952704e-15
211,16.46702387466468,-7.854911315143,176.63455391700808,33.53437583149045,89.0648309792297,0.5166540265734852,16.450607049174316,-77.81229774191293,177.09313193833577,-70.25481606759143,124.77276936274066,-0.373638615948906,-49.362375028143916,158.84120770001627,136.54847007557007,9.192915116861895e-16,1.750641098168465e-16,4.750595999074632e-16,41.102656701202854,-16.503015524795057,-99.27854126800071,-39.75554002395068,27.005127400021603,20.516625766721653,3.4748514804850706e-16,-6.037222094313569e-16,-3.1809766129095305e-15,7.8237676079671115,-170.87907347373738,40.29405547825389,-0.17703752696786368,174.51459535174806,42.76196128045985,1.9978527252171997e-15,1.7667680081267852e-16,-7.877165581278704e-16,-7.486536729568051,43.78554572675324,-7.74117457172354,2.239638571162309,-141.44710406655526,13.560557901229513,-1.6339939209216375e-15,3.1232261191819283e-15,-2.5993053155093837e-15
212,17.429098336185415,-7.649835213802548,176.24271735720225,32.969346080927636,88.09382402229043,1.0375918394187031,17.828550057554036,-77.1169969881973,177.21310514435615,-65.72838715702241,134.57753359251564,8.948317091673504,-50.72163767625301,155.96186579909948,132.24276532373057,-5.07263628965187e-15,8.082268879579684e-16,-6.854142191510307e-16,40.88876120048869,-16.60248984738203,-98.49504297765935,-38.411466474107975,24.080582782945257,17.465913395261442,-1.6099072903267088e-15,-1.287531198397972e-15,4.010948143345324e-15,11.089263979108797,-164.27418485357245,34.33631727879124,-2.924807338050614,162.4520086199479,45.038726470130484,1.1209425690401653e-15,-4.88610918964742e-16,-2.0653913263885572e-16,-7.059714945343846,42.91783395189037,-7.529573657217505,2.718192476208676,-137.7498846756928,13.296243884073778,2.997359932697323e-16,-7.589639652687446e-16,5.250704088636323e-16
213,18.050300949565155,-7.208535683117389,175.79308447830553,31.976202372427824,87.73959018560717,1.1974854410540887,12.241632488908213,-80.46727158157512,176.38801860066565,-64.23329880978876,137.86728950912547,12.875679610464555,-39.381825755126414,166.8327514251863,141.8172337674139,-6.933811090422159e-16,-1.337597696879195e-16,7.897781357876364e-16,41.412721593604914,-17.204136763246105,-96.91245896010197,-37.842486690373036,23.54467692656097,16.846164316011688,1.4272643805918487e-16,1.3286348190055365e-15,-2.6845859645712253e-15,9.859465137854608,-164.91492397804174,32.426665719864154,-5.599266656272194,155.25677126358278,45.68899610597386,-4.2898172747096105e-16,1.4313858560321047e-15,4.3168529787358927e-16,-6.716497705608088,44.731005741764534,-6.733176901288766,2.8103753521204258,-138.25908935896612,12.644758278425016,7.535392411734236e-16,-2.1444544980918338e-15,2.0111502168430508e-15
214,18.698049659991273,-6.626640667803241,175.72178099285264,31.564328840647477,88.06439520933561,1.0134829518411095,9.542885948269662,-82.31005118678708,174.8663441929067,-63.96836922876546,137.54349034778127,12.903462914753414,20.704302577191086,-174.09703438019622,145.45157170100146,3.824209329817403e-15,-9.363389663907668e-16,-1.914886283114053e-16,43.81619566908763,-18.481593806417568,-95.80948203995814,-39.95337772314768,25.01817853238268,17.725457387243477,2.1048546224154797e-15,-6.371860232686702e-16,-8.900652214165358e-16,9.944280906821238,-165.45377197566393,33.64489881240118,-6.675309424796909,149.58894526085422,46.119289600065144,-3.5922357049124276e-16,1.6916919071652736e-15,-2.8692277840340807e-15,-6.7650611705498624,41.93627779972513,-7.47008614428088,2.447377442487889,-138.2867165836902,12.807869669604521,-1.7238625854899878e-15,9.102593350076619e-16,-3.227841909736337e-15
215,19.65290061730017,-5.713875371115105,175.76206213636186,31.211791060519804,87.71765238556323,1.1831772001986238,6.0446114491877285,-84.96074345354019,172.71459438264083,-65.2469801557359,134.47366587600465,10.487867311623019,43.73621080003673,-157.7898682434413,131.2227115712332,-1.3005190657871616e-15,1.6479492385020374e-15,3.1387302846053557e-15,49.12581414954463,-21.477771096214465,-93.74169856717137,-46.070491548869136,30.984150861599264,22.23876466838491,4.1885578433993157e-16,3.037138611563046e-16,1.5391123071085844e-15,11.69067273663529,-165.17399444685634,37.4343717767315,-4.788613899609466,141.96346678801314,45.05155673350925,-2.7456379864443926e-15,1.8328708441776503e-17,3.0133727694832135e-15,-7.120146649994944,36.49090556553117,-9.512392712433133,0.2731034925374709,-137.46797130996052,12.160036447377502,4.860664974392199e-16,7.934031876242752e-16,3.998603260216219e-16
216,20.295788129426768,-4.989051222386103,176.18516129214245,31.500614742267015,87.17809800414543,1.4753327726640897,4.378791812536605,-86.56845795267773,178.74257818470974,-66.48225198618327,128.1709534293431,4.252675118189114,50.61263355987176,-144.51438826222963,118.42376857759474,2.268595274730446e-15,-3.614425145650796e-15,-1.6736096531448363e-15,51.823861094549315,-22.5485473017586,-93.68966393748451,-51.13644979636594,38.60119138188892,28.93699744289579,-6.523065839536209e-16,3.023777777146166e-17,3.6434901946787675e-15,-23.44719499655056,141.41454531061981,26.505661281886738,0.3261613500715289,156.0720972819972,34.0802983131256,-8.95693903089347e-16,-8.038058207544133e-16,2.5463861012591816e-15,-6.381417237378331,26.5989887011848,-12.514732770182098,-2.893736908205512,-134.29197788139325,11.205039987490409,-2.3209385088731833e-16,4.521753681664515e-17,-2.6449558292843243e-15
217,20.463968135101595,-4.8264979495051845,176.5432457674414,32.26562934286506,87.27106609459472,1.4576163281059313,-1.6061371969375269,-89.31247099333623,175.39141252188602,-69.10757170086605,116.54870109884085,-7.272165485814262,55.16741504954982,-141.3913685277212,116.9354731124955,-1.4386713497260924e-15,2.030987435057032e-15,2.4018286372549775e-15,53.186454924231846,-22.970446738081964,-94.39633846721259,-52.99821528292083,49.45532714120581,39.37793416355157,-2.9311633599721873e-16,-1.39787326362316e-16,4.334948722008196e-15,-19.018367309775215,114.94292671378997,8.618230160928315,0.3740980014075219,167.8295064320746,19.07988546680933,-1.0515344194467522e-16,4.1856440165627834e-16,-8.75070239892442e-16,-3.0440290723305647,11.127787184440157,-15.10833943841812,-6.731858893169921,-133.13461805292877,9.137367189604843,2.609943792338315e-15,-3.4962697123535827e-16,-1.634292326794336e-16
218,20.032053850167433,-5.352447547022312,177.08355336038434,33.95450072712043,87.99697582349734,1.1190715299682172,-6.463909814907968,-91.85058973963916,177.71997450149115,-70.10786501016634,111.10601796625942,-14.021930889194609,57.32901217451267,-136.00568227835785,112.4311397031111,2.712122138608461e-15,-1.9927583028445414e-16,-5.43956311096758e-18,48.58245920366296,-19.234419737514703,-99.01954263373348,-50.001215646909095,47.77127986412063,38.9837510918274,5.12136692706954e-16,-7.991098681034433e-16,-5.6128615702395045e-15,-13.558715849690572,107.50448585362399,4.228718748032506,0.17069731785327721,174.0041511752377,12.566270559390507,2.0152073449920458e-16,5.223744589341355e-16,3.3090780415318445e-15,-3.5702420986341217,11.90149316960294,-16.46053551561933,-7.374891529347553,-126.41795651927085,11.423135679622039,1.0325611791666126e-15,-1.3921499353207378e-16,2.7665949808274233e-16
219,19.988251938429787,-7.208394914616676,177.89012205180313,35.60909156609729,90.2906275960223,-0.16921945362606836,-11.37322496535257,-95.19426796505319,176.26804872025417,-68.29713866170962,119.69590830921189,-7.6916931898468475,57.04337576433105,-140.97707002671612,116.92250396003917,-1.880566870303864e-16,-1.8482205793313633e-15,-8.297856313116183e-16,41.69882137174864,-14.966087887958743,-103.71684043322291,-46.00169716248586,42.174353221698176,35.38350139058076,4.0852407028595117e-16,-9.277201376642134e-16,1.3054594963608162e-15,-12.947128157952212,110.17281235228074,4.705655037159503,-0.01718197427393393,-179.62358681498395,11.148507086822505,1.0562696678724104e-15,-1.9093254489072038e-17,-2.7919362769796134e-15,-8.675000757771246,27.617564228609417,-16.08200429050016,-6.66411953579276,-126.13790072647775,13.374256016747424,7.981993557917653e-16,1.6076215575142518e-15,1.2844755376939345e-15
220,20.677758009494042,-8.251348475357311,178.3209316130245,36.13243430670933,91.69460243195694,-0.9994186066850953,-16.150055493424997,-97.30536637907419,178.41341812760044,-66.04672757136728,128.6437600528867,0.010548181326336383,57.06604242288082,-147.94844408377975,124.14108196568381,-1.6585127379986298e-15,1.2855124896562862e-15,-2.9825894616652778e-15,35.97625687464343,-12.20954115133744,-105.923544882511,-42.12238494721085,34.655631858150755,29.6222828207638,-2.8124210728539096e-16,-2.9719743594523364e-16,1.4942906848865552e-16,-13.057481387821351,111.35035267434831,5.0469620474763275,-2.8875743835721916,-150.42460201741497,8.91040720380878,-5.397347617845309e-16,-3.752702181230538e-15,7.722807498294827e-16,-12.569748581318052,43.945375012333265,-12.7234984090998,-5.395783196011475,-134.94907414685576,12.449600772760181,-9.916130407122054e-17,-1.7350174316529687e-15,1.0923246312263836e-15
221,21.67366393430794,-8.95928279521173,178.70541247427337,36.44590462980708,92.16148616667061,-1.2844544601842307,-19.521922634604685,-96.14900138099273,-175.916970632665,-61.22867561734636,138.39651522701257,8.16435045495395,55.4040324148106,-151.755311656343,126.84048088800832,-5.278955455771479e-16,-3.6428140255215526e-16,1.0357992091604662e-15,33.9326937642052,-10.876389321124135,-107.4716140762892,-40.61394104590387,32.67785529862073,28.911682474680045,6.120599292340718e-16,-1.3211841720910306e-16,3.0706007869307308e-16,-13.496042906583014,112.02342835284922,5.392850816705484,-4.083475007350104,-141.9196241694744,9.322172820846161,-1.9105093681281106e-16,-1.2174022408489272e-15,-1.693426144097015e-16,-13.325620428286019,43.289986313918526,-13.748477234730096,-6.940917070904101,-135.50878463736333,12.043941953669917,2.8501557017816833e-16,-5.073142339303739e-17,3.283339212412407e-16
222,23.047734953241086,-8.36712107372622,178.45381008794817,36.25051576118241,91.3648455246722,-0.8071555226701572,-19.331366781424013,-94.26240248101995,-173.03548317493488,-59.74819259998377,141.40208970344767,11.001634331925095,53.100730908787604,-147.94598085433333,121.94438662893215,7.501645522276338e-18,1.1698398787216143e-15,1.8597589112232005e-15,36.500228300857884,-11.466132431890454,-107.42879379467452,-43.30320706671751,32.58242884964092,27.94137489637053,-1.097282018531162e-15,-3.1674252248093e-16,-2.9927748359902916e-15,-14.395624862655414,111.08492579928705,5.475515029681533,-4.00037747047545,-143.87987412706136,9.92040814321591,-2.1346558194780216e-15,5.492512039010202e-15,1.5782055585109632e-15,-8.381091980450547,23.759654485596194,-18.319996855428315,-11.662986366251863,-131.7712927195372,9.850774631862567,-8.263466898905355e-16,3.4006195753633834e-15,1.3369870337091843e-16
223,23.465727078938627,-7.673151704453429,178.0196610796787,36.58559013905944,90.47143999173709,-0.2809931422574493,-17.050772937380348,-92.55964482282656,-170.31876303754646,-58.435249171760866,144.12658158831874,13.090714966118771,48.42297848454309,-139.8384670197879,111.75503667037924,2.983103720257999e-16,-6.299162475824415e-16,-2.7228872752132694e-15,35.875022230010934,-11.562019337522443,-107.34237988278144,-43.896576388166274,31.621029123344577,26.11548828697077,-4.235801765712482e-16,8.528200324409553e-16,1.511049908222005e-15,-14.87639344248411,110.18829726572946,5.392764018701265,-0.6930933646931664,-174.15584208252784,9.062878728432977,-5.855924640920899e-16,-2.529438277159947e-15,2.065698651014915e-15,-4.556541070590075,13.209005624359152,-18.699262860731764,-11.445453919029418,-145.85018997818523,2.9208506585459877,-2.0933965904910035e-15,-3.462943817812472e-15,2.0872912271126967e-15
224,22.55024541731931,-6.011551316504234,177.0733905556134,37.3182586118855,89.38145929602666,0.3749944838529343,-11.470100238305388,-91.35937732423879,-170.17986634860588,-59.44903722744513,144.6453371674962,13.197054022793186,45.231386070353906,-135.1485037333801,106.65651972341254,2.327398935382913e-16,7.661313766247484e-16,-4.274047301365699e-17,34.12202692777803,-11.99488192967847,-106.57563025933044,-42.081932240159695,28.638798381373515,22.123518663194652,-6.397450222231782e-16,3.395937152592e-16,8.303618543644584e-16,-14.228303963339334,108.78799104272798,4.779667528211428,0.4956841993796952,173.8381150295258,10.412486273259466,-7.264464389314789e-18,2.489283659885594e-16,6.348204263363184e-16,-8.272994047607897,25.771343246747243,-16.595667864072958,-9.437477529562402,-134.4820563038842,9.343393975257303,1.4685277290642597e-16,-8.235818742788342e-16,1.5502391833746251e-15
225,21.308783149314078,-4.45051489242064,176.20890065934944,37.64405594815474,88.41445787915723,0.9685315015091857,-5.862425047380575,-90.89461244387374,-170.1392666984662,-58.32599229653155,147.84548869783066,15.8940019690349,39.56478923825106,-133.04653626749516,102.57159468189204,-5.116127486748771e-16,5.116699340584821e-16,-4.021330448058809e-16,34.68042071586671,-13.193774433510555,-105.26250262351034,-40.3571336426053,27.02652082290809,19.973236752911085,2.296844114336499e-16,-1.4633194248580557e-15,-3.520874245672677e-15,-13.42957246796749,107.845190362031,4.276015635900276,0.5148887206427485,169.72512090320623,11.243991123365266,-4.425727703931614e-16,-4.722649367425938e-17,-1.3651101373200377e-15,-10.76330792259018,42.730765610529886,-11.429075959641887,-5.0958823647518745,-139.9114601796834,9.626444972633042,-7.621171918456148e-16,2.125732703959356e-15,-1.4261395515941023e-15
226,19.838532270782466,-2.7778575184587333,175.5623725540037,38.36802623639496,86.86318935883612,1.948247236253943,2.0089505615496663,-89.50381012907226,-171.24920256580975,-58.78480863281683,148.11645191121883,15.559994279355905,36.64244884660567,-130.84980005260252,99.54805601250752,-9.667606406289531e-16,-7.549521613146308e-16,-2.4201033316405754e-16,35.68050821829242,-14.24181525908655,-104.89292624228477,-39.211026863877606,26.582871878012103,19.45064454351327,-1.871305505566743e-16,-2.133691196804121e-16,2.250724290745453e-15,-11.962550838722475,105.94062494978965,3.3880698647590215,0.17825093235677297,170.18609831197534,11.395996453341631,1.3912659561823996e-16,-7.217302149061566e-17,1.1922245662809528e-15,-10.328047959528131,55.39577041971603,-7.05161904493951,-2.523658162839918,-147.66419657790962,8.505316801660099,6.719163075061885e-17,6.976728878259687e-16,-2.912608508395385e-15
227,19.315576153791877,-1.763722570053477,175.0159963849544,38.553827565603,85.85767038691075,2.584458523908464,5.307707604197465,-89.19314611690571,-172.05079312892235,-60.54195587629109,147.27101459164342,14.940890461231755,34.96782515775182,-127.00442414120037,96.38043185400768,1.644131612484951e-15,-1.462942088226069e-15,-1.7566140952952565e-15,37.65281500875076,-15.451768719976803,-104.28036288576455,-39.86939509207712,26.611173440236804,18.95953229527847,-3.6006324242335495e-16,4.7676509140994414e-17,1.834609972077249e-15,-11.512538169054286,104.39410528793462,2.932250695702253,0.083138231170993,174.25721745785012,11.04857531642325,-5.393288565560069e-16,-1.2791174111279939e-16,2.3325255247832337e-15,-9.615745464352745,55.69511430344207,-6.501811312036615,-2.1656837885596674,-148.9399690740748,8.000231364143392,2.8977650395219076e-16,3.9208073758830245e-16,-1.965012488705172e-15
228,18.873662897278674,-1.3889991514035758,174.88866382115523,38.98630438107581,85.19823598692456,3.025233998782253,7.4064404131424535,-88.3956489047691,-170.8963171409799,-62.348214638170795,145.04433069957315,12.634885708684354,35.48003295139302,-123.6117733912677,94.38763001553507,6.018350837547798e-16,2.278647125694526e-16,1.580288360388981e-15,38.37295299989051,-15.711981300966926,-104.7066185694019,-40.700292577567495,30.163670359873937,22.827402518408203,-2.8425448995421803e-16,2.7429440263722917e-16,1.046163344953285e-15,-11.031770025137996,103.5172405507781,2.633792558970606,-0.0114364052926036,-179.27640850626887,10.432587929522938,-7.35972400396165e-16,-1.0516141657548973e-15,-1.9689407450326985e-15,-9.604537010997682,56.08989303318277,-6.3995001816651085,-1.9645129949257623,-149.3951162191712,8.207783345584145,3.9378284647070893e-16,9.854375882018645e-16,-8.684171439505787e-16
229,19.479275896615324,-1.2682712964878542,174.86456179988826,38.29403512300216,85.30275049309228,2.914894597667414,8.032978699793006,-88.05437608661929,-169.35362670544208,-62.09585469621608,145.29510042459822,13.527229997982142,36.04058453318731,-123.92388016023027,94.81103722321602,-8.304846621442658e-16,-8.303586723397851e-16,2.798934139561489e-15,39.750863651348915,-16.15862395292512,-104.01188548817166,-42.62226257227437,32.35878358557008,24.596451458839102,-2.425015903288307e-16,1.6742092829005524e-16,-1.508865212715638e-15,-11.747362892690258,103.47944034909577,2.793930792966902,-0.09878881345190386,-177.16375608546767,10.077270705623603,1.6068534667935175e-16,-9.596449264365221e-17,2.7549051315808087e-15,-9.90206496120208,54.660653163115576,-6.952047928575246,-2.4083622163582357,-148.01891828202685,8.22879856513865,-2.058480125549618e-16,9.41000521843813e-16,1.244931305544696e-15
230,20.426185521688314,-1.0220265740685088,175.00673499010037,38.28831150694104,85.25515376805542,2.944141861241735,7.749216021558784,-87.73437140391934,-171.9026580846294,-62.27391389247249,144.3911079428466,12.641086054279576,36.80129776670409,-124.13210947147839,95.08520438950158,1.1883332772542124e-16,1.0840572456838448e-15,2.0811297265158384e-15,38.690874734937644,-15.285245198782503,-104.76978931677775,-43.43947680918845,30.539470787449833,22.410966283374236,-1.5026455917902806e-16,-8.24516466167762e-16,6.0528315886181664e-15,-12.716544541890626,103.28590529569264,2.9754911373743282,0.19162577756314964,175.39351772327993,10.677481700070878,4.666578383579922e-16,-1.071734001817945e-15,5.021867594475949e-16,-10.382669532932203,52.17284468001377,-7.9657378391530465,-3.0001651397794515,-146.34216456349256,8.565265290844787,-1.94112598141744e-16,-8.637284831229397e-16,1.7954476356281424e-15
231,21.32069265409938,-0.9029446901253008,175.1837512114724,38.376850021351764,85.24564444508854,2.9558199894891044,6.694774956258114,-88.36292748104447,-175.3698926605627,-62.92613209875158,143.37906275479006,11.675294986696668,37.75701324041868,-123.70296958815105,95.25850797663801,1.0406613053025506e-16,6.456511377360612e-16,1.2036475738985713e-15,37.41645015434666,-14.347659655286932,-105.64338230020947,-42.81892357814625,29.520660720858835,21.849589744325637,7.664076280806497e-16,1.7676051280733522e-16,-2.405019684295599e-15,-13.66447988226645,103.68592444992093,3.2924027012470303,0.25929674616247034,175.4995526859615,10.757473441887994,6.949398446182455e-16,-1.0446197225413068e-15,1.493668498179731e-16,-10.72657307251146,50.92557708102968,-8.593491851546371,-3.4498871006233487,-145.97901306426718,8.618742029875664,-3.5532181995103673e-16,-1.0074083563538796e-15,2.173378115874627e-15
232,21.98148377389214,-1.5564851944932974,175.62898956455038,38.816107232622294,86.02748908937475,2.4924849377323985,3.5713412292993953,-89.80699104453495,-178.17663179053875,-61.865101124886294,143.93367700177282,11.563219414722928,37.926658224306934,-124.88309198669681,95.72152714636091,7.422508966462452e-17,-4.1675327655918145e-17,-1.274809452255403e-15,36.64581460019349,-13.703923913016796,-106.6612622219607,-44.27001984791433,29.28934585026773,21.119950425586904,1.8117128832267189e-16,6.323817590075237e-16,1.0047655777270825e-16,-14.123594293060835,104.46360383481397,3.60150646064686,0.40793124404892483,173.4053164439236,11.042465496635565,3.700310010713428e-16,-2.2241383978503185e-16,-1.5031964130274106e-15,-11.200303892746373,49.98763396042278,-9.261020329343934,-3.7602316877269333,-145.82125090689897,8.97903616863672,1.31174414965743e-16,1.3462709112933902e-15,1.2087212035987093e-15
233,22.0329725224087,-2.075875226975269,175.8151657928388,39.269170971798765,86.80353695068503,2.024506023986493,1.568917315448923,-90.86960707024024,-176.12452963220525,-61.649880190195205,144.03408879744356,11.180652666945523,37.88375702530068,-125.10065259097583,95.76099413933954,6.118820007562064e-16,3.2789355656139154e-16,1.918860141876338e-15,37.27355217441835,-14.011850610071416,-106.91866072045647,-44.29954676632073,33.3207006110461,25.61951337630437,1.0618365332858961e-16,-7.466192423176134e-16,-6.455313772176709e-16,-13.971130949428003,105.57804600219573,3.8507468453893723,0.3782581953895315,173.37811978138754,11.22714358450203,-3.930951781442149e-16,-2.8389319548770407e-16,-2.1105303478387965e-17,-11.23995086729834,51.290604613330125,-8.878505172940338,-3.51865365964527,-147.20532153382766,8.846921983415212,-9.988405946402457e-16,1.2043755269416213e-15,-1.842286656460583e-15
234,21.903859107666356,-1.5509049930051657,175.6425331009372,39.43804756352337,86.2025835981364,2.414392391615912,1.0264017127346217,-90.82331017477621,-174.11776564286697,-61.938070773553164,144.75910301721655,11.818966339761031,37.528906256937944,-125.0669520335924,96.05345248787425,6.934042597610805e-16,5.25143771601349e-16,-7.446166286867257e-16,39.52855223512198,-15.04842660650098,-106.59962074977763,-45.85722853996368,35.186339547338946,27.029105085192725,-4.6240362330055125e-16,-1.2783271427659236e-15,-8.148280856270869e-17,-13.776998290810118,104.93369253469506,3.6342643163809027,0.4034175168088346,172.12332436339975,11.325855612387874,-4.61143454128652e-16,-2.380327337911778e-16,-2.2414460144746412e-15,-10.832971931136475,51.2847926181195,-8.567493409544277,-3.2662079622123796,-147.6669944460889,8.636201317600136,-2.404300763509285e-17,-1.3431219515602557e-15,-9.287087795772302e-16
235,21.469085948830454,-1.156868347560109,175.51224589744427,39.953310202383285,85.57304066479897,2.846157470553695,-0.4574978948229352,-90.97784381470248,-174.41464449039535,-64.073098534233,143.1338468460439,10.140382733447412,38.122743305192365,-122.34507412703128,95.09285437283134,-1.5091115002274117e-15,6.782250727151739e-16,-1.4490183328428265e-15,37.85894092092797,-14.390720059531974,-107.34878777911389,-42.78454817104332,33.86321248335125,26.92144842025937,-5.343803282409037e-17,1.0530931088742536e-15,1.1004700506755488e-15,-13.40718800174207,104.69074143055705,3.47872351087484,0.27321239751186444,173.96607329796043,11.260180068973678,2.270026689349338e-17,-2.507516526850075e-16,-7.356462559296512e-16,-10.556792081451752,52.996421600338174,-7.861498473054462,-3.063793607802539,-149.16163625977796,8.020058106606124,2.355254745872198e-16,1.300022135330947e-15,-2.945672196303043e-15
236,21.615094674041373,-1.026268930129055,175.48664542041786,39.439016637426114,85.39349444088182,2.930077493311343,-3.2427530150128234,-91.4605650515859,-175.0971512876562,-63.60222367191551,144.73538522228372,12.181491240861243,37.981246087760205,-123.38526706493639,96.0844873895815,1.3889110907563525e-15,7.49129328135705e-16,-2.430719378627633e-15,38.06724630741382,-14.206137635424152,-107.20831505913037,-42.613948261992014,33.25016794856589,26.680526885181305,-3.04613486854475e-16,-4.4319419857935996e-16,2.085408198867046e-15,-13.862077509608358,104.83440773917198,3.6308451283795495,0.329748422679033,173.49717427340073,11.43025612199058,-3.6020010478986584e-16,-3.8549898196229356e-16,9.178729758268555e-16,-10.611784240975187,52.6968860879652,-7.986647725680891,-3.2095411050162688,-148.27895007866056,8.078266167546422,-3.3389187319322396e-18,9.390454328259474e-17,-1.4148732040659762e-16
237,21.608685915420494,-1.4103430033214928,175.62046657572543,39.13318524443497,86.00946479198711,2.5209794111532466,-3.8458516183454656,-91.68516492989039,-178.1270529077452,-63.44718610628286,144.86819068285723,12.60972764741767,38.018219211362876,-123.59211460801787,96.20495079146939,1.4959474190204912e-15,-3.906212405999818e-16,-3.761604526050556e-16,35.145768787296355,-13.309617236766165,-106.86105018969029,-41.07137151946119,32.13581319576817,25.606998195642387,4.100619420624154e-16,-2.3588918523283073e-17,-1.0862519128481033e-15,-14.025468196928367,105.49942538341415,3.844944922129237,0.427877189129078,171.73278163072834,11.59057966071733,-2.4878092482123737e-16,-4.746763638376527e-16,2.745968681399217e-16,-10.849488436224288,54.54757297374785,-7.633704466532943,-3.128528228280142,-149.05385426154277,8.03863247675067,2.7978636971406935e-16,-1.5663312745603227e-16,3.292636195842159e-15
238,21.696767557365696,-0.76987673816275,175.39825918079683,38.921188894091124,85.37847240563282,2.90729404224887,-2.1170515509149013,-91.14574783449862,-178.11763153239662,-64.05703640438676,144.30657552297035,12.366062017899495,38.038744443465546,-123.13453583515648,96.064561082962,1.4080624702241574e-15,5.889074069692708e-17,-1.93558255255137e-15,35.140445166549995,-13.468813982244658,-106.41995451012585,-41.558133727553496,31.617701273566574,24.552098615462096,6.039055192403159e-16,-8.228950495795996e-16,-2.4447255027294294e-15,-14.37186126561354,105.33791006964685,3.894702295162131,0.540535900353404,169.4187842160594,11.988425100361216,-2.8215728929625933e-16,-1.688004956328121e-16,1.23076365599884e-16,-10.759312838452582,55.26247779350623,-7.375745896221807,-3.0587146548614017,-149.62900462629656,7.817411460103137,-5.278065490215107e-16,-1.7375389387542065e-17,-2.353570657894144e-15
239,21.645609230421353,-0.1270024747611539,175.1731321998601,39.136690526797224,84.4602796519922,3.5030846887114384,0.30985575661147685,-90.96313018408854,-178.68039444527474,-65.83258056718842,142.5808096976936,10.749130946776901,38.32955579554967,-120.75755411707445,95.00610221400035,-9.064113938388543e-16,1.7139199783795214e-15,-5.642720812248985e-16,34.68039094971851,-13.47870232441463,-106.42521813304897,-40.96136905813284,31.295882065895064,24.22395484545393,-1.5634225691003909e-16,-2.056990830651607e-16,1.7390502614199868e-15,-14.317359614731314,104.71949840919741,3.717051524487271,0.4924859731856354,170.50995385047514,11.838736776946133,2.968260323973561e-16,-3.884858542852234e-16,-3.758260155003768e-16,-10.766099381595982,55.61089932145733,-7.285881228432903,-3.177908900599874,-150.63392215325663,7.3489521103521955,-1.0250324689882348e-15,-3.4086557264054337e-16,-2.5215547318656865e-15
240,21.800975718901178,0.12946479643069767,175.06601957863012,39.670510698604126,84.33982012800332,3.620273631337895,-0.47234953342472835,-91.69289931368023,-176.63101017500594,-66.32884510945794,140.83642609474674,8.543613779774162,38.711872643335255,-120.22093066985317,94.54214239522001,-1.2681119642140958e-15,9.121381760012278e-16,3.385119005069909e-16,35.99004467812389,-14.008516517825004,-106.804413997527,-41.78788508115882,32.28931728279501,25.0464012628046,-6.108779706785958e-16,-1.6320281378391248e-15,1.9868649839904022e-16,-14.51595024245992,105.03010234077554,3.8503424552930348,0.5147090594297538,170.1514398219577,12.045126276958191,-2.844732736108703e-17,-1.6369268308570143e-16,-1.6583824797996716e-15,-11.008974686784684,55.695588020031565,-7.423110678224026,-3.2865149105249922,-151.1559743533097,7.309543277352843,-1.5479683973683447e-16,2.662688630862172e-17,9.9915940477536e-16
241,22.02338579024927,0.00039039835008242445,175.09403643172496,39.69990934588458,84.88758939218656,3.2707739599540058,-2.3151597515070215,-92.577396906906,-176.4380382519377,-66.9049546869356,138.77049512752887,6.575479594140386,39.353913001785564,-119.63077296801397,94.13491898253602,9.073821278406166e-17,8.255465490743314e-16,1.7445144193131043e-15,38.08109224491788,-14.806591751752158,-106.61346098297402,-42.27671670399683,34.918708308162955,27.99732358198705,6.268274161753294e-16,-1.1702027218883e-15,-5.659686636756328e-15,-14.687448620848622,105.14154848592051,3.9248702543415033,0.5151901692872191,170.9534203741167,11.959388468277286,4.449215420565096e-17,-3.5400537727773386e-16,3.70308460395803e-16,-11.177809733573136,55.277027504156756,-7.651654373931418,-3.4461150764719535,-150.80699260872828,7.377818915077647,2.898508566274679e-16,-3.8852224428957607e-16,-9.518474155009925e-16
242,22.2198742171148,-0.5193812967542604,175.28039290800098,39.409808843195705,85.59535051918552,2.799639548084214,-1.9123352336686184,-91.75466266660784,-175.8119546149116,-65.44758000909492,140.92201992838463,8.749765300044437,39.043703838931464,-121.703744770028,95.19581420454664,-4.568205370652774e-16,-4.927936266836011e-16,1.4754345202263889e-15,38.66123244894808,-14.8888049681424,-106.43899804949886,-42.92076072832085,35.58756601861384,28.614690786958867,-4.742255455065056e-16,1.1731934302018687e-15,-2.3923298552701396e-16,-14.8977920189572,105.68294014850527,4.128661023999886,0.6259092665971422,169.26834287443438,12.148000198242375,-1.3139340537978064e-16,5.211827098725126e-16,6.357434213788775e-16,-11.4440894109393,55.30891540548084,-7.820137468600227,-3.420776857023817,-150.36240089601284,7.8443073163438095,4.680668748147282e-16,2.8780929004897294e-16,2.9710408294746093e-15
